type,start_time,ambient_temp_c,battery_id,test_id,uid,filename,capacity_ahr,electrolyte_resistance_re,charge_transfer_resistance_rct,cycle_index,soh_percentage,rul_cycles,rest_time_hours,cumulative_time_hours,long_rest_flag,total_internal_resistance,resistance_growth_ratio,capacity_decay_rate_5c,capacity_ema_5,capacity_rolling_std_5
discharge,2008-04-02 15:25:41.593000,0.6159885827138503,B0006,1,4506,04506.csv,2.035337591005598,-2.9718673543855942,-2.5541708922443727,-1.2546649079372523,100.0,101,-0.3352760930883402,-1.2173607181576145,-6.841052550594827,-3.0749766758377546,-0.030333213381682968,0.030052390418546782,1.6999335523636652,-0.3921908713000117
discharge,2008-04-02 19:43:48.405999,0.6159885827138503,B0006,3,4508,04508.csv,2.025140246031412,-2.9718673543855942,-2.5541708922443727,-1.2322530008820192,99.49898508143076,100,-0.17328056653479865,-1.2061783567477042,0.14617633655117152,-3.0749766758377546,-0.030333213381682968,0.030052390418546782,1.6921532679125604,-0.33057642451021585
discharge,2008-04-03 00:01:06.687000,0.6159885827138503,B0006,5,4510,04510.csv,2.013326371345464,-2.9718673543855942,-2.5541708922443727,-1.209841093826786,98.91854698908898,99,-0.17378822208479547,-1.1950310382056593,0.14617633655117152,-3.0749766758377546,-0.030333213381682968,0.030052390418546782,1.6779527609253881,-0.29806378756444774
discharge,2008-04-03 04:16:37.375000,0.6159885827138503,B0006,7,4512,04512.csv,2.0132846655407413,-2.9718673543855942,-2.5541708922443727,-1.187429186771553,98.91649790372313,98,-0.17491366893119287,-1.1839614079408887,0.14617633655117152,-3.0749766758377546,-0.030333213381682968,0.030052390418546782,1.668453935923368,-0.3013922825125381
discharge,2008-04-03 08:33:25.702999,0.6159885827138503,B0006,9,4514,04514.csv,2.000528337624771,-2.9718673543855942,-2.5541708922443727,-1.1650172797163199,98.28975529491258,97,-0.17410153718268956,-1.1728357171729829,0.14617633655117152,-3.0749766758377546,-0.030333213381682968,0.030052390418546782,1.6523886702015005,-0.2791696732656236
discharge,2008-04-03 12:55:10.686999,0.6159885827138503,B0006,11,4516,04516.csv,2.0138990759931645,-2.9718673543855942,-2.5541708922443727,-1.1426053726610867,98.9466850557287,96,-0.17099844908506961,-1.161495823869164,0.14617633655117152,-3.0749766758377546,-0.030333213381682968,-0.07030603702997963,1.651879986490435,-0.31774095761244936
discharge,2008-04-03 17:17:16.015000,0.6159885827138503,B0006,13,4518,04518.csv,2.013101105626967,-2.9718673543855942,-2.5541708922443727,-1.1201934656058536,98.907479256665,95,-0.17078564628604226,-1.15014124103744,0.14617633655117152,-3.0749766758377546,-0.030333213381682968,-0.026305486893450053,1.65093203530183,-0.34292584661721726
discharge,2008-04-03 21:28:14.718000,0.6159885827138503,B0006,15,4520,04520.csv,1.96878982627284,-2.9718673543855942,-2.5541708922443727,-1.0977815585506205,96.73038197560736,94,-0.17775869284234297,-1.1392679994401291,0.14617633655117152,-3.0749766758377546,-0.030333213381682968,-0.17843302122898366,1.616491820829422,-0.226871899987266
discharge,2008-04-04 01:38:15.217999,0.6159885827138503,B0006,17,4522,04522.csv,1.9681661764334244,-2.9718673543855942,-2.5541708922443727,-1.0753696514953874,96.69974087497759,93,-0.1783675092459891,-1.1284367837258948,0.14617633655117152,-3.0749766758377546,-0.030333213381682968,-0.18115722988573865,1.593055850741759,-0.19638708073878197
discharge,2008-04-04 05:48:08.609000,0.6159885827138503,B0006,19,4524,04524.csv,1.9572307917560536,-2.9718673543855942,-2.5541708922443727,-1.0529577444401543,96.16246466459876,92,-0.1784418709545183,-1.117610701113281,0.14617633655117152,-3.0749766758377546,-0.030333213381682968,-0.1726329920925474,1.5690884829105605,-0.16056087257574658
discharge,2008-04-04 09:57:19.765000,0.6159885827138503,B0006,21,4526,04526.csv,1.9455991514129352,-2.9718673543855942,-2.5541708922443727,-1.0305458373849212,95.59098009149795,91,-0.17888365850799529,-1.1068151145779013,0.14617633655117152,-3.0749766758377546,-0.030333213381682968,-0.28967465325726144,1.5442356266285973,-0.17352817046032715
discharge,2008-04-04 17:56:27.609000,0.6159885827138503,B0006,24,4529,04529.csv,1.934750504484113,-2.9718673543855942,-2.5541708922443727,-1.0081339303296881,95.05796547137972,90,-0.03456721732676294,-1.0860575331836868,0.14617633655117152,-3.0749766758377546,-0.030333213381682968,-0.33672409180437124,1.519389846438632,-0.2663983932357492
discharge,2008-04-04 22:01:54.670999,0.6159885827138503,B0006,26,4531,04531.csv,1.9232799539368028,-2.9718673543855942,-2.5541708922443727,-0.9857220232744549,94.49439554578115,89,-0.18122773186200486,-1.0754237552857029,0.14617633655117152,-3.0749766758377546,-0.030333213381682968,-0.1829893812890108,1.4940742888542216,-0.2405211273451911
discharge,2008-04-05 02:20:26.702999,0.6159885827138503,B0006,28,4533,04533.csv,1.911889930948487,-2.9718673543855942,-2.5541708922443727,-0.9633101162192218,93.93478209204011,88,-0.17301677014580544,-1.0642231843201146,0.14617633655117152,-3.0749766758377546,-0.030333213381682968,-0.2333891537509107,1.4685069865794504,-0.23951098338621196
discharge,2008-04-05 06:25:01.889999,0.6159885827138503,B0006,30,4535,04535.csv,1.9010667141979305,-2.9718673543855942,-2.5541708922443727,-0.9408982091639887,93.40301690486008,87,-0.18177035594989902,-1.0536268631271997,0.14617633655117152,-3.0749766758377546,-0.030333213381682968,-0.23286407089238623,1.4432043115643476,-0.24096221037961424
discharge,2008-04-05 10:30:32.311999,0.6159885827138503,B0006,32,4537,04537.csv,1.8891989948061456,-2.9718673543855942,-2.5541708922443727,-0.9184863021087556,92.81993331989462,86,-0.18119258550030667,-1.0429906591170441,0.14617633655117152,-3.0749766758377546,-0.030333213381682968,-0.2339692091010711,1.417281128887323,-0.23908024630333843
discharge,2008-04-05 14:34:41.468000,0.6159885827138503,B0006,34,4539,04539.csv,1.878278372248849,-2.9718673543855942,-2.5541708922443727,-0.8960743950535225,92.2833824005014,85,-0.18204264601952097,-1.0324131337886298,0.14617633655117152,-3.0749766758377546,-0.030333213381682968,-0.23430614292713692,1.3916668824080247,-0.23992031457877916
discharge,2008-04-05 18:39:25.217999,0.6159885827138503,B0006,36,4541,04541.csv,1.8675697161520208,-2.9718673543855942,-2.5541708922443727,-0.8736624879982893,91.75724579573613,84,-0.1816807850658203,-1.0218106296225247,0.14617633655117152,-3.0749766758377546,-0.030333213381682968,-0.23073954659862356,1.3664203177800496,-0.2416199022664514
discharge,2008-04-05 22:46:35.484000,0.6159885827138503,B0006,38,4543,04543.csv,1.8675892574453767,-2.9718673543855942,-2.5541708922443727,-0.8512505809430562,91.75820589657847,83,-0.18014819492645187,-1.011102332554626,0.14617633655117152,-3.0749766758377546,-0.030333213381682968,-0.17732885427607306,1.3496041841462851,-0.2685699658248909
discharge,2008-04-18 21:10:19.795999,0.6159885827138503,B0006,41,4546,04546.csv,1.979626548250818,-0.7493539541484113,-1.1083559445196915,-0.8288386738878231,97.26281070025072,82,11.353232047204656,-0.20425830946220558,0.14617633655117152,-1.1269001818972069,-0.030333213381682968,0.3978083381412558,1.4238746976624101,0.012414412257789298
discharge,2008-04-19 02:29:09.000000,0.6159885827138503,B0006,45,4550,04550.csv,1.9575499080884025,-0.7712647263137851,-1.1178812315103188,-0.80642676683259,96.17814345585968,81,-0.13518034227813772,-0.19044593420869824,0.14617633655117152,-1.1425254822541777,-0.38139308221739715,0.3500181234788647,1.4565445242180117,0.0702260607712048
discharge,2008-04-19 07:47:15.702999,0.6159885827138503,B0006,49,4554,04554.csv,1.9458150170787551,-0.7629183147412055,-1.1109172259334088,-0.7840148597773569,95.6015859814876,80,-0.13562491226154794,-0.17666424710030365,0.14617633655117152,-1.1340479678102309,0.16167456483347567,0.34620635287108403,1.4693710202026222,0.05716536134269204
discharge,2008-04-19 13:01:42.561999,0.6159885827138503,B0006,53,4558,04558.csv,1.9242461121680092,-0.7917865546989221,-1.1170189867770615,-0.7616029527221237,94.54186473396278,79,-0.13792452964441046,-0.16304129988569976,0.14617633655117152,-1.149752866921079,-0.38448088034006356,0.2953671276713719,1.4614655559732765,-0.027729202605666126
discharge,2008-04-19 18:27:29.827999,0.6159885827138503,B0006,57,4562,04562.csv,1.945981133142164,-0.825657649224934,-1.1191401041640034,-0.7391910456668906,95.60974757905957,78,-0.1308073202971527,-0.14892706004811893,0.14617633655117152,-1.1643650074264031,-0.3625269453614758,0.397022087951572,1.4727784498755498,-0.21971848980323022
discharge,2008-04-19 23:41:55.686999,0.6159885827138503,B0006,61,4566,04566.csv,1.901407930553079,-0.7724598662545059,-1.0928877177828358,-0.7167791386116575,93.41978151219875,77,-0.13793498986799319,-0.13530483489049405,0.14617633655117152,-1.124061400079266,0.8929401608566853,-0.33610624812474504,1.4463122921448412,-0.20159203872178025
discharge,2008-04-20 04:54:41.734000,0.6159885827138503,B0006,65,4570,04570.csv,1.878674213680085,-0.7783208371567208,-1.090821069807943,-0.6943672315564244,92.3028308415357,76,-0.13897904569377287,-0.12175467968334491,0.14617633655117152,-1.1247472685818651,-0.04572047251615895,-0.3391821694443179,1.4113230070103109,-0.1427002864384966
discharge,2008-04-20 10:16:28.859000,0.6159885827138503,B0006,69,4574,04574.csv,1.8683061328264217,-0.7984009956754891,-1.105214679382214,-0.6719553245011913,91.79342734506018,75,-0.1333192488485342,-0.10781383533078161,0.14617633655117152,-1.1433555172611924,-0.4479506453429037,-0.33278382899043474,1.3800862658450488,-0.11881520035293225
discharge,2008-04-20 15:37:05.280999,0.6159885827138503,B0006,73,4578,04578.csv,1.8560244070083,-0.7728145736385902,-1.0834348142975352,-0.6495434174459581,91.19000283836428,74,-0.1340588180469645,-0.0939240425735334,0.14617633655117152,-1.117040653955775,0.5659299535599267,-0.28930849086052873,1.3498911639288846,-0.08956038127588214
discharge,2008-04-20 20:50:38.920999,0.6159885827138503,B0006,77,4582,04582.csv,1.8451997961855775,-0.7611582099792902,-1.0861272852286916,-0.627131510390725,90.65816915777204,73,-0.13848121228326,-0.0803395225093001,0.14617633655117152,-1.114603225768825,0.02415369299649541,-0.44172732413991167,1.3215022255154043,-0.20719149826767622
discharge,2008-04-21 02:15:02.920999,0.6159885827138503,B0006,81,4586,04586.csv,1.857228890885317,-0.7807292899309166,-1.0788377332912602,-0.6047196033354919,91.24918141799353,72,-0.1316783012739927,-0.06628540546814085,0.14617633655117152,-1.1165993099178781,-0.07489872039730434,-0.17675945940739954,1.3117541240144253,-0.2829000909561811
discharge,2008-04-22 15:33:49.875000,0.6159885827138503,B0006,85,4590,04590.csv,1.9247760889090637,-0.7182174833620439,-1.0512628330956997,-0.5823076962802588,94.56790349742869,71,1.0698138789498344,0.030706309149228526,0.14617633655117152,-1.0717179008679723,0.9727314244027672,0.24586545852168679,1.356791982374936,-0.12277742834346834
discharge,2008-04-22 20:26:18.920999,0.6159885827138503,B0006,89,4594,04594.csv,1.8822317526092551,-0.7099208414036514,-1.0776113096403142,-0.5598957892250257,92.47761948322794,70,-0.15170914827510498,0.043377720289314636,0.14617633655117152,-1.0884809326389373,-0.3965804295599246,0.09524129467990698,1.3543571016102123,-0.11943045668740648
discharge,2008-04-23 01:18:11.795999,0.6159885827138503,B0006,93,4598,04598.csv,1.855276687885587,-0.7254847289283413,-1.0592699169078283,-0.5374838821697926,91.15326597829659,69,-0.15208750501185586,0.0560230139071318,0.14617633655117152,-1.0805707568107759,0.14395070534408577,0.02655215193257203,1.3321678993286232,-0.1185627971844467
discharge,2008-04-23 06:18:19.920999,0.6159885827138503,B0006,97,4602,04602.csv,1.839250891718188,-0.7318292827530865,-1.053865349905179,-0.5150719751145595,90.36588818710268,68,-0.14690707928250651,0.06902590624384704,0.14617633655117152,-1.078915122874025,0.0060004830593620275,0.0022042536869459647,1.3051478707152733,-0.10685873331994009
discharge,2008-04-23 11:08:00.312000,0.6159885827138503,B0006,101,4606,04606.csv,1.8185396073994429,-0.7215807131809718,-1.055964662350752,-0.49266006805932633,89.34830346748316,67,-0.15347331726253066,0.08157553886556748,0.14617633655117152,-1.0765691852644943,0.021106832373198194,-0.151060697288354,1.2713323968958028,-0.04035523918001063
discharge,2008-04-23 16:06:25.170999,0.6159885827138503,B0006,105,4610,04610.csv,1.8134770059567056,-0.703241398230996,-1.0503752358026675,-0.4702481610040932,89.09956824708976,66,-0.14798726474146143,0.09450386726555728,0.14617633655117152,-1.0652951990754194,0.2165845119888757,-0.49096321794256137,1.244926126639131,-0.15178728581365933
discharge,2008-04-23 21:02:58.295999,0.6159885827138503,B0006,109,4614,04614.csv,1.7971018450305436,-0.7210325742435464,-1.057281031857036,-0.4478362539488601,88.29502550201761,65,-0.14915602735279448,0.10735151735176654,0.14617633655117152,-1.0773553499362727,-0.29298740065449097,-0.3684595236987794,1.214828163992217,-0.1977002754928057
discharge,2008-04-24 01:51:33.890000,0.6159885827138503,B0006,113,4618,04618.csv,1.7810046294120476,-0.727699893766226,-1.0593381429891264,-0.425424346893627,87.50413873759919,64,-0.15415110837002108,0.11985436284741245,0.14617633655117152,-1.0814730160425345,-0.12055195803570473,-0.317631532066127,1.1824811374568938,-0.20363706356959999
discharge,2008-04-24 06:50:00.031000,0.6159885827138503,B0006,117,4622,04622.csv,1.7710130422682329,-0.6915220375667496,-1.017602387886509,-0.4030124398383939,87.01323309187394,63,-0.1479738547243681,0.13278361692517152,0.14617633655117152,-1.035982196924196,0.9684368983525349,-0.2893840658516333,1.1532931560267368,-0.21792564304496437
discharge,2008-04-24 11:49:24.280999,0.6159885827138503,B0006,121,4626,04626.csv,1.7604712448170945,-0.6671593349878027,-1.0105463404714439,-0.38060053278316075,86.4952945691579,62,-0.14736602160265924,0.14575482901120665,0.14617633655117152,-1.0212848789196223,0.28515334412785953,-0.24177845000559378,1.125791409836787,-0.21244641768920142
discharge,2008-04-24 16:45:56.015000,0.6159885827138503,B0006,125,4630,04630.csv,1.7502913788006589,-0.7598234464114971,-1.0443988380436386,-0.35818862572792765,85.99513842496731,61,-0.14917057751333782,0.15860147471688021,0.14617633655117152,-1.0824973856574955,-1.3348921806843292,-0.2657334965727919,1.0996899638738025,-0.237179540034075
discharge,2008-04-24 21:38:11.077999,0.6159885827138503,B0006,129,4634,04634.csv,1.7394925037732578,-0.6519367749136953,-1.041641054372444,-0.33577671867269454,85.46456919285944,60,-0.15185541358146235,0.17126278933422753,0.14617633655117152,-1.0389818734291076,0.9255593919709355,-0.23962966972291547,1.0740497651096392,-0.2520113791706878
discharge,2008-04-25 12:03:44.093000,0.6159885827138503,B0006,133,4638,04638.csv,1.7546766553637203,-0.7129475864032321,-1.0396257465457734,-0.31336481161746144,86.21059538809914,59,0.20795485514763312,0.20876138526128968,0.14617633655117152,-1.0608836739674594,-0.501160877501324,-0.09319467552157823,1.0685413754628308,-0.2920896068496464
discharge,2008-04-25 20:03:55.920999,0.6159885827138503,B0006,135,4640,04640.csv,1.7659390941842177,-0.7129475864032321,-1.0396257465457734,-0.29095290456222833,86.76394038945261,58,-0.033897930391505494,0.22956516674853267,0.14617633655117152,-1.0608836739674594,-0.030333213381682968,0.00630011791404241,1.0734620364887972,-0.30579088406991756
discharge,2008-04-26 01:04:35.718000,0.6159885827138503,B0006,139,4644,04644.csv,1.7337887419624838,-0.7204091020215615,-1.0227530516026344,-0.26854099750699517,85.18433254632082,57,-0.1465757830707339,0.24259092807461183,0.14617633655117152,-1.050974233000972,0.18500864283508275,-0.09485430322728311,1.0522126720007883,-0.28389641459478193
discharge,2008-04-26 05:57:35.140000,0.6159885827138503,B0006,143,4648,04648.csv,1.713325912040734,-0.703153205898387,-1.0029327844091325,-0.2461290904517621,84.17895486292434,56,-0.15139140851309563,0.2552842724182172,0.14617633655117152,-1.0293418637646476,0.4374577982545431,-0.14299113016929746,1.0224338712431265,-0.21979463401667887
discharge,2008-04-26 10:58:25.843000,0.6159885827138503,B0006,147,4652,04652.csv,1.7024077813673466,-0.6992027013763928,-1.0083872028400875,-0.22371718339652896,83.64252637451848,55,-0.14646170388280083,0.2683179084969885,0.14617633655117152,-1.03195453526386,-0.0862336911743233,-0.14354939220790452,0.9942511139466841,-0.16317788539537353
discharge,2008-04-29 12:15:56.953000,0.6159885827138503,B0006,149,4654,04654.csv,1.82371946178183,-0.6992027013763928,-1.0083872028400875,-0.20130527634129586,89.60279954741002,54,2.424665510064378,0.45883344391518627,0.14617633655117152,-1.03195453526386,-0.030333213381682968,0.3532570281808158,1.0680199740882357,0.02507174611285203
discharge,2008-04-29 17:05:27.780999,0.6159885827138503,B0006,153,4658,04658.csv,1.8081284050314708,-0.6281674024135112,-1.075207162270857,-0.17889336928606273,88.83678132914206,53,-0.15357334840157277,0.47137617150457134,0.14617633655117152,-1.0552680994880423,-0.5297859754455375,0.2275498798347589,1.105303680912111,0.08528600976193561
discharge,2008-04-29 22:00:04.750000,0.6159885827138503,B0006,157,4662,04662.csv,1.7757610945034283,-0.6603363774011183,-1.03799763743222,-0.15648146223082962,87.246513912519,52,-0.15037104507281038,0.48413995034103857,0.14617633655117152,-1.0394487564442119,0.31248078872458845,0.22653425004741634,1.1054641472666729,0.07605628978505884
discharge,2008-04-30 02:43:55.311999,0.6159885827138503,B0006,161,4666,04666.csv,1.7447409841836798,-0.6884314144342162,-1.0420956334566445,-0.13406955517559652,85.72243699983238,51,-0.15713260683917557,0.4964369864903743,0.14617633655117152,-1.0533396686006449,-0.3290175988900321,0.17711328696943096,1.0819036621190492,0.02587872261371233
discharge,2008-04-30 07:41:42.578000,0.6159885827138503,B0006,165,4670,04670.csv,1.729207034132373,-0.6610168028629643,-1.0268435523549502,-0.11165764812036338,84.95922454210778,50,-0.14838049590568672,0.5093381706037929,0.14617633655117152,-1.0312650903234746,0.4475789174509801,0.15550561620092102,1.0543447095387934,-0.04837769994998843
discharge,2008-04-30 12:28:49.265000,0.6159885827138503,B0006,169,4674,04674.csv,1.7081086552553244,-0.6291326084066763,-1.009613129662759,-0.08924574106513028,83.92262113192731,49,-0.1550810954785515,0.521776820178876,0.14617633655117152,-1.0059763955231376,0.5112505380670793,-0.5111473490376125,1.0198746109262782,-0.05559670757878911
discharge,2008-04-30 17:20:16.140000,0.6159885827138503,B0006,173,4678,04678.csv,1.6975954237461768,-0.6337988330232212,-1.0203779057995541,-0.06683383400989716,83.40608610817466,48,-0.15235947082500695,0.5344033403152367,0.14617633655117152,-1.015918376723801,-0.24064867716647614,-0.4873769267032819,0.9888732482834411,-0.12759230597990895
discharge,2008-04-30 22:14:54.061999,0.6159885827138503,B0006,177,4682,04682.csv,1.6820634524029463,-0.6063476442276704,-0.9934879973054427,-0.04442192695466404,82.64297086813447,47,-0.15036107650065647,0.5471678072705609,0.14617633655117152,-0.9850185601342032,0.6264863449110899,-0.4085669827696463,0.9563552204044131,-0.1791529471677414
discharge,2008-05-01 03:15:33.140000,0.6159885827138503,B0006,181,4686,04686.csv,1.6714768322295086,-0.6636392424118934,-1.0044709580267994,-0.022010019899430928,82.1228301199745,46,-0.1465833039714899,0.5601930494376722,0.14617633655117152,-1.0153334205821358,-0.6651915234076446,-0.31291329886572816,0.9265992447851017,-0.199540218218042
discharge,2008-05-01 08:16:03.343000,0.6159885827138503,B0006,185,4690,04690.csv,1.6607591387047655,-0.6022881324759272,-0.9701304505396771,0.00040188715580218915,81.59624948921793,45,-0.14667613846624689,0.573211883348372,0.14617633655117152,-0.9657753550174376,1.0227947870090206,-0.29036733750066573,0.8985846320964235,-0.22856084859720333
discharge,2008-05-01 13:14:24.875000,0.6159885827138503,B0006,189,4694,04694.csv,1.651121015038069,-0.5569734558619566,-0.9572850415153484,0.022813794211035306,81.12271017518528,44,-0.14802206589486094,0.5861378094655145,0.14617633655117152,-0.9386494381781817,0.532558958962316,-0.23671934973646191,0.8725546091531757,-0.23713193267336344
discharge,2008-05-01 18:11:10.984000,0.6159885827138503,B0006,193,4698,04698.csv,1.640134925619093,-0.563972609763473,-0.9488657724165636,0.04522570126626842,80.58294274458679,43,-0.14902021180979624,0.5989948347395403,0.14617633655117152,-0.9349626838323232,0.045199526941130504,-0.23893290213080767,0.8468191864745509,-0.25136892778038916
discharge,2008-05-01 23:10:15.265000,0.6159885827138503,B0006,197,4702,04702.csv,1.629199941616544,-0.5796219698778501,-0.9502876655361742,0.06763760832150154,80.04568622012263,42,-0.14757490179692262,0.6119516280704821,0.14617633655117152,-0.9420484416626714,-0.17525327514890132,-0.21741338829115903,0.8213191559528812,-0.250052387675496
discharge,2008-05-02 03:53:34.765000,0.6159885827138503,B0006,201,4706,04706.csv,1.6088496302961666,-0.5743128460023718,-0.9422889835172271,0.09004951537673465,79.04583678923177,41,-0.15745752229364227,0.6242262356866549,0.14617633655117152,-0.9339538486423882,0.1357698312382746,-0.2631193846734495,0.7887924263350031,-0.22012687115838614
discharge,2008-05-02 08:44:40.859000,0.6159885827138503,B0006,205,4710,04710.csv,1.6035244898969248,-0.5798840008346572,-0.9304021140380662,0.11246142243196777,78.78420253146665,40,-0.15257684473127975,0.6368377507569329,0.14617633655117152,-0.9270933770017198,0.10991311285697568,-0.2378756515466879,0.7630450091157952,-0.2192326612837585
discharge,2008-05-02 13:43:05.092999,0.6159885827138503,B0006,209,4714,04714.csv,1.5989712144027983,-0.5069668190203533,-0.9284415394078633,0.13487332948720088,78.56049146190021,39,-0.1479938023812006,0.6497656278713108,0.14617633655117152,-0.8976094264527296,0.5704721638909883,-0.21407235331835045,0.7424060444852597,-0.24093128623453033
discharge,2008-05-02 19:07:48.359000,0.6159885827138503,B0006,213,4718,04718.csv,1.5876273123575604,-0.5493582361546923,-0.9235709714760078,0.157285236542434,78.0031440176547,38,-0.1314767745959875,0.6638336560629516,0.14617633655117152,-0.9101997756920676,-0.2834173409294045,-0.2157473533112153,0.7199916598154175,-0.2612842050703466
discharge,2008-05-02 23:24:17.687000,0.6159885827138503,B0006,215,4720,04720.csv,1.5829719744686166,-0.5493582361546923,-0.9235709714760078,0.1796971435976671,77.77441842886215,37,-0.1743002814203013,0.6749456277489766,0.14617633655117152,-0.9101997756920676,-0.030333213381682968,-0.18635094182799594,0.7014968461773832,-0.29960168758618316
discharge,2008-05-03 04:13:08.609000,0.6159885827138503,B0006,219,4724,04724.csv,1.567137636713563,-0.5613647753803317,-0.9065699051465498,0.20210905065290022,76.99644735295674,36,-0.15399077407340517,0.6874595409332758,0.14617633655117152,-0.9019383923461642,0.13669831220936193,-0.16521067137772644,0.6770858206546075,-0.2696946015404465
discharge,2008-05-03 09:10:19.812000,0.6159885827138503,B0006,223,4728,04728.csv,1.5613446139713882,-0.5448244956028363,-0.9009189875016561,0.22452095770813335,76.71182514739364,35,-0.14875772295921105,0.7003346855051352,0.14617633655117152,-0.8913086641619543,0.18376527430346148,-0.1674009320436564,0.6563918918996584,-0.26122540519105425
discharge,2008-05-03 14:04:34.186999,0.6159885827138503,B0006,227,4732,04732.csv,1.551171189279042,-0.51959127541759,-0.8802536143243496,0.24693286476336646,76.2119854776846,34,-0.15060738338535912,0.7130821501847725,0.14617633655117152,-0.8659732276988056,0.4774760234160415,-0.19371009269365083,0.6348339054405868,-0.2628386802248732
discharge,2008-05-03 18:58:13.468000,0.6159885827138503,B0006,231,4736,04736.csv,1.5406741606295171,-0.5154075325690926,-0.8794738262660089,0.26934477181859956,75.69624653118686,33,-0.15097447445085116,0.7258042749982297,0.14617633655117152,-0.8637763161201821,0.013195416956742763,-0.1897456911391375,0.6124529798881903,-0.2550897969994638
discharge,2008-05-03 23:42:30.092999,0.6159885827138503,B0006,235,4740,04740.csv,1.5253138744624433,-0.5047537769130673,-0.8546424830383242,0.29175667887383266,74.94156650980108,32,-0.15685998203193877,0.7381201301186116,0.14617633655117152,-0.8408851425555661,0.42277170865427954,-0.23985792020387806,0.5858129009803166,-0.24943956172281914
discharge,2008-05-04 04:41:40.000000,0.6159885827138503,B0006,239,4744,04744.csv,1.5301570318067428,-0.4916563410619426,-0.8603015578538044,0.3141685859290658,75.17952002501654,31,-0.14751605256858594,0.7510809857428397,0.14617633655117152,-0.8401404203338119,-0.01574331831978368,-0.1430619951809842,0.571748039807298,-0.2655633053581597
discharge,2008-05-04 09:40:11.906000,0.6159885827138503,B0006,243,4748,04748.csv,1.524656683447409,-0.47286195922316454,-0.8498904711042446,0.33658049298429893,74.90927746753415,30,-0.1479135515354137,0.7640144024790834,0.14617633655117152,-0.8250411331424052,0.2653791997328969,-0.14169192170344427,0.5581748561897616,-0.2951264281087596
discharge,2008-05-04 14:38:13.359000,0.6159885827138503,B0006,247,4752,04752.csv,1.5145492986655429,-0.4650544680941525,-0.8331627553832412,0.35899240003953203,74.41268246400591,29,-0.14823209672417867,0.7769258304141422,0.14617633655117152,-0.8093782918971429,0.27435754910503946,-0.1413827742853145,0.5414144197307611,-0.3110947822084353
discharge,2008-05-04 19:37:07.889999,0.6159885827138503,B0006,251,4756,04756.csv,1.509391504602082,-0.4780237039309106,-0.8260508170503004,0.38140430709476514,74.15927024943012,28,-0.14767688898731451,0.7898755836888159,0.14617633655117152,-0.8089737992527336,-0.02251897743744676,-0.11638863702695425,0.5263055451164171,-0.31917923094235606
discharge,2008-05-05 00:35:53.968000,0.6159885827138503,B0006,255,4760,04760.csv,1.5039974333050703,-0.44837710003605974,-0.8203640411507868,0.40381621414999824,73.89424928579004,27,-0.14776530923633888,0.8028192334172893,0.14617633655117152,-0.7932842071392665,0.27271380427677927,-0.06973458233177211,0.5121174389166169,-0.30019015069607546
discharge,2008-05-05 05:28:13.936999,0.6159885827138503,B0006,259,4764,04764.csv,1.4935201918040188,-0.4946047374151377,-0.8341045147009298,0.4262281212052314,73.37948251946334,26,-0.15180409572456546,0.8154840904461761,0.14617633655117152,-0.8214383612740965,-0.570395925398258,-0.141452755680623,0.49466486390242176,-0.2928630916557062
discharge,2008-05-05 11:41:31.500000,0.6159885827138503,B0006,263,4768,04768.csv,1.4876323024497422,-0.44556969717477724,-0.7940917383369517,0.4486400282604645,73.09019933714036,25,-0.10099257638949462,0.8316564071258303,0.14617633655117152,-0.7723149906452261,0.9237407193185903,-0.14326692073831174,0.4785375216238556,-0.2972031163280625
discharge,2008-05-05 20:40:08.561999,0.6159885827138503,B0006,265,4770,04770.csv,1.5302876214401704,-0.44556969717477724,-0.7940917383369517,0.4710519353156976,75.18593614163545,24,0.0027676009582979157,0.8549911672861441,0.14617633655117152,-0.7723149906452261,-0.030333213381682968,0.10372695805641335,0.5003307564158397,-0.2509291289147527
discharge,2008-05-06 01:38:46.265000,0.6159885827138503,B0006,269,4774,04774.csv,1.5040760088360112,-0.4513575540132251,-0.8037871233820246,0.4934638423709307,73.89810985080334,23,-0.1478529136088443,0.8679287697874177,0.14617633655117152,-0.7818780151043935,-0.21210394276610947,0.005169379823699769,0.494860864013565,-0.2525175339920237
discharge,2008-05-06 06:37:06.296000,0.6159885827138503,B0006,273,4778,04778.csv,1.4887593608730894,-0.458722449139655,-0.7978093882908255,0.5158757494261639,73.14557385723607,22,-0.14803776669045865,0.8808536120970345,0.14617633655117152,-0.780180228290779,0.002072324425798103,-0.041280394792249694,0.479528101915533,-0.2410392438898771
discharge,2008-05-06 11:25:21.030999,0.6159885827138503,B0006,277,4782,04782.csv,1.4782779285546637,-0.42462952751640337,-0.790647432114737,0.538287656481397,72.63060118809538,21,-0.1543692981946538,0.893341396204709,0.14617633655117152,-0.7616664050851035,0.32277739187076454,-0.0413000129346984,0.46130922549461134,-0.21806106408370557
discharge,2008-05-06 16:23:36.295999,0.6159885827138503,B0006,281,4786,04786.csv,1.478459982215684,-0.419515905922164,-0.7998289312759999,0.5606995635366301,72.63954583009604,20,-0.14808762011605395,0.9062627971907633,0.14617633655117152,-0.7666542845978519,-0.12470471946251294,-0.012885268006512508,0.449302209650849,-0.2052234410603511
discharge,2008-05-06 21:21:49.265000,0.6159885827138503,B0006,285,4790,04790.csv,1.473214844899973,-0.4562948469515206,-0.8137020612790062,0.5831114705918632,72.38184227571321,19,-0.14811163677893965,0.9191825403347158,0.14617633655117152,-0.7912806575074951,-0.4972750693749089,-0.23711789168231356,0.4372956416937793,-0.2871975534814736
discharge,2008-05-07 02:17:25.155999,0.6159885827138503,B0006,289,4794,04794.csv,1.4675164935067897,-0.40721168241516237,-0.7947008857759571,0.6055233776470963,72.10187145326269,18,-0.14975470779978894,0.9319888642110613,0.14617633655117152,-0.7580470405759697,0.6066062137333349,-0.14109078179245155,0.42494358286509937,-0.3251782686922057
discharge,2008-05-07 07:04:02.108999,0.6159885827138503,B0006,293,4798,04798.csv,1.4516292657521337,-0.4134603160783112,-0.7800753602366642,0.6279352847023294,71.32130179126344,17,-0.15539211976656053,0.9444060441439279,0.14617633655117152,-0.7493732328218561,0.13352030287296532,-0.14376179191601354,0.404587373648434,-0.29723788000777385
discharge,2008-05-07 12:01:49.905999,0.6159885827138503,B0006,297,4802,04802.csv,1.4519237720967175,-0.38568717337329483,-0.7697991379949497,0.6503471917575625,71.33577144710262,16,-0.1483749415374245,0.9573076116688806,0.14617633655117152,-0.7309282873196088,0.3168034882497423,-0.09331724116824894,0.39124126747631816,-0.2872116512407623
discharge,2008-05-07 16:59:29.937000,0.6159885827138503,B0006,301,4806,04806.csv,1.4471484694777743,-0.3255939403626098,-0.771167058005927,0.6727590988127956,71.10115176336829,15,-0.14845617562330782,0.9702035717000556,0.14617633655117152,-0.7088886808779402,0.3811916509808443,-0.11652372166704704,0.3787004431566543,-0.2950534263577201
discharge,2008-05-07 21:56:09.656000,0.6159885827138503,B0006,305,4810,04810.csv,1.4468538105659885,-0.34005591273852176,-0.7759013833182197,0.6951710058680288,71.08667461161282,14,-0.1490870526384899,0.9830559830299849,0.14617633655117152,-0.7180263896812128,-0.1993637771478406,-0.09334943802623959,0.37011507723344433,-0.31996430700888245
discharge,2008-05-08 02:53:49.936999,0.6159885827138503,B0006,309,4814,04814.csv,1.4416741930284678,-0.39894297965346154,-0.7610675684187148,0.7175829129232619,70.8321901683239,13,-0.14845356058833256,0.9959521235739603,0.14617633655117152,-0.72940758545252,-0.24168031167282175,-0.0909211301892273,0.3604395989523815,-0.35631637362115
discharge,2008-05-09 12:25:07.000000,0.6159885827138503,B0006,312,4817,04817.csv,1.5935866593100128,-0.37982270787636374,-0.7842290221503289,0.739994819978495,78.2959380474406,12,0.9270329672098768,1.0830878391308558,0.14617633655117152,-0.739601488974567,-0.2205509926166361,0.6945863273026024,0.4698941751794954,0.16921706337605996
discharge,2008-05-09 20:28:09.734000,0.6159885827138503,B0006,315,4820,04820.csv,1.5463902376915637,-0.4038941448894848,-0.8885532487122235,0.7624067270337281,75.9770882494014,11,-0.03211021540941439,1.1040150244888907,0.14617633655117152,-0.8278303221898826,-1.6838655496532533,0.4722707963212315,0.5068543640864179,0.20917801012869666
discharge,2008-05-10 01:21:56.500000,0.6159885827138503,B0006,319,4824,04824.csv,1.51470559175661,-0.42013243420572477,-0.8412260343332526,0.7848186340889612,74.42036144029748,10,-0.15089617968779465,1.1167425538981142,0.14617633655117152,-0.7982334624166908,0.546131985957507,0.34630221233576813,0.507320005515846,0.16454115917238335
discharge,2008-05-10 06:18:12.000000,0.6159885827138503,B0006,323,4828,04828.csv,1.4989786083335404,-0.37430628451714154,-0.8298625450958299,0.8072305411441943,73.64766488653811,9,-0.14934038879344017,1.1295774777300667,0.14617633655117152,-0.7720331304983474,0.47334313817555757,0.27406009020512767,0.4956311916761389,0.08952011014880536
discharge,2008-05-10 11:16:04.843000,0.6159885827138503,B0006,327,4832,04832.csv,1.4831110745410492,-0.345855661328689,-0.8163652142530042,0.8296424481994275,72.86806282628963,8,-0.148322159249226,1.1424826887545358,0.14617633655117152,-0.7508892833757262,0.37151268166927065,0.22402759180548093,0.4757321717189699,-0.017970902241979586
discharge,2008-05-10 16:11:56.109000,0.6159885827138503,B0006,331,4836,04836.csv,1.4729664825468278,-0.41890767714257576,-0.8040783664363348,0.8520543552546606,72.36963976177928,7,-0.14959388185174416,1.155300114257657,0.14617633655117152,-0.7696380481541656,-0.38341801477466003,-0.5345973183647337,0.45472612298778814,-0.1455230383159259
discharge,2008-05-10 21:07:54.625000,0.6159885827138503,B0006,335,4840,04840.csv,1.4627604396099307,-0.37733905928360356,-0.7967630365223922,0.8744662623098937,71.86819749578868,6,-0.14951804523076934,1.168122774673877,0.14617633655117152,-0.7481375004720946,0.3778673629189558,-0.36143717956533106,0.4329351697508374,-0.21554142531170967
discharge,2008-05-11 02:05:21.795999,0.6159885827138503,B0006,339,4844,04844.csv,1.4518364681062514,-0.36660929495365807,-0.7724485788452735,0.8968781693651268,71.33148203630158,5,-0.14859069411950218,1.1810094490508563,0.14617633655117152,-0.7256084828947292,0.39344117401381556,-0.26425187370411857,0.4100731877473282,-0.2366386238897764
discharge,2008-05-11 06:55:27.734000,0.6159885827138503,B0006,343,4848,04848.csv,1.4468670644030392,-0.35217056600095553,-0.7627598998199695,0.91929007642036,71.08732579778997,4,-0.15320608993066254,1.1935775280622216,0.14617633655117152,-0.7127286756420342,0.2096147660012294,-0.2138932652272295,0.3910403525949464,-0.2649133176658684
discharge,2008-05-11 11:52:47.186999,0.6159885827138503,B0006,347,4852,04852.csv,1.441380399427779,-0.3310773883174786,-0.7607677672980426,0.9417019834755931,70.81775553094546,3,-0.14867142612511375,1.2064586296034367,0.14617633655117152,-0.7031208012222394,0.1476834456016645,-0.1652981237520606,0.3741656263577273,-0.28372248053522237
discharge,2008-05-11 16:49:58.920999,0.6159885827138503,B0006,351,4856,04856.csv,1.431210744960774,-0.37266394902072447,-0.7836129130201692,0.9641138905308262,70.31810109956534,2,-0.14875216858048865,1.2193341575875518,0.14617633655117152,-0.7363861210360654,-0.6441831642645406,-0.16541544672685946,0.3551566514852777,-0.29176454903953697
discharge,2008-05-11 21:47:12.843000,0.6159885827138503,B0006,355,4860,04860.csv,1.4260247179525716,-0.3454099177403842,-0.7500471173165039,0.9865257975860593,70.06330174681324,1,-0.14872928160082943,1.2322112654330597,0.14617633655117152,-0.7005075858169186,0.6411564486681192,-0.14191564256233774,0.3385272103273877,-0.3005277729447661
discharge,2008-05-12 02:36:58.920999,0.6159885827138503,B0006,359,4864,04864.csv,1.420487649966195,-0.3523415568128828,-0.7585494564281332,1.0089377046412924,69.79125508434085,0,-0.15341382999193606,1.244765004391376,0.14617633655117152,-0.7096065378071466,-0.1980527566358169,-0.11669835650031844,0.3232162906879148,-0.29949145041443953
discharge,2008-05-12 12:56:34.780999,0.6159885827138503,B0006,363,4868,04868.csv,1.4207006230355006,-0.3122979522958551,-0.747074519424007,1.0313496116965255,69.80171885557206,0,0.05359171439210214,1.2716080935583383,0.14617633655117152,-0.6855422742356583,0.41494585870439676,-0.09243850533833124,0.3131715033283782,-0.31782579338316347
discharge,2008-05-12 18:59:59.453000,0.6159885827138503,B0006,366,4871,04871.csv,1.452255804330839,-0.33849242091827325,-0.8237849237135041,1.0537615187517586,71.35208482113887,0,-0.10719434880968576,1.2873523091535983,0.14617633655117152,-0.7536794484005211,-1.278428732773187,0.08096256462156881,0.33055068508933655,-0.28000578521603237
discharge,2008-05-12 23:53:17.609000,0.6159885827138503,B0006,370,4875,04875.csv,1.431557632772571,-0.29534531866961455,-0.7718787017731705,1.0761734258069917,70.33514435633658,0,-0.15119544668449666,1.30005918051265,0.14617633655117152,-0.6978122692502344,1.023046156992638,0.031676248940128604,0.32634468951637496,-0.2799373065970768
discharge,2008-05-13 04:35:25.359000,0.6159885827138503,B0006,374,4879,04879.csv,1.415015751158943,-0.30370757224453443,-0.7529496650489219,1.0985853328622248,69.52241030736464,0,-0.15820804333570346,1.3122819805405725,0.14617633655117152,-0.686691813248874,0.1744159779605945,-0.021483016516161704,0.310919706844875,-0.2654983740542085
discharge,2008-05-13 09:24:04.718000,0.6159885827138503,B0006,378,4883,04883.csv,1.4097311506517451,-0.29938360665279345,-0.7368913512228866,1.120997239917458,69.26276785146193,0,-0.15411172563869233,1.3247875445800226,0.14617633655117152,-0.6728734309909169,0.22290538105823016,-0.020301160441821314,0.2966043850422481,-0.24834337899550601
discharge,2008-05-13 14:20:24.937000,0.6159885827138503,B0006,382,4887,04887.csv,1.404917318129309,-0.2556018890755054,-0.7399249039179359,1.143409146972691,69.02625512041874,0,-0.14929102699835323,1.3376258757988595,0.14617633655117152,-0.6583583835765567,0.23414238408933843,-0.04383274851982398,0.2833880197473978,-0.22696857149528216
discharge,2008-05-13 19:04:20.530999,0.6159885827138503,B0006,386,4891,04891.csv,1.395164296571563,-0.2776840252477084,-0.7511561815738622,1.1658210540279241,68.54707065486149,0,-0.15707997099410725,1.349926545338914,0.14617633655117152,-0.6753411201793534,-0.33791345471886836,-0.2372055766590864,0.26713583124072937,-0.2769337960410059
discharge,2008-05-13 23:59:26.015000,0.6159885827138503,B0006,390,4895,04895.csv,1.3945343832614077,-0.30077452479897787,-0.7512150868041538,1.1882329610831572,68.51612181802287,0,-0.15007277179734868,1.3627109136301403,0.14617633655117152,-0.6842522703277955,-0.19286836138185476,-0.14326162399989062,0.2558204329466991,-0.31545002836347436
discharge,2008-05-14 04:55:57.453000,0.6159885827138503,B0006,394,4899,04899.csv,1.3893171179312644,-0.2754769387807411,-0.753324574559702,1.2106448681383903,68.25978766720687,0,-0.14917367374997853,1.3755573456062258,0.14617633655117152,-0.6761353445241238,0.11826749478017673,-0.09024859203338659,0.24429620888910525,-0.32092512496261494
discharge,2008-05-14 09:52:22.062000,0.6159885827138503,B0006,398,4903,04903.csv,1.3838379472327809,-0.2728325286924957,-0.707866317074621,1.2330567751936234,67.99058560840852,0,-0.14924510661682502,1.3883988466552013,0.14617633655117152,-0.6407027099746624,0.6161551914429059,-0.09115941810573693,0.23243294130196995,-0.32531154399806833
discharge,2008-05-14 14:35:22.515000,0.6159885827138503,B0006,402,4907,04907.csv,1.3736814238195123,-0.3190834073230466,-0.7080864533341709,1.2554686822488568,67.4915763306282,0,-0.1576567581722226,1.4006597012520932,0.14617633655117152,-0.6586293159724905,-0.3526533488874338,-0.11616973509068447,0.2167749574837833,-0.3162771856000338
discharge,2008-05-14 19:31:39.390000,0.6159885827138503,B0006,406,4911,04911.csv,1.3786059891863676,-0.28941286875802813,-0.7069315792128864,1.2778805893040899,67.73352957654757,0,-0.1493260059860139,1.413495617912392,0.14617633655117152,-0.6463617114788184,0.19187454479063568,-0.04746070642718972,0.21009360504517072,-0.32136041903709395
discharge,2008-05-15 00:27:55.625000,0.6159885827138503,B0006,410,4915,04915.csv,1.3737600299108574,-0.2836344570938383,-0.7310773489444512,1.300292496359323,67.49543839713218,0,-0.14933270052910685,1.4263310724562244,0.14617633655117152,-0.6624240158720736,-0.3198061741523813,-0.0671969494873237,0.2019420408599702,-0.33451768229754447
discharge,2008-05-15 05:24:04.889999,0.6159885827138503,B0006,414,4919,04919.csv,1.3682580583942712,-0.2736240067739537,-0.7008417735138492,1.322704403414556,67.22511609085237,0,-0.14940560829793872,1.4391614942621904,0.14617633655117152,-0.635688231768468,0.45470386789228645,-0.06852972207627031,0.19230981681145154,-0.3420248930585013
discharge,2008-05-15 10:20:03.875000,0.6159885827138503,B0006,418,4923,04923.csv,1.3633024037317505,-0.25028883436943306,-0.7063296871016276,1.3451163104697892,66.98163536881292,0,-0.1495131393754488,1.4519844933238553,0.14617633655117152,-0.6308827182843917,0.055892234682189255,-0.06607902779623961,0.18210731042309095,-0.3419878447554566
discharge,2008-05-15 15:10:59.436999,0.6159885827138503,B0006,422,4927,04927.csv,1.35809661401726,-0.29926473544957816,-0.7070208601589152,1.3675282175250223,66.72586503678075,0,-0.15268701181651334,1.4645884036893073,0.14617633655117152,-0.6502123391280935,-0.37648314960522694,-0.04290354906379791,0.1713337698712656,-0.3226323352741922
discharge,2008-05-15 19:56:47.390000,0.6159885827138503,B0006,426,4931,04931.csv,1.353269090999531,-0.2512702408309942,-0.7377357370035587,1.3899401245802554,66.48867966571198,0,-0.15590467071165431,1.47697020283092,0.14617633655117152,-0.6550376133972413,-0.11743183575291927,-0.08855523035087826,0.16046814661806547,-0.323076657734265
discharge,2008-05-16 16:54:59.811999,0.6159885827138503,B0006,430,4935,04935.csv,1.3841605738237488,-0.2448680021461031,-0.7154560695800974,1.4123520316354885,68.00643686533974,0,0.45439151982335685,1.5314800330042935,0.14617633655117152,-0.6357109018153287,0.3192192391862374,0.07873963536539925,0.1767937213758741,-0.290632890348265
discharge,2008-05-16 21:37:39.670999,0.6159885827138503,B0006,432,4937,04937.csv,1.4051467790651473,-0.2448680021461031,-0.7154560695800974,1.4347639386907214,69.03752897183544,0,-0.15787217601668543,1.543726017559758,0.14617633655117152,-0.6357109018153287,-0.030333213381682968,0.202736645599935,0.2036893161435774,-0.20776861938201327
discharge,2008-05-17 02:32:13.968000,0.6159885827138503,B0006,436,4941,04941.csv,1.378719022627353,-0.21600909147886135,-0.7072731798783793,1.4571758457459545,67.7390831241008,0,-0.15039899479022345,1.5564878670599767,0.14617633655117152,-0.6184339277466437,0.27967084348082877,0.10222099109068258,0.20145608545525293,-0.2129157772875585
discharge,2008-05-17 07:25:19.905999,0.6159885827138503,B0006,440,4945,04945.csv,1.3682657783199066,-0.23122881459585748,-0.6919754188130227,1.4795877528011876,67.22549538545536,0,-0.15132324970669073,1.5691859163261357,0.14617633655117152,-0.6126959799982964,0.07189978092778324,0.0776564962667098,0.1919917366255333,-0.22772788866376198
discharge,2008-05-17 12:21:15.890000,0.6159885827138503,B0006,444,4949,04949.csv,1.3573151296618016,-0.26386290125860457,-0.6864862229779447,1.5019996598564207,66.68746922672389,0,-0.14954453050642058,1.5820067484948066,0.14617633655117152,-0.6210712252799291,-0.17920719119478148,0.04899279171527427,0.17732713698273253,-0.23841505496096616
discharge,2008-05-17 17:15:37.280999,0.6159885827138503,B0006,448,4953,04953.csv,1.3524934638801596,-0.25406293864671975,-0.702235830057455,1.5244115669116538,66.45057163278422,0,-0.15053399445670268,1.5947592791262095,0.14617633655117152,-0.6292324143070217,-0.1758973637038384,-0.11818835078647923,0.163871943240246,-0.2132969027560012
discharge,2008-05-17 22:10:51.218000,0.6159885827138503,B0006,452,4957,04957.csv,1.3474099151661236,-0.23950818252739545,-0.6664899770347616,1.546823473966887,66.20080723318286,0,-0.14998435152740383,1.6075497509650798,0.14617633655117152,-0.5965797331480239,0.5540081404183235,-0.24022663139593584,0.15102321086212614,-0.2843363996677005
discharge,2008-05-18 03:05:19.265000,0.6159885827138503,B0006,456,4961,04961.csv,1.3370075130842318,-0.24985408025697753,-0.6878032439670622,1.56923538102212,65.6897174696045,0,-0.15046437119807574,1.6203070876084578,0.14617633655117152,-0.6166890977676299,-0.38546234715822475,-0.16520840548191892,0.13452065207925923,-0.2931216144357864
discharge,2008-05-18 08:00:50.420999,0.6159885827138503,B0006,460,4965,04965.csv,1.3312352966718526,-0.20038283040322016,-0.6869860226897248,1.5916472880773533,65.40611751852576,0,-0.14980423695845319,1.633109992545007,0.14617633655117152,-0.5970738340742545,0.3189038133819745,-0.14329547923123573,0.11911490912265815,-0.29986898204195267
discharge,2008-05-18 12:44:48.436999,0.6159885827138503,B0006,464,4969,04969.csv,1.3259303781727645,-0.25779188291797056,-0.6616359337971469,1.6140591951325864,65.14547680110712,0,-0.15705463632212965,1.645412410907787,0.14617633655117152,-0.5999254388916742,-0.08070227778137293,-0.11686656844944626,0.1047969117461674,-0.2978371147500457
discharge,2008-05-18 17:36:29.734000,0.6159885827138503,B0006,468,4973,04973.csv,1.321578743867529,-0.2129875842528286,-0.6751461805860334,1.6364711021878195,64.93167274597319,0,-0.15220861347003653,1.6580493445506221,0.14617633655117152,-0.5929498088013251,0.09302215839217658,-0.11466624721469122,0.09193140684146789,-0.3060424131205389
discharge,2008-05-18 22:31:45.515000,0.6159885827138503,B0006,472,4977,04977.csv,1.321225074066109,-0.20166030035333474,-0.6685731787267432,1.6588830092430527,64.91429627717592,0,-0.14996506288557748,1.6708411478618401,0.14617633655117152,-0.5836237006061091,0.13412394777807213,-0.09252463855304793,0.08308456356294237,-0.3346802810389873
discharge,2008-05-19 03:27:07.764999,0.6159885827138503,B0006,476,4981,04981.csv,1.3156485301862682,-0.2498583654796785,-0.6655489813500725,1.6812949162982858,64.64031008911138,0,-0.14989739570968103,1.6836376221589338,0.14617633655117152,-0.59984167033046,-0.31525131401704887,-0.06993372962271695,0.07293192352473316,-0.3424489406180537
discharge,2008-05-19 15:34:33.625000,0.6159885827138503,B0006,480,4985,04985.csv,1.3209025697502388,-0.19310425002273623,-0.657786225286418,1.7037068233535189,64.8984510278524,0,0.12126936098285566,1.7151524199813808,0.14617633655117152,-0.572171269185376,0.45896697263353436,-0.018317388202165132,0.07017217972294751,-0.36099130019670655
discharge,2008-05-19 20:59:48.436999,0.6159885827138503,B0006,482,4987,04987.csv,1.3474328767273906,-0.19310425002273623,-0.657786225286418,1.726118730408752,66.20193537828118,0,-0.13114679640376697,1.72924322618104,0.14617633655117152,-0.572171269185376,-0.030333213381682968,0.13071033897071888,0.08857422086937317,-0.2847152904558357
discharge,2008-05-20 01:16:42.609000,0.6159885827138503,B0006,484,4989,04989.csv,1.3260128072353616,-0.19310425002273623,-0.657786225286418,1.748530637463985,65.14952669744675,0,-0.1740404076151516,1.7403731366513757,0.14617633655117152,-0.572171269185376,-0.030333213381682968,0.05080922112928942,0.08449934394312969,-0.2862361607875072
discharge,2008-05-20 06:12:06.264999,0.6159885827138503,B0006,488,4993,04993.csv,1.3101186784831065,-0.2033012359970335,-0.6748166905247639,1.7709425445192182,64.3686179763337,0,-0.1498826886353237,1.753170626160582,0.14617633655117152,-0.588980872476681,-0.3242938624582613,-0.021939102214452725,0.06965599072968316,-0.2694596767875616
discharge,2008-05-20 11:07:23.452999,0.6159885827138503,B0006,492,4997,04997.csv,1.30521620229393,-0.20319648344121977,-0.6906911339828743,1.7933544515744513,64.12775001365068,0,-0.1499503453509966,1.7659634454059694,0.14617633655117152,-0.6009594539708913,-0.24122701650548703,-0.018783642361487597,0.05601997189543101,-0.2513297385202416
discharge,2008-05-20 15:57:27.312000,0.6159885827138503,B0006,496,5001,05001.csv,1.3004061951355774,-0.2282243424426993,-0.6820395653254772,1.8157663586296844,63.89142523000749,0,-0.15322783673549104,1.7785300232608754,0.14617633655117152,-0.6040196885092858,-0.0844722859602229,-0.06589566958142742,0.04325939389025918,-0.2286350879161618
discharge,2008-05-20 20:50:39.015000,0.6159885827138503,B0006,500,5005,05005.csv,1.300235735841116,-0.27258583891552074,-0.6774248300807235,1.8381782656849175,63.88305024124815,0,-0.15126294650727604,1.791232235186241,0.14617633655117152,-0.6175602263557174,-0.2701775940421231,-0.19088785831911162,0.03462228628884864,-0.3011701641537286
discharge,2008-05-21 01:39:38.968000,0.6159885827138503,B0006,504,5009,05009.csv,1.2895066722480757,-0.22974991242397486,-0.6509282106923622,1.8605901727401506,63.35591097744969,0,-0.15389630779422947,1.8037526692671184,0.14617633655117152,-0.5810505693536058,0.619927939728987,-0.14084089661289442,0.02067824390641467,-0.3268465571528733
discharge,2008-05-21 06:24:27.280999,0.6159885827138503,B0006,508,5013,05013.csv,1.279253057384795,-0.2338024931430138,-0.6783258156020773,1.8830020797953837,62.85213141239902,0,-0.15652851846704904,1.8160914049290537,0.14617633655117152,-0.6033499083314617,-0.4216849144781107,-0.11443640434415568,0.0035589988739198465,-0.3026597168367912
discharge,2008-05-21 11:18:06.014999,0.6159885827138503,B0006,512,5017,05017.csv,1.2792078171714618,-0.23941965602046011,-0.6741697091087756,1.9054139868506168,62.84990867482796,0,-0.15098019620361114,1.8288131347766212,0.14617633655117152,-0.6023601928130613,-0.012807072114610558,-0.09169860911909715,-0.00788834814498655,-0.3020744875057983
discharge,2008-05-21 16:10:21.202999,0.6159885827138503,B0006,516,5021,05021.csv,1.274036760902923,-0.24814474639277928,-0.6701180718996426,1.92782589390585,62.59584486293798,0,-0.15185410604305433,1.841474539651813,0.14617633655117152,-0.6026429899939213,-0.035339055334629776,-0.09338875980859045,-0.019465281818221,-0.3028067063805378
discharge,2008-05-21 21:02:09.781000,0.6159885827138503,B0006,520,5025,05025.csv,1.2741273923001468,-0.2522035359464387,-0.6550746903844706,1.950237800961083,62.600297755550194,0,-0.15213245258213062,1.8541167305915132,0.14617633655117152,-0.5928119353315294,0.14370789587655106,-0.0921665365704711,-0.027114088419645743,-0.33838177447390116
discharge,2008-05-22 01:42:59.218000,0.6159885827138503,B0006,524,5029,05029.csv,1.263763942644078,-0.22939720751879578,-0.681761669919395,1.9726497080163161,62.091121798604966,0,-0.15902721482513815,1.8662829841712318,0.14617633655117152,-0.6042596593083271,-0.23219186373859077,-0.0904550169178058,-0.040120310424004435,-0.3382356126806631
discharge,2008-05-22 06:32:40.920999,0.6159885827138503,B0006,528,5033,05033.csv,1.2581373688955233,-0.23911801307695077,-0.6398841478696922,1.9950616150715492,61.8146775481072,0,-0.15345959347011054,1.8788335641302647,0.14617633655117152,-0.5762861950103614,0.465210607754563,-0.06879481471890034,-0.0530840409809668,-0.3184834630442412
discharge,2008-05-22 11:23:22.187000,0.6159885827138503,B0006,532,5037,05037.csv,1.253259864055301,-0.17859395582392673,-0.6621413814822317,2.0174735221267825,61.57503647520722,0,-0.15283655115193168,1.8914271519705876,0.14617633655117152,-0.5698968030772258,0.08158631844756908,-0.09141571353994689,-0.06544792561455513,-0.3121612164916572
discharge,2008-05-22 16:17:58.890000,0.6159885827138503,B0006,536,5041,05041.csv,1.2532313315493426,-0.2197657604242827,-0.6377512761602565,2.0398854291820157,61.573634619019614,0,-0.15037382750274358,1.9041907387391765,0.14617633655117152,-0.5672402647543408,0.01608124914403275,-0.06734242312641152,-0.07371228486155718,-0.31730723093829033
discharge,2008-05-22 20:59:50.203000,0.6159885827138503,B0006,540,5045,05045.csv,1.2480874960313575,-0.21659447843514534,-0.6223346911133215,2.0622973362372488,61.32090821428379,0,-0.15837997803073292,1.9164016703165334,0.14617633655117152,-0.5543503665733961,0.19463772460423986,-0.09184611976011209,-0.0831464580276785,-0.3416109644824237
discharge,2008-05-23 12:13:16.359000,0.6159885827138503,B0006,544,5049,05049.csv,1.2534354284944844,-0.2027638110629645,-0.5942176647461739,2.084709243292482,61.58366228941904,0,0.23800855238189475,1.9559748377538553,0.14617633655117152,-0.5277516409648787,0.4315276705133498,-0.01829766728516631,-0.0853555863007107,-0.3618079189770914
discharge,2008-05-23 20:14:29.875000,0.6159885827138503,B0006,547,5052,05052.csv,1.28980487732669,-0.26967572224809183,-0.7568798806527688,2.107121150347715,63.37056235911393,0,-0.03325266010867356,1.9768231614927467,0.14617633655117152,-0.6765995090408138,-2.587942040895909,0.17829499703200244,-0.059079482485333755,-0.24644811855232454
discharge,2008-05-24 01:09:21.562000,0.6159885827138503,B0006,551,5056,05056.csv,1.2635402021758837,-0.23925374794300697,-0.6891757784317863,2.129533057402948,62.080129004624105,0,-0.1502170915125799,1.9895975675631106,0.14617633655117152,-0.6136578305936184,1.1182954693955365,0.07817692548184138,-0.06160128075396449,-0.24929814923311816
discharge,2008-05-24 06:00:20.155999,0.6159885827138503,B0006,555,5060,05060.csv,1.2479761706842851,-0.2405859511835735,-0.6649077138109759,2.151944964458181,61.315438588627366,0,-0.15265529641861048,2.002203667205323,0.14617633655117152,-0.5957956291425519,0.2873000116299641,0.005451820831504978,-0.0751573933657172,-0.24242097590351666
discharge,2008-05-24 10:42:50.484000,0.6159885827138503,B0006,559,5064,05064.csv,1.2321202877943334,-0.22081774755976558,-0.6511920181670243,2.1743568715134143,60.53640895934027,0,-0.15797187239719226,2.014442769836442,0.14617633655117152,-0.5778204283723646,0.2870064266354601,-0.044693640660637114,-0.09629238986334697,-0.20935224811871098
discharge,2008-05-24 15:31:10.593000,0.6159885827138503,B0006,563,5068,05068.csv,1.2271137666213534,-0.20094268442139512,-0.6287786512405161,2.1967687785686474,60.290429069070264,0,-0.15431308494265997,2.0269344342790445,0.14617633655117152,-0.5532190426646156,0.40086074875330335,-0.0931651268342688,-0.11420222091985786,-0.17462777587126632
discharge,2008-05-24 20:21:13.436999,0.6159885827138503,B0006,567,5072,05072.csv,1.2217397581377356,-0.23206253760237966,-0.6368247635068376,2.2191806856238805,60.02639382954212,0,-0.15323845388334795,2.0395002792446726,0.14617633655117152,-0.5712606426191416,-0.3434674274588286,-0.2885754773203491,-0.13024232405791408,-0.24617050266810012
discharge,2008-05-25 01:06:49.828000,0.6159885827138503,B0006,571,5076,05076.csv,1.211102678915174,-0.22507829444574237,-0.6214959265980505,2.2415925926791136,59.50377393250057,0,-0.15602561181671792,2.0518737299634933,0.14617633655117152,-0.5569730359218341,0.21943273801241647,-0.21541924652497735,-0.14905151533723301,-0.2758475070735001
discharge,2008-05-25 05:57:17.890000,0.6159885827138503,B0006,575,5080,05080.csv,1.2056159765131735,-0.19897691713234347,-0.5981879302933593,2.2640044997343467,59.23420182680926,0,-0.15297466795457831,2.064457783762742,0.14617633655117152,-0.5293034606449589,0.45062235500344466,-0.1682450416079474,-0.16577717421461632,-0.2980476465101006
discharge,2008-05-25 10:51:37.015000,0.6159885827138503,B0006,579,5084,05084.csv,1.2008936262717274,-0.23006090482077785,-0.6534788794051105,2.28641640678958,59.002183793913154,0,-0.1505576973128809,2.077208678213752,0.14617633655117152,-0.583101141512796,-0.9552863281990103,-0.11612651437306964,-0.18053063251177104,-0.2986010413481631
discharge,2008-05-25 15:37:08.890000,0.6159885827138503,B0006,583,5088,05088.csv,1.1905903985558337,-0.15584849609259968,-0.6262503896216726,2.308828313844813,58.49596665522202,0,-0.15607285019687775,2.089578868122533,0.14617633655117152,-0.5339890755765069,0.8322890751159402,-0.1409215684612307,-0.19822734135084247,-0.293141551517713
discharge,2008-05-25 20:23:04.453000,0.6159885827138503,B0006,587,5092,05092.csv,1.185179251041941,-0.0993929137888163,-0.6377585659117077,2.331240220900046,58.23010670462684,0,-0.15582506842064997,2.101966162117035,0.14617633655117152,-0.521023652467641,0.19299467838649034,-0.14109542447099588,-0.2141536990353759,-0.3010513997217608
discharge,2008-05-26 01:13:02.795999,0.6159885827138503,B0006,591,5096,05096.csv,1.1796706818144624,-0.17583852320196472,-0.6341402146951385,2.353652127955279,57.95946024028492,0,-0.15328553534969383,2.1145287571041997,0.14617633655117152,-0.5476385909928257,-0.4864450897165117,-0.11708773560065719,-0.22897415261604875,-0.30013369851323307
discharge,2008-05-26 06:01:08.170999,0.6159885827138503,B0006,595,5100,05100.csv,1.1745952836753917,-0.22840300636702165,-0.6130131571428573,2.376064035010512,57.71009629390572,0,-0.154467205876928,2.127009782759272,0.14617633655117152,-0.5518272504742308,-0.10287204093323127,-0.11516232943299314,-0.24272683956253147,-0.3053090278154324
discharge,2008-05-26 10:44:38.468000,0.6159885827138503,B0006,599,5104,05104.csv,1.15381833159625,-0.18435215951057282,-0.6202262539939972,2.3984759420657453,56.689285192545555,0,-0.15734458324915926,2.139292186425371,0.14617633655117152,-0.5403732622464836,0.16835521724164504,-0.19031746927401771,-0.2677475215726142,-0.271222871973432
discharge,2008-05-26 15:30:43.968000,0.6159885827138503,B0006,603,5108,05108.csv,1.1644009557372264,-0.15046818658024777,-0.6116212623397497,2.4208878491209784,57.20922960804411,0,-0.15572112517890832,2.1516866555000735,0.14617633655117152,-0.5208471273330431,0.30684933465078157,-0.0925461802149237,-0.2763537347385946,-0.2852510881078322
discharge,2008-05-26 20:21:04.921000,0.6159885827138503,B0006,607,5112,05112.csv,1.1587974947916069,-0.19533724570349045,-0.5903088611130847,2.4432997561762115,56.933920933434955,0,-0.15304902968402798,2.1642655761962577,0.14617633655117152,-0.5219404837904127,-0.04906924759545755,-0.09344644189695411,-0.2863664916580968,-0.30023182680030125
discharge,2008-05-27 15:52:41.359000,0.6159885827138503,B0006,611,5116,05116.csv,1.1749748834769171,-0.17948089797498729,-0.6047681947801165,2.4657116632314446,57.72874675283711,0,0.400040365461505,2.215023609859873,0.14617633655117152,-0.5267991858475838,-0.11362882372990854,0.008070320461829249,-0.2806987750619085,-0.31169975381999704
discharge,2008-05-27 20:45:42.125000,0.6159885827138503,B0006,613,5118,05118.csv,1.1856752327929356,-0.17948089797498729,-0.6047681947801165,2.4881235702866777,58.254475229690506,0,-0.1513773499726004,2.227717924648058,0.14617633655117152,-0.5267991858475838,-0.030333213381682968,0.08192008130112449,-0.26875623486038897,-0.28253416569116785
discharge,2008-04-02 15:25:41.593000,0.6159885827138503,B0007,1,5738,05738.csv,1.89105229539079,-2.9718673543855942,-2.5541708922443727,-1.2546649079372523,100.0,167,-0.3352760930883402,-1.2173607181576145,-6.841052550594827,-3.0749766758377546,-0.030333213381682968,0.030052390418546782,1.3696768105832944,-0.3921908713000117
discharge,2008-04-02 19:43:48.405999,0.6159885827138503,B0007,3,5740,05740.csv,1.880637027686859,-2.9718673543855942,-2.5541708922443727,-1.2322530008820192,99.44923428456647,166,-0.17328056653479865,-1.2061783567477042,0.14617633655117152,-3.0749766758377546,-0.030333213381682968,0.030052390418546782,1.36173025728181,-0.3292596907456759
discharge,2008-04-03 00:01:06.687000,0.6159885827138503,B0007,5,5742,05742.csv,1.8806626717011388,-2.9718673543855942,-2.5541708922443727,-1.209841093826786,99.45059035569906,165,-0.17378822208479547,-1.1950310382056593,0.14617633655117152,-3.0749766758377546,-0.030333213381682968,0.030052390418546782,1.3564521207350246,-0.34087091718640355
discharge,2008-04-03 04:16:37.375000,0.6159885827138503,B0007,7,5744,05744.csv,1.8807709009833444,-2.9718673543855942,-2.5541708922443727,-1.187429186771553,99.45631358622364,164,-0.17491366893119287,-1.1839614079408887,0.14617633655117152,-3.0749766758377546,-0.030333213381682968,0.030052390418546782,1.3530159389040852,-0.3479162095945165
discharge,2008-04-03 08:33:25.702999,0.6159885827138503,B0007,9,5746,05746.csv,1.8794508728285055,-2.9718673543855942,-2.5541708922443727,-1.1650172797163199,99.38650969142621,163,-0.17410153718268956,-1.1728357171729829,0.14617633655117152,-3.0749766758377546,-0.030333213381682968,0.030052390418546782,1.3497180070441097,-0.3511496495884826
discharge,2008-04-03 12:55:10.686999,0.6159885827138503,B0007,11,5748,05748.csv,1.8807003517117404,-2.9718673543855942,-2.5541708922443727,-1.1426053726610867,99.45258289766596,162,-0.17099844908506961,-1.161495823869164,0.14617633655117152,-3.0749766758377546,-0.030333213381682968,-0.018407346091309746,1.3484727026872783,-0.38742564679241326
discharge,2008-04-03 17:17:16.015000,0.6159885827138503,B0007,13,5750,05750.csv,1.8799352523566075,-2.9718673543855942,-2.5541708922443727,-1.1201934656058536,99.41212397661985,161,-0.17078564628604226,-1.15014124103744,0.14617633655117152,-3.0749766758377546,-0.030333213381682968,0.026767224980299098,1.3470587507155538,-0.387194553566608
discharge,2008-04-03 21:28:14.718000,0.6159885827138503,B0007,15,5752,05752.csv,1.88150881240388,-2.9718673543855942,-2.5541708922443727,-1.0977815585506205,99.49533479268811,160,-0.17775869284234297,-1.1392679994401291,0.14617633655117152,-3.0749766758377546,-0.030333213381682968,0.03401336207530767,1.347316697670073,-0.38537193152911225
discharge,2008-04-04 01:38:15.217999,0.6159885827138503,B0007,17,5754,05754.csv,1.8696907870385844,-2.9718673543855942,-2.5541708922443727,-1.0753696514953874,98.87039039563994,159,-0.1783675092459891,-1.1284367837258948,0.14617633655117152,-3.0749766758377546,-0.030333213381682968,-0.021816072056662174,1.3384718447695858,-0.3507310161959409
discharge,2008-04-04 05:48:08.609000,0.6159885827138503,B0007,19,5756,05756.csv,1.870052380139199,-2.9718673543855942,-2.5541708922443727,-1.0529577444401543,98.88951165957833,158,-0.1784418709545183,-1.117610701113281,0.14617633655117152,-3.0749766758377546,-0.030333213381682968,-0.013944031261697572,1.3328511614301268,-0.3412077140093232
discharge,2008-04-04 09:57:19.765000,0.6159885827138503,B0007,21,5758,05758.csv,1.8700442394188577,-2.9718673543855942,-2.5541708922443727,-1.0305458373849212,98.88908117331621,157,-0.17888365850799529,-1.1068151145779013,0.14617633655117152,-3.0749766758377546,-0.030333213381682968,-0.019831226604759226,1.329097828065524,-0.34143864549061637
discharge,2008-04-04 17:56:27.609000,0.6159885827138503,B0007,24,5761,05761.csv,1.8596518987766364,-2.9718673543855942,-2.5541708922443727,-1.0081339303296881,98.33952785490447,156,-0.03456721732676294,-1.0860575331836868,0.14617633655117152,-3.0749766758377546,-0.030333213381682968,-0.06489847103280728,1.3186665452175679,-0.32607682310852437
discharge,2008-04-04 22:01:54.670999,0.6159885827138503,B0007,26,5763,05763.csv,1.8590746560862208,-2.9718673543855942,-2.5541708922443727,-0.9857220232744549,98.30900290898825,155,-0.18122773186200486,-1.0754237552857029,0.14617633655117152,-3.0749766758377546,-0.030333213381682968,-0.07496685405192806,1.311271936882204,-0.3426933224979815
discharge,2008-04-05 02:20:26.702999,0.6159885827138503,B0007,28,5765,05765.csv,1.8590084577709232,-2.9718673543855942,-2.5541708922443727,-0.9633101162192218,98.30550230165662,154,-0.17301677014580544,-1.0642231843201146,0.14617633655117152,-3.0749766758377546,-0.030333213381682968,-0.01995395405858225,1.3062916905584576,-0.3415832556121286
discharge,2008-04-05 06:25:01.889999,0.6159885827138503,B0007,30,5767,05767.csv,1.8593622586957048,-2.9718673543855942,-2.5541708922443727,-0.9408982091639887,98.32421151057929,153,-0.18177035594989902,-1.0536268631271997,0.14617633655117152,-3.0749766758377546,-0.030333213381682968,-0.01999043095600499,1.303241466394751,-0.35097660830039085
discharge,2008-04-05 10:30:32.311999,0.6159885827138503,B0007,32,5769,05769.csv,1.8587355450601035,-2.9718673543855942,-2.5541708922443727,-0.9184863021087556,98.29107051087615,152,-0.18119258550030667,-1.0429906591170441,0.14617633655117152,-3.0749766758377546,-0.030333213381682968,-0.022886107498980648,1.3007298189234586,-0.3891907835732402
discharge,2008-04-05 14:34:41.468000,0.6159885827138503,B0007,34,5771,05771.csv,1.847817291322145,-2.9718673543855942,-2.5541708922443727,-0.8960743950535225,97.7137065868551,151,-0.18204264601952097,-1.0324131337886298,0.14617633655117152,-3.0749766758377546,-0.030333213381682968,-0.025348022945651135,1.290725069923159,-0.34924190691088874
discharge,2008-04-05 18:39:25.217999,0.6159885827138503,B0007,36,5773,05773.csv,1.8485252916137047,-2.9718673543855942,-2.5541708922443727,-0.8736624879982893,97.75114607455649,150,-0.1816807850658203,-1.0218106296225247,0.14617633655117152,-3.0749766758377546,-0.030333213381682968,-0.01933151646255279,1.2845954213604633,-0.3412634235379231
discharge,2008-04-05 22:46:35.484000,0.6159885827138503,B0007,38,5775,05775.csv,1.848378951850034,-2.9718673543855942,-2.5541708922443727,-0.8512505809430562,97.74340753850292,149,-0.18014819492645187,-1.011102332554626,0.14617633655117152,-3.0749766758377546,-0.030333213381682968,-0.019706676296501482,1.2803973359039915,-0.34151890022420806
discharge,2008-04-18 21:10:19.795999,0.6159885827138503,B0007,41,5778,05778.csv,1.8807805437609768,-1.5865297700270324,-1.4205713670261513,-0.8288386738878231,99.45682350219244,148,11.353232047204656,-0.20425830946220558,0.14617633655117152,-1.684751947893044,-0.030333213381682968,0.13031611701287169,1.3023201061820575,-0.2714317413647824
discharge,2008-04-19 02:29:09.000000,0.6159885827138503,B0007,45,5782,05782.csv,1.88147215974436,-1.5304534579838542,-1.4164185013793378,-0.80642676683259,99.49339657767369,147,-0.13518034227813772,-0.19044593420869824,0.14617633655117152,-1.6600749255595715,0.7465693655109085,0.13648750935713463,1.3174629697100375,-0.23824545725389396
discharge,2008-04-19 07:47:15.702999,0.6159885827138503,B0007,49,5786,05786.csv,1.8810954313244783,-1.5780609808549264,-1.4312415795342643,-0.7840148597773569,99.47347494881129,146,-0.13562491226154794,-0.17666424710030365,0.14617633655117152,-1.689578601762353,-0.9429924789900646,0.1858347194235723,1.3272707789826375,-0.2392998799731485
discharge,2008-04-19 13:01:42.561999,0.6159885827138503,B0007,53,5790,05790.csv,1.8710089649779995,-1.6251105617388333,-1.4482812583207547,-0.7616029527221237,98.94009644991608,145,-0.13792452964441046,-0.16304129988569976,0.14617633655117152,-1.7205462583311069,-1.0086794537600337,0.1353034351293541,1.3261136312888513,-0.2708203241558933
discharge,2008-04-19 18:27:29.827999,0.6159885827138503,B0007,57,5794,05794.csv,1.8701995151941373,-1.5986594180894977,-1.4258579559046274,-0.7391910456668906,98.89729225111972,144,-0.1308073202971527,-0.14892706004811893,0.14617633655117152,-1.6934121922876213,0.846500010492863,0.13219927055390743,1.3247246123089498,-0.34288761713286303
discharge,2008-04-19 23:41:55.686999,0.6159885827138503,B0007,61,5798,05798.csv,1.8706715362800983,-1.6100388553536655,-1.4483275900501618,-0.7167791386116575,98.92225301434723,143,-0.13793498986799319,-0.13530483489049405,0.14617633655117152,-1.7147939320241405,-0.7077106040370978,-0.01727010805011932,1.3241587383314837,-0.34223920729203733
discharge,2008-04-20 04:54:41.734000,0.6159885827138503,B0007,65,5802,05802.csv,1.8596124644020169,-1.6145088119511213,-1.4269751172356595,-0.6943672315564244,98.33744254109715,142,-0.13897904569377287,-0.12175467968334491,0.14617633655117152,-1.7003440438327748,0.43463797594994297,-0.0722776752501396,1.3153437314209269,-0.32722960865828066
discharge,2008-04-20 10:16:28.859000,0.6159885827138503,B0007,69,5806,05806.csv,1.860033909718346,-1.6681389582851673,-1.4391684208673974,-0.6719553245011913,98.35972882674649,141,-0.1333192488485342,-0.10781383533078161,0.14617633655117152,-1.7301693092327073,-0.9799677168048997,-0.06854124756611499,1.3097886109479384,-0.34155197149864025
discharge,2008-04-20 15:37:05.280999,0.6159885827138503,B0007,73,5810,05810.csv,1.8591653109160768,-1.6149252120766822,-1.4254232331028764,-0.6495434174459581,98.31379679174215,140,-0.1340588180469645,-0.0939240425735334,0.14617633655117152,-1.6993289805504381,0.9733987088457492,-0.02539037211465888,1.3054224810949486,-0.341407979749063
discharge,2008-04-20 20:50:38.920999,0.6159885827138503,B0007,77,5814,05814.csv,1.8481398178778288,-1.5966035454730878,-1.443621984214052,-0.627131510390725,97.73076198804469,139,-0.13848121228326,-0.0803395225093001,0.14617633655117152,-1.7060721967288104,-0.2448783508012398,-0.07321392869783079,1.2940995899680037,-0.3240633498683927
discharge,2008-04-21 02:15:02.920999,0.6159885827138503,B0007,81,5818,05818.csv,1.849201702126164,-1.6232212867020632,-1.4306251072808058,-0.6047196033354919,97.78691507545129,138,-0.1316783012739927,-0.06628540546814085,0.14617633655117152,-1.7064530270075386,-0.04250956396986733,-0.07045264885399101,1.2873611833907208,-0.34085323443989557
discharge,2008-04-22 15:33:49.875000,0.6159885827138503,B0007,85,5822,05822.csv,1.8834677437950849,-1.4767759325367522,-1.2935059646144467,-0.5823076962802588,99.5989242807197,137,1.0698138789498344,0.030706309149228526,0.14617633655117152,-1.5464040912899089,5.088362366520469,0.14172422612382185,1.3090129284406955,-0.27069146248137305
discharge,2008-04-22 20:26:18.920999,0.6159885827138503,B0007,89,5826,05826.csv,1.8628211117905844,-1.4561822900036325,-1.3676449285510157,-0.5598957892250257,98.50711777410832,136,-0.15170914827510498,0.043377720289314636,0.14617633655117152,-1.5946281553204897,-1.411151592968826,0.04309989938961552,1.3076946316087397,-0.2702120623977031
discharge,2008-04-23 01:18:11.795999,0.6159885827138503,B0007,93,5830,05830.csv,1.852085039652352,-1.4355793298007384,-1.3734357831538917,-0.5374838821697926,97.93938772431541,135,-0.15208750501185586,0.0560230139071318,0.14617633655117152,-1.5911011493677756,0.07394679001369955,-0.0030919243590538676,1.2986244490851124,-0.26581372039403617
discharge,2008-04-23 06:18:19.920999,0.6159885827138503,B0007,97,5834,05834.csv,1.8469504648208708,-1.5319146825662533,-1.3882352909848987,-0.5150719751145595,97.66786827220949,134,-0.14690707928250651,0.06902590624384704,0.14617633655117152,-1.639298045105915,-1.451943027701632,0.024484765869543384,1.2886601260418957,-0.2638568682555286
discharge,2008-04-23 11:08:00.312000,0.6159885827138503,B0007,101,5838,05838.csv,1.836828431169018,-1.503150255542318,-1.3765515217125062,-0.49266006805932633,97.13260895248978,133,-0.15347331726253066,0.08157553886556748,0.14617633655117152,-1.61940677770013,0.5760735516195791,-0.027869625865394917,1.2742944199608992,-0.24024127314629595
discharge,2008-04-23 16:06:25.170999,0.6159885827138503,B0007,105,5842,05842.csv,1.8371619619672277,-1.489879539976725,-1.3958805279248399,-0.4702481610040932,97.150246264743,132,-0.14798726474146143,0.09450386726555728,0.14617633655117152,-1.6289452503336233,-0.31715001622631256,-0.18671520954456305,1.264971757095107,-0.2989496485820472
discharge,2008-04-23 21:02:58.295999,0.6159885827138503,B0007,109,5846,05846.csv,1.8316722583718852,-1.4914759371711648,-1.387295831903987,-0.4478362539488601,96.85994738677314,131,-0.14915602735279448,0.10735151735176654,0.14617633655117152,-1.6230586366859423,0.14784172599410814,-0.11576227744031996,1.2545681606681687,-0.32103031927232945
discharge,2008-04-24 01:51:33.890000,0.6159885827138503,B0007,113,5850,05850.csv,1.8211470951317783,-1.5266701265738636,-1.3674459733834092,-0.425424346893627,96.30337032828774,130,-0.15415110837002108,0.11985436284741245,0.14617633655117152,-1.6215442423356592,0.015318354483707972,-0.11477496626981687,1.239602029244043,-0.311861323873089
discharge,2008-04-24 06:50:00.031000,0.6159885827138503,B0007,117,5854,05854.csv,1.816506091511515,-1.5639229617743886,-1.3979488101349908,-0.4030124398383939,96.0579512231908,129,-0.1479738547243681,0.13278361692517152,0.14617633655117152,-1.6589432144933762,-1.1565542552258536,-0.11246445033328997,1.2260836544095055,-0.3120044726197862
discharge,2008-04-24 11:49:24.280999,0.6159885827138503,B0007,121,5858,05858.csv,1.8113815601504557,-1.4707334510148735,-1.3743269867993713,-0.38060053278316075,95.78696287593304,128,-0.14736602160265924,0.14575482901120665,0.14617633655117152,-1.6052747728380188,1.6285059767987087,-0.08907003748409889,1.2131615327082217,-0.3010841912791123
discharge,2008-04-24 16:45:56.015000,0.6159885827138503,B0007,125,5862,05862.csv,1.8116056333939583,-1.4478805023069787,-1.3961529443009322,-0.35818862572792765,95.79881200586186,127,-0.14917057751333782,0.15860147471688021,0.14617633655117152,-1.6130242342771455,-0.2611147618776699,-0.08958243249170085,1.2047177464249712,-0.32035611632416
discharge,2008-04-24 21:38:11.077999,0.6159885827138503,B0007,129,5866,05866.csv,1.8060548955557405,-1.4814385834939037,-1.4159832422075946,-0.33577671867269454,95.50528559986309,126,-0.15185541358146235,0.17126278933422753,0.14617633655117152,-1.6409240959293625,-0.8656046355610437,-0.08986814727334143,1.1948535003267406,-0.34331038179403534
discharge,2008-04-25 12:03:44.093000,0.6159885827138503,B0007,133,5870,05870.csv,1.8132041826994056,-1.5305824570852609,-1.3929180199388251,-0.31336481161746144,95.8833442691601,125,0.20795485514763312,0.20876138526128968,0.14617633655117152,-1.642331854142569,-0.07329890555548572,-0.007130138343914785,1.1937320392002206,-0.3598422540192686
discharge,2008-04-25 20:03:55.920999,0.6159885827138503,B0007,135,5872,05872.csv,1.8062641938283532,-1.5305824570852609,-1.3929180199388251,-0.29095290456222833,95.51635342031008,124,-0.033897930391505494,0.22956516674853267,0.14617633655117152,-1.642331854142569,-0.030333213381682968,-0.017892196460474616,1.1876893841448977,-0.3639052498989617
discharge,2008-04-26 01:04:35.718000,0.6159885827138503,B0007,139,5876,05876.csv,1.7958310249900458,-1.2808999250450417,-1.2768759675125838,-0.26854099750699517,94.96464108196085,123,-0.1465757830707339,0.24259092807461183,0.14617633655117152,-1.4585985515794422,5.582836394157018,-0.04274310188941681,1.1757007360830076,-0.33407063961020717
discharge,2008-04-26 05:57:35.140000,0.6159885827138503,B0007,143,5880,05880.csv,1.7858852600390451,-1.3364225392866516,-1.278835467043947,-0.2461290904517621,94.43870295876657,122,-0.15139140851309563,0.2552842724182172,0.14617633655117152,-1.4814023247266594,-0.6478127446300028,-0.09035036237431437,1.1601199679995218,-0.30091794025178814
discharge,2008-04-26 10:58:25.843000,0.6159885827138503,B0007,147,5884,05884.csv,1.780326860450275,-1.309023644349789,-1.271751722644351,-0.22371718339652896,94.14477139472056,121,-0.14646170388280083,0.2683179084969885,0.14617633655117152,-1.465518165281551,0.405932140498204,-0.09038622872216909,1.1454918883365113,-0.2752726893788268
discharge,2008-04-29 12:15:56.953000,0.6159885827138503,B0007,149,5886,05886.csv,1.8150756899575575,-1.309023644349789,-1.271751722644351,-0.20130527634129586,95.98231071565729,120,2.424665510064378,0.45883344391518627,0.14617633655117152,-1.465518165281551,-0.030333213381682968,0.03881332956371135,1.1622522047312733,-0.2702243264881212
discharge,2008-04-29 17:05:27.780999,0.6159885827138503,B0007,153,5890,05890.csv,1.815702515484584,-1.1974977545120364,-1.2713869910240123,-0.17889336928606273,96.0154576322473,119,-0.15357334840157277,0.47137617150457134,0.14617633655117152,-1.4224170442718154,1.1417747000519376,0.07423526029658412,1.1739039990599134,-0.2526187210630217
discharge,2008-04-29 22:00:04.750000,0.6159885827138503,B0007,157,5894,05894.csv,1.800243217805667,-1.2276714956397154,-1.267681850125442,-0.15648146223082962,95.19796053200332,118,-0.15037104507281038,0.48413995034103857,0.14617633655117152,-1.4311982758683843,-0.26290504314070645,0.05070684024021759,1.1698768571026716,-0.25317864504641907
discharge,2008-04-30 02:43:55.311999,0.6159885827138503,B0007,161,5898,05898.csv,1.7904476205609308,-1.2474896895097374,-1.2587332027249127,-0.13406955517559652,94.67996336880418,117,-0.15713260683917557,0.4964369864903743,0.14617633655117152,-1.4320331208123986,-0.05256228729966552,0.05140980846565193,1.159718333448385,-0.260397385603901
discharge,2008-04-30 07:41:42.578000,0.6159885827138503,B0007,165,5902,05902.csv,1.780343032300132,-1.2231457004182067,-1.2567535805458787,-0.11165764812036338,94.14562657201503,116,-0.14838049590568672,0.5093381706037929,0.14617633655117152,-1.4211864347313328,0.2586238041772853,0.030128094422281246,1.1452364706309939,-0.2604422489398399
discharge,2008-04-30 12:28:49.265000,0.6159885827138503,B0007,169,5906,05906.csv,1.775328769596812,-1.2103517331465286,-1.2591568956180537,-0.08924574106513028,93.88046929870528,115,-0.1550810954785515,0.521776820178876,0.14617633655117152,-1.418093251883897,0.0515290949009378,-0.15601172927504273,1.1317561554603066,-0.2540678927644315
discharge,2008-04-30 17:20:16.140000,0.6159885827138503,B0007,173,5910,05910.csv,1.770262973473285,-1.1662943220178303,-1.2479263871201045,-0.06683383400989716,93.6125869066702,114,-0.15235947082500695,0.5344033403152367,0.14617633655117152,-1.3926727821999951,0.6411736183510344,-0.18266014949340456,1.1189042201854935,-0.2892598077086161
discharge,2008-04-30 22:14:54.061999,0.6159885827138503,B0007,177,5914,05914.csv,1.760081061854204,-1.1609453276284774,-1.2676618706232259,-0.04442192695466404,93.07416120348377,113,-0.15036107650065647,0.5471678072705609,0.14617633655117152,-1.4055608779434057,-0.36564060064137816,-0.15795553885704575,1.1025677540959091,-0.29552778737760294
discharge,2008-05-01 03:15:33.140000,0.6159885827138503,B0007,181,5918,05918.csv,1.749647593537689,-1.243434291766393,-1.2730210759120304,-0.022010019899430928,92.52243302854406,112,-0.1465833039714899,0.5601930494376722,0.14617633655117152,-1.4412934699606221,-0.9671589641034447,-0.16094155433626578,1.0837163368511489,-0.2869331665654045
discharge,2008-05-01 08:16:03.343000,0.6159885827138503,B0007,185,5922,05922.csv,1.749650075059311,-1.2848465816700556,-1.2453777798154841,0.00040188715580218915,92.52256425292258,111,-0.14667613846624689,0.573211883348372,0.14617633655117152,-1.4362662309880552,0.10435218138958142,-0.11362812666238048,1.0711506186851254,-0.2920233504675533
discharge,2008-05-01 13:14:24.875000,0.6159885827138503,B0007,189,5926,05926.csv,1.745028739214683,-1.2307918882794964,-1.2491614242467628,0.022813794211035306,92.2781851918098,110,-0.14802206589486094,0.5861378094655145,0.14617633655117152,-1.4183743567051952,0.44753972133250297,-0.11178874918601397,1.0592475253099267,-0.30510659802792056
discharge,2008-05-01 18:11:10.984000,0.6159885827138503,B0007,193,5930,05930.csv,1.739645745528673,-1.2214941080038026,-1.247607684410918,0.04522570126626842,91.9935291989993,109,-0.14902021180979624,0.5989948347395403,0.14617633655117152,-1.4136277272253364,0.09507497239271273,-0.1132736210879556,1.0472050585053063,-0.32785832537169857
discharge,2008-05-01 23:10:15.265000,0.6159885827138503,B0007,197,5934,05934.csv,1.7285642277717963,-1.190129861631631,-1.2613803690064367,0.06763760832150154,91.40753177397374,108,-0.14757490179692262,0.6119516280704821,0.14617633655117152,-1.4120116569488683,0.012242133946868705,-0.11748487626397118,1.030721864142273,-0.316849829958388
discharge,2008-05-02 03:53:34.765000,0.6159885827138503,B0007,201,5938,05938.csv,1.723900324588418,-1.200007232531528,-1.230724374583413,0.09004951537673465,91.16090172599749,107,-0.15745752229364227,0.6242262356866549,0.14617633655117152,-1.3925943178750142,0.4807191708135802,-0.09047626659638777,1.0161746422991798,-0.2992107244681873
discharge,2008-05-02 08:44:40.859000,0.6159885827138503,B0007,205,5942,05942.csv,1.7139788776485192,-1.197293001599599,-1.2632706391335984,0.11246142243196777,90.63624955407813,106,-0.15257684473127975,0.6368377507569329,0.14617633655117152,-1.41619339571164,-0.6442777586627855,-0.13693236926638525,0.9989067123130178,-0.28627140834075315
discharge,2008-05-02 13:43:05.092999,0.6159885827138503,B0007,209,5946,05946.csv,1.7139701997004613,-1.2506104633548427,-1.2825704827945965,0.13487332948720088,90.63579065888634,105,-0.1479938023812006,0.6497656278713108,0.14617633655117152,-1.4512790727717573,-0.9560945317631728,-0.11533949809087173,0.9873881379611306,-0.29989626257563134
discharge,2008-05-02 19:07:48.359000,0.6159885827138503,B0007,213,5950,05950.csv,1.7036521173638766,-1.2129639171981306,-1.2501734707912597,0.157285236542434,90.09016416501656,104,-0.1314767745959875,0.6638336560629516,0.14617633655117152,-1.4122948073786359,1.0205223392230032,-0.13844173889456052,0.9718366847654215,-0.3091634008450941
discharge,2008-05-02 23:24:17.687000,0.6159885827138503,B0007,215,5952,05952.csv,1.7040137474382486,-1.2129639171981306,-1.2501734707912597,0.1796971435976671,90.10928738414982,103,-0.1743002814203013,0.6749456277489766,0.14617633655117152,-1.4122948073786359,-0.030333213381682968,-0.08487383455328039,0.961744962772407,-0.32033742624274997
discharge,2008-05-03 04:13:08.609000,0.6159885827138503,B0007,219,5956,05956.csv,1.6935716157343033,-1.19667505398531,-1.2242873811422594,0.20210905065290022,89.55710108399319,102,-0.15399077407340517,0.6874595409332758,0.14617633655117152,-1.3864412351898836,0.650232734221276,-0.11192299945234234,0.9470500983402601,-0.31931066936012936
discharge,2008-05-03 09:10:19.812000,0.6159885827138503,B0007,223,5960,05960.csv,1.6876577363877656,-1.1391756618093318,-1.2383849112958172,0.22452095770813335,89.24437153331117,101,-0.14875772295921105,0.7003346855051352,0.14617633655117152,-1.3750354410645442,0.26531425588879537,-0.09316268973265616,0.9327414001574867,-0.3049831951574586
discharge,2008-05-03 14:04:34.186999,0.6159885827138503,B0007,227,5964,05964.csv,1.6830744356583152,-1.1696497767362595,-1.2137696325471592,0.24693286476336646,89.00200379231205,100,-0.15060738338535912,0.7130821501847725,0.14617633655117152,-1.3681005999258307,0.14821743281112304,-0.11457751012690917,0.9197053398165422,-0.3119820672253562
discharge,2008-05-03 18:58:13.468000,0.6159885827138503,B0007,231,5968,05968.csv,1.6779270142025482,-1.1641730874673641,-1.2317762524917009,0.26934477181859956,88.72980500287017,99,-0.15097447445085116,0.7258042749982297,0.14617633655117152,-1.379630710541903,-0.32599166662405876,-0.09037250364359957,0.9070872966191622,-0.30615281322474885
discharge,2008-05-03 23:42:30.092999,0.6159885827138503,B0007,235,5972,05972.csv,1.6732060275966172,-1.1715511646422405,-1.2265444645135652,0.29175667887383266,88.4801563486559,98,-0.15685998203193877,0.7381201301186116,0.14617633655117152,-1.378502754505667,-0.0012131273551764833,-0.11416535576339609,0.895073289190492,-0.3239543361671141
discharge,2008-05-04 04:41:40.000000,0.6159885827138503,B0007,239,5976,05976.csv,1.6674367208253988,-1.181298433178102,-1.2170328439136995,0.3141685859290658,88.17507188402843,97,-0.14751605256858594,0.7510809857428397,0.14617633655117152,-1.375044214881773,0.05889544964742493,-0.09229082939257353,0.8826621337768815,-0.3241664485735544
discharge,2008-05-04 09:40:11.906000,0.6159885827138503,B0007,243,5980,05980.csv,1.6622662630667526,-1.2207779173889863,-1.2021897206513719,0.33658049298429893,87.90165492082501,96,-0.1479135515354137,0.7640144024790834,0.14617633655117152,-1.3789660193188946,-0.13130803264826876,-0.08881070861700675,0.8704431178198854,-0.32176121331919416
discharge,2008-05-04 14:38:13.359000,0.6159885827138503,B0007,247,5984,05984.csv,1.6574243065763063,-1.156535390611031,-1.1952830471493734,0.35899240003953203,87.645609305257,95,-0.14823209672417867,0.7769258304141422,0.14617633655117152,-1.3490682873939732,0.7412246198043413,-0.09002153340636308,0.8586028319670248,-0.3219762189964701
discharge,2008-05-04 19:37:07.889999,0.6159885827138503,B0007,251,5988,05988.csv,1.652538684928734,-1.2493950358965655,-1.2185392711110494,0.38140430709476514,87.38725464951953,94,-0.14767688898731451,0.7898755836888159,0.14617633655117152,-1.4023332621858158,-1.381107560481825,-0.08879599063712272,0.8469817175761406,-0.3227702165795386
discharge,2008-05-05 00:35:53.968000,0.6159885827138503,B0007,255,5992,05992.csv,1.6472174627573322,-1.1975030991050644,-1.2122312318994162,0.40381621414999824,87.10586517211738,93,-0.14776530923633888,0.8028192334172893,0.14617633655117152,-1.3776312859345736,0.616045659694933,-0.0916058259925284,0.8351743666714319,-0.3244035531233499
discharge,2008-05-05 05:28:13.936999,0.6159885827138503,B0007,259,5996,05996.csv,1.6364136810898071,-1.191841041214364,-1.2283379428561652,0.4262281212052314,86.53455460107405,92,-0.15180409572456546,0.8154840904461761,0.14617633655117152,-1.387651763861721,-0.2887240026694505,-0.11517331578038913,0.8190598209857965,-0.3070099067784841
discharge,2008-05-05 11:41:31.500000,0.6159885827138503,B0007,263,6000,06000.csv,1.6362554312048496,-1.2071791293619096,-1.2244539328299666,0.4486400282604645,86.52618625053486,91,-0.10099257638949462,0.8316564071258303,0.14617633655117152,-1.390600808296079,-0.1068296870791992,-0.09171006284720819,0.8081960503632577,-0.31094613064265786
discharge,2008-05-05 20:40:08.561999,0.6159885827138503,B0007,265,6002,06002.csv,1.641119179218384,-1.2071791293619096,-1.2244539328299666,0.4710519353156976,86.78338421514901,90,0.0027676009582979157,0.8549911672861441,0.14617633655117152,-1.390600808296079,-0.030333213381682968,-0.04627551475772241,0.8046644381426575,-0.331654723856164
discharge,2008-05-06 01:38:46.265000,0.6159885827138503,B0007,269,6006,06006.csv,1.6315700789656966,-1.2185188204416852,-1.1828253604578238,0.4934638423709307,86.27842196339309,89,-0.1478529136088443,0.8679287697874177,0.14617633655117152,-1.3634374659773598,0.6755015012235928,-0.06810628890312163,0.7950243378466928,-0.34158984505224493
discharge,2008-05-06 06:37:06.296000,0.6159885827138503,B0007,273,6010,06010.csv,1.621213282987236,-1.2268759286875666,-1.1912638495297572,0.5158757494261639,85.73074826850355,88,-0.14803776669045865,0.8808536120970345,0.14617633655117152,-1.3730354438664447,-0.27577681221834754,-0.09167892293511067,0.7806956632795871,-0.3275859579195754
discharge,2008-05-06 11:25:21.030999,0.6159885827138503,B0007,277,6014,06014.csv,1.6164273214762122,-1.1971112562485888,-1.2299388824901551,0.538287656481397,85.47766370163623,87,-0.1543692981946538,0.893341396204709,0.14617633655117152,-1.3908875788942126,-0.4894301778109372,-0.06350817662995678,0.7674916609314849,-0.3041814687923522
discharge,2008-05-06 16:23:36.295999,0.6159885827138503,B0007,281,6018,06018.csv,1.615823510161921,-1.1351186255257604,-1.1918711666106732,0.5606995635366301,85.44573379066746,86,-0.14808762011605395,0.9062627971907633,0.14617633655117152,-1.338261243339189,1.3373858000689594,-0.06559394816561194,0.7582283018243047,-0.29909719702849363
discharge,2008-05-06 21:21:49.265000,0.6159885827138503,B0007,285,6022,06022.csv,1.61672418029789,-0.9708051963351346,-1.1803259864286082,0.5831114705918632,85.49336177737963,85,-0.14811163677893965,0.9191825403347158,0.14617633655117152,-1.266425260163957,1.7800570055904759,-0.08414599169184611,0.7527399148068004,-0.3355649826979083
discharge,2008-05-07 02:17:25.155999,0.6159885827138503,B0007,289,6026,06026.csv,1.6108655863730026,-1.0800510603671165,-1.1679653132481136,0.6055233776470963,85.1835557535501,84,-0.14975470779978894,0.9319888642110613,0.14617633655117152,-1.2990162550472082,-0.8190581577744176,-0.06686991583808334,0.7446110494395366,-0.36077821062224136
discharge,2008-05-07 07:04:02.108999,0.6159885827138503,B0007,293,6030,06030.csv,1.6006603374309376,-1.128929296322535,-1.1742162602392157,0.6279352847023294,84.64389595847521,83,-0.15539211976656053,0.9444060441439279,0.14617633655117152,-1.3225177707848477,-0.6095236846056514,-0.06616049066342365,0.7314054909073603,-0.33386513641887816
discharge,2008-05-07 12:01:49.905999,0.6159885827138503,B0007,297,6034,06034.csv,1.5959174487005665,-1.111088847371861,-1.165972820726052,0.6503471917575625,84.39308910654778,82,-0.1483749415374245,0.9573076116688806,0.14617633655117152,-1.3094259473978074,0.2966392003256386,-0.06595885745656915,0.718983095890242,-0.3127882885737947
discharge,2008-05-07 16:59:29.937000,0.6159885827138503,B0007,301,6038,06038.csv,1.5962179519462243,-1.1078792514585272,-1.174194538162294,0.6727590988127956,84.40897990165642,81,-0.14845617562330782,0.9702035717000556,0.14617633655117152,-1.3144182895643253,-0.15409397150965026,-0.06172556111572405,0.7109307746496044,-0.3127120378317548
discharge,2008-05-07 21:56:09.656000,0.6159885827138503,B0007,305,6042,06042.csv,1.5958065114633972,-1.0863458018499619,-1.1790892533356696,0.6951710058680288,84.38722267771132,80,-0.1490870526384899,0.9830559830299849,0.14617633655117152,-1.309855501642256,0.08309959091481453,-0.06786784094548465,0.7052486430921314,-0.3369787339252211
discharge,2008-05-08 02:53:49.936999,0.6159885827138503,B0007,309,6046,06046.csv,1.5906507821480704,-1.110383787056607,-1.1662812788299146,0.7175829129232619,84.11458456358338,79,-0.14845356058833256,0.9959521235739603,0.14617633655117152,-1.309388749106434,-0.018759546467932972,-0.0645775763500211,0.6975268804229618,-0.3618854223002157
discharge,2008-05-09 12:25:07.000000,0.6159885827138503,B0007,312,6049,06049.csv,1.6888211161855506,-0.9745849224335124,-1.1356432334469808,0.739994819978495,89.3058917673428,78,0.9270329672098768,1.0830878391308558,0.14617633655117152,-1.234046585697281,1.8373686588680658,0.44275248244073867,0.7672802139401366,-0.03177371824668456
discharge,2008-05-09 20:28:09.734000,0.6159885827138503,B0007,315,6052,06052.csv,1.6259938279733204,-0.9657097766759754,-1.1429031949960078,0.7624067270337281,85.98354640622486,77,-0.03211021540941439,1.1040150244888907,0.14617633655117152,-1.2361352443470746,-0.07999118666580023,0.17084656974526213,0.7658470006572993,-0.040305721520557766
discharge,2008-05-10 01:21:56.500000,0.6159885827138503,B0007,319,6056,06056.csv,1.6157433862812898,-1.0394494296204382,-1.1628111330868196,0.7848186340889612,85.44149679093846,76,-0.15089617968779465,1.1167425538981142,0.14617633655117152,-1.2795232645254535,-1.0630574537893882,0.12145526435735199,0.7570707293973648,-0.056340311636822675
discharge,2008-05-10 06:18:12.000000,0.6159885827138503,B0007,323,6060,06060.csv,1.6056626764846538,-1.0578267629961517,-1.1598791058749647,0.8072305411441943,84.90842270191371,75,-0.14934038879344017,1.1295774777300667,0.14617633655117152,-1.2843601148740613,-0.14824231438265847,0.07619127744653412,0.7435285867658425,-0.06926038719856702
discharge,2008-05-10 11:16:04.843000,0.6159885827138503,B0007,327,6064,06064.csv,1.5949746921524348,-1.0082116938564056,-1.1540622217119687,0.8296424481994275,84.34323556466374,74,-0.148322159249226,1.1424826887545358,0.14617633655117152,-1.2609042977672396,0.5429995860315378,0.05029356888707845,0.7263458633387132,-0.07742791656917206
discharge,2008-05-10 16:11:56.109000,0.6159885827138503,B0007,331,6068,06068.csv,1.5904102438871943,-1.0344255842955716,-1.138998641149099,0.8520543552546606,84.1018647534828,73,-0.14959388185174416,1.155300114257657,0.14617633655117152,-1.2595653170934364,0.0019724390305195707,-0.43063065511762577,0.7114081700626859,-0.26705395233080104
discharge,2008-05-10 21:07:54.625000,0.6159885827138503,B0007,335,6072,06072.csv,1.5853517062988178,-0.9669798024375186,-1.1027916505413091,0.8744662623098937,83.83436619721833,72,-0.14951804523076934,1.168122774673877,0.14617633655117152,-1.2062538047885971,1.2549675693360562,-0.16020236449611155,0.6975901874403758,-0.2875924395687619
discharge,2008-05-11 02:05:21.795999,0.6159885827138503,B0007,339,6076,06076.csv,1.5799737147242376,-0.9959557931907511,-1.1210085888287182,0.8968781693651268,83.5499747191144,71,-0.14859069411950218,1.1810094490508563,0.14617633655117152,-1.2311726819226125,-0.6139696346873723,-0.13739334851132357,0.6842749442732311,-0.30844089773319194
discharge,2008-05-11 06:55:27.734000,0.6159885827138503,B0007,343,6080,06080.csv,1.5752185465278068,-1.009910115567759,-1.1144395752365468,0.91929007642036,83.29851852152426,70,-0.15320608993066254,1.1935775280622216,0.14617633655117152,-1.2315575113503094,-0.03946829309726839,-0.11246331114640665,0.6717700572824586,-0.3246833632435734
discharge,2008-05-11 11:52:47.186999,0.6159885827138503,B0007,347,6084,06084.csv,1.569798484648868,-1.035376930668835,-1.1146675254906446,0.9417019834755931,83.01190234003897,69,-0.14867142612511375,1.2064586296034367,0.14617633655117152,-1.2415091329101486,-0.2666140892739279,-0.08780300174412932,0.6592981127562348,-0.32279298190839095
discharge,2008-05-11 16:49:58.920999,0.6159885827138503,B0007,351,6088,06088.csv,1.5702565375950357,-1.02831487385188,-1.1183541130257266,0.9641138905308262,83.0361244595057,68,-0.14875216858048865,1.2193341575875518,0.14617633655117152,-1.2415885410347227,-0.03222883010269152,-0.0642915634218891,0.6513329644541395,-0.3356341101015382
discharge,2008-05-11 21:47:12.843000,0.6159885827138503,B0007,355,6092,06092.csv,1.565249873909438,-1.0011470662731214,-1.1264969955225486,0.9865257975860593,82.77136902689281,67,-0.14872928160082943,1.2322112654330597,0.14617633655117152,-1.2373214499948262,0.07153444199087618,-0.06404873021700146,0.6422029234615736,-0.34397796359288574
discharge,2008-05-12 02:36:58.920999,0.6159885827138503,B0007,359,6096,06096.csv,1.559633933561147,-1.0068020402081461,-1.109285554526373,1.0089377046412924,82.4743946723507,66,-0.15341382999193606,1.244765004391376,0.14617633655117152,-1.226461842375213,0.22831466335196743,-0.06516262102189473,0.631831426561386,-0.3420035982751783
discharge,2008-05-12 12:56:34.780999,0.6159885827138503,B0007,363,6100,06100.csv,1.5649820533392105,-0.9764278740206047,-1.1065667672570842,1.0313496116965255,82.75720651161599,65,0.05359171439210214,1.2716080935583383,0.14617633655117152,-1.212739986268142,0.29456605910127764,-0.017866896826828054,0.6289975587149508,-0.355271305873762
discharge,2008-05-12 18:59:59.453000,0.6159885827138503,B0007,366,6103,06103.csv,1.57497949984227,-1.001878313145732,-1.166595709881843,1.0537615187517586,83.28587758683834,64,-0.10719434880968576,1.2873523091535983,0.14617633655117152,-1.2679616470481476,-1.3282098150651,0.054305867727734984,0.6347360810818746,-0.34242617741046155
discharge,2008-05-12 23:53:17.609000,0.6159885827138503,B0007,370,6107,06107.csv,1.5652811168780458,-0.9928837332507837,-1.1151439947191033,1.0761734258069917,82.77302117414882,63,-0.15119544668449666,1.30005918051265,0.14617633655117152,-1.2255528555999793,0.996861911777263,0.006761346297144951,0.6311621720439887,-0.3447546151074116
discharge,2008-05-13 04:35:25.359000,0.6159885827138503,B0007,374,6111,06111.csv,1.559755497470126,-0.9969339821179257,-1.1152309417853332,1.0985853328622248,82.48082304608076,62,-0.15820804333570346,1.3122819805405725,0.14617633655117152,-1.2271739451888728,-0.0686976997051553,0.004331999853258147,0.6245636754245629,-0.33883745500606033
discharge,2008-05-13 09:24:04.718000,0.6159885827138503,B0007,378,6115,06115.csv,1.549897685670499,-0.9933115174514361,-1.1457430459361742,1.120997239917458,81.95953593923268,61,-0.15411172563869233,1.3247875445800226,0.14617633655117152,-1.2488841724085178,-0.5445752584586223,-0.015525138015106401,0.6126434473913057,-0.3140107515572305
discharge,2008-05-13 14:20:24.937000,0.6159885827138503,B0007,382,6119,06119.csv,1.543877153134502,-1.0717203181996668,-1.1320114161313317,1.143409146972691,81.6411665027728,60,-0.14929102699835323,1.3376258757988595,0.14617633655117152,-1.2685960277380142,-0.5027915835929407,-0.06874431237426572,0.6001031334548547,-0.28696037249118705
discharge,2008-05-13 19:04:20.530999,0.6159885827138503,B0007,386,6123,06123.csv,1.5450187488690073,-0.9544541930152846,-1.132411299713269,1.1658210540279241,81.70153478223752,59,-0.15707997099410725,1.349926545338914,0.14617633655117152,-1.2238696089336205,1.0533782618993206,-0.11020050728027816,0.5926139292701289,-0.3119477581922751
discharge,2008-05-13 23:59:26.015000,0.6159885827138503,B0007,390,6127,06127.csv,1.5445940154102908,-0.9850106663052038,-1.0995774741361657,1.1882329610831572,81.6790746176111,58,-0.15007277179734868,1.3627109136301403,0.14617633655117152,-1.2107439939901337,0.2800133486451869,-0.06678850413818573,0.5872970669203886,-0.33530044535343323
discharge,2008-05-14 04:55:57.453000,0.6159885827138503,B0007,394,6131,06131.csv,1.5343086721758876,-0.9669956640750331,-1.082625326138553,1.2106448681383903,81.13517938745419,57,-0.14917367374997853,1.3755573456062258,0.14617633655117152,-1.1909916353961711,0.4334101014740925,-0.0890698234384321,0.5759050673974389,-0.34365558543770347
discharge,2008-05-14 09:52:22.062000,0.6159885827138503,B0007,398,6135,06135.csv,1.5287603942958483,-0.8933839245498759,-1.0921275182547492,1.2330567751936234,80.84178306554588,56,-0.14924510661682502,1.3883988466552013,0.14617633655117152,-1.169919632340124,0.4592056651141382,-0.06889594260036648,0.5640772226842647,-0.3291551567162466
discharge,2008-05-14 14:35:22.515000,0.6159885827138503,B0007,402,6139,06139.csv,1.5289260249179843,-1.118224622683233,-1.1042452311251014,1.2554686822488568,80.85054171397351,55,-0.1576567581722226,1.4006597012520932,0.14617633655117152,-1.2654310370605841,-2.2246840575573312,-0.03993714549477481,0.55631836433367,-0.32330026363479936
discharge,2008-05-14 19:31:39.390000,0.6159885827138503,B0007,406,6143,06143.csv,1.529091650133123,-0.9723911843539121,-1.1170911859739203,1.2778805893040899,80.85930007647583,54,-0.1493260059860139,1.413495617912392,0.14617633655117152,-1.2191581450870739,1.0888879663191864,-0.044505879220172684,0.5512721594327424,-0.3339395265057582
discharge,2008-05-15 00:27:55.625000,0.6159885827138503,B0007,410,6147,06147.csv,1.5239059324661248,-0.9473473458710568,-1.1138571029832067,1.300292496359323,80.5850761600015,53,-0.14933270052910685,1.4263310724562244,0.14617633655117152,-1.2070929497191996,0.2542161836985106,-0.06679309864620701,0.5439514676077494,-0.3607357553065415
discharge,2008-05-15 05:24:04.889999,0.6159885827138503,B0007,414,6151,06151.csv,1.5186675419100617,-0.8502122217910613,-1.116697880709279,1.322704403414556,80.30806686899294,52,-0.14940560829793872,1.4391614942621904,0.14617633655117152,-1.1719447027536645,0.793259790707559,-0.04316719760261375,0.5350742632490902,-0.35307823222700735
discharge,2008-05-15 10:20:03.875000,0.6159885827138503,B0007,418,6155,06155.csv,1.5136482266426952,-0.9802194455154523,-1.060464981811683,1.3451163104697892,80.04264241301145,51,-0.1495131393754488,1.4519844933238553,0.14617633655117152,-1.1792914872154854,-0.19930337979391333,-0.04069100669311673,0.5253265320880958,-0.3350038950028832
discharge,2008-05-15 15:10:59.436999,0.6159885827138503,B0007,422,6159,06159.csv,1.5136050185229033,-0.9066743725723523,-1.1022689104858456,1.3675282175250223,80.04035754125528,50,-0.15268701181651334,1.4645884036893073,0.14617633655117152,-1.1827012663612286,-0.10905933402293749,-0.041668627004880734,0.5187950780798184,-0.3347586604926954
discharge,2008-05-15 19:56:47.390000,0.6159885827138503,B0007,426,6163,06163.csv,1.5139470614867965,-0.9486439438499125,-1.0804615652428273,1.3899401245802554,80.05844498202711,49,-0.15590467071165431,1.47697020283092,0.14617633655117152,-1.1823065142168916,-0.02120262068046348,-0.04084277652835585,0.5147017444697101,-0.35344234000849367
discharge,2008-05-16 16:54:59.811999,0.6159885827138503,B0007,430,6167,06167.csv,1.5339599193158786,-0.9950480481738463,-1.1198004498755025,1.4123520316354885,81.1167371232789,48,0.45439151982335685,1.5314800330042935,0.14617633655117152,-1.2299094135652213,-1.1311556880189622,0.07711732515139907,0.5272420972415058,-0.3173413439578619
discharge,2008-05-16 21:37:39.670999,0.6159885827138503,B0007,432,6169,06169.csv,1.5391372798653098,-0.9950480481738463,-1.1198004498755025,1.4347639386907214,81.39051911027366,47,-0.15787217601668543,1.543726017559758,0.14617633655117152,-1.2299094135652213,-0.030333213381682968,0.1258757583281571,0.5395525114038474,-0.2842643424589172
discharge,2008-05-17 02:32:13.968000,0.6159885827138503,B0007,436,6173,06173.csv,1.5236247972838737,-0.9377649480714083,-1.08310470166267,1.4571758457459545,80.57020955991136,46,-0.15039899479022345,1.5564878670599767,0.14617633655117152,-1.180130236589026,1.1505156797134353,0.07675492276731909,0.5359238707664008,-0.2934658229445757
discharge,2008-05-17 07:25:19.905999,0.6159885827138503,B0007,440,6177,06177.csv,1.5135813035589147,-0.895865386552544,-1.0473940574579528,1.4795877528011876,80.03910347947992,45,-0.15132324970669073,1.5691859163261357,0.14617633655117152,-1.1370040439635116,0.9658194865388764,0.02994137543026469,0.5258418766883745,-0.2934164648736207
discharge,2008-05-17 12:21:15.890000,0.6159885827138503,B0007,444,6181,06181.csv,1.5077850749847914,-0.9632823696457966,-1.0655539034123285,1.5019996598564207,79.7325953734772,44,-0.14954453050642058,1.5820067484948066,0.14617633655117152,-1.1766407039561617,-0.925508800161753,0.001206769584192188,0.5146981896045776,-0.27921455230173214
discharge,2008-05-17 17:15:37.280999,0.6159885827138503,B0007,448,6185,06185.csv,1.5031960676037333,-0.9011782409092567,-1.0531888197806887,1.5244115669116538,79.48992586125676,43,-0.15053399445670268,1.5947592791262095,0.14617633655117152,-1.1434314451427214,0.7353425910293835,-0.11395999935285278,0.503767782649932,-0.26984425854023236
discharge,2008-05-17 22:10:51.218000,0.6159885827138503,B0007,452,6189,06189.csv,1.497822059699588,-0.8753715021605766,-1.043476631398539,1.546823473966887,79.20574504207774,42,-0.14998435152740383,1.6075497509650798,0.14617633655117152,-1.1261686211741313,0.36083700055226703,-0.16335328731224738,0.49238062935524,-0.30730086950983954
discharge,2008-05-18 03:05:19.265000,0.6159885827138503,B0007,456,6193,06193.csv,1.492848534633516,-0.8817642019950684,-1.0275078990691682,1.56923538102212,78.94274199989883,41,-0.15046437119807574,1.6203070876084578,0.14617633655117152,-1.1165331693480491,0.18606906875973658,-0.11401809769788365,0.480994535525986,-0.3226724463487855
discharge,2008-05-18 08:00:50.420999,0.6159885827138503,B0007,460,6197,06197.csv,1.492414389867026,-0.913661734737319,-1.0320255217515257,1.5916472880773533,78.91978415957107,40,-0.14980423695845319,1.633109992545007,0.14617633655117152,-1.1322019132850616,-0.38050564574886697,-0.06903461121494577,0.47307256618615756,-0.3353157107254756
discharge,2008-05-18 12:44:48.436999,0.6159885827138503,B0007,464,6201,06201.csv,1.487482776538081,-0.8407417413782868,-1.0273558038118868,1.6140591951325864,78.65899743564148,39,-0.15705463632212965,1.645412410907787,0.14617633655117152,-1.1006657456003512,0.6801360286397058,-0.06498715614150452,0.46402857245795825,-0.3411607488063703
discharge,2008-05-18 17:36:29.734000,0.6159885827138503,B0007,468,6205,06205.csv,1.482535148640411,-0.8990313940325368,-1.037506034735887,1.6364711021878195,78.39736385153971,38,-0.15220861347003653,1.6580493445506221,0.14617633655117152,-1.1307333767275571,-0.6968981761588394,-0.06666593804767006,0.4542243438099723,-0.34250078841507126
discharge,2008-05-18 22:31:45.515000,0.6159885827138503,B0007,472,6209,06209.csv,1.4827874322228984,-0.9023699590037105,-1.0510118463022564,1.6588830092430527,78.41070476141842,37,-0.14996506288557748,1.6708411478618401,0.14617633655117152,-1.1422408316953794,-0.2893855364456923,-0.040328023987949824,0.44788067658261693,-0.34956188478629785
discharge,2008-05-19 03:27:07.764999,0.6159885827138503,B0007,476,6213,06213.csv,1.476971179775059,-0.8770748681891549,-1.008348455407116,1.6812949162982858,78.10313778074762,36,-0.14989739570968103,1.6836376221589338,0.14617633655117152,-1.1002265718018849,0.9211103545574094,-0.044273017134767584,0.4392139297526134,-0.3425505492996523
discharge,2008-05-19 15:34:33.625000,0.6159885827138503,B0007,480,6217,06217.csv,1.4819015554137276,-0.9077931880129203,-1.0127456336124163,1.7037068233535189,78.36385905485969,35,0.12126936098285566,1.7151524199813808,0.14617633655117152,-1.1153513176624752,-0.3655569468254854,-0.01916051136815917,0.4371978350450804,-0.36030348324608735
discharge,2008-05-19 20:59:48.436999,0.6159885827138503,B0007,482,6219,06219.csv,1.4981366198874824,-0.9077931880129203,-1.0127456336124163,1.726118730408752,79.2223791768746,34,-0.13114679640376697,1.72924322618104,0.14617633655117152,-1.1153513176624752,-0.030333213381682968,0.07992538601589942,0.44824066477026947,-0.3238070548666297
discharge,2008-05-20 01:16:42.609000,0.6159885827138503,B0007,484,6221,06221.csv,1.4820775214392872,-0.9077931880129203,-1.0127456336124163,1.748530637463985,78.37316424573085,33,-0.1740404076151516,1.7403731366513757,0.14617633655117152,-1.1153513176624752,-0.030333213381682968,0.027910136338176704,0.4433499154674971,-0.32354926490504526
discharge,2008-05-20 06:12:06.264999,0.6159885827138503,B0007,488,6225,06225.csv,1.4771155312812152,-0.9880633943032939,-1.0452612388901728,1.7709425445192182,78.11077117652985,32,-0.1498826886353237,1.753170626160582,0.14617633655117152,-1.1707924886527463,-1.268611226963998,0.0035009684184212756,0.43630355843988855,-0.3179603137829301
discharge,2008-05-20 11:07:23.452999,0.6159885827138503,B0007,492,6229,06229.csv,1.4720772783056488,-0.8466127889281327,-1.0499802517826058,1.7933544515744513,77.84434528297595,31,-0.1499503453509966,1.7659634454059694,0.14617633655117152,-1.1200495234784709,1.136008223906111,0.0071429559137219795,0.42776194323303174,-0.308644175107783
discharge,2008-05-20 15:57:27.312000,0.6159885827138503,B0007,496,6233,06233.csv,1.472248013656454,-0.8565617735278265,-1.0295596449328464,1.8157663586296844,77.85337387257239,30,-0.15322783673549104,1.7785300232608754,0.14617633655117152,-1.1084090658723622,0.23028111716222943,-0.015137972323779047,0.4221977993162352,-0.3001698312377764
discharge,2008-05-20 20:50:39.015000,0.6159885827138503,B0007,500,6237,06237.csv,1.4670106672274663,-0.5929289703891117,-0.950325168403717,1.8381782656849175,77.5764197956411,29,-0.15126294650727604,1.791232235186241,0.14617633655117152,-0.9471866087545031,3.557857119574165,-0.11565507392704082,0.41449242353566285,-0.34338084950362063
discharge,2008-05-21 01:39:38.968000,0.6159885827138503,B0007,504,6241,06241.csv,1.461767249533538,-0.6693764429657769,-0.9045604507995748,1.8605901727401506,77.29914466651282,28,-0.15389630779422947,1.8037526692671184,0.14617633655117152,-0.9418925466771968,0.07856457764250055,-0.06502448166568252,0.4053549276432765,-0.34223675220711763
discharge,2008-05-21 06:24:27.280999,0.6159885827138503,B0007,508,6245,06245.csv,1.4566952670489708,-0.6456529037359227,-0.9115760414350641,1.8830020797953837,77.03093513592873,27,-0.15652851846704904,1.8160914049290537,0.14617633655117152,-0.9380945334328269,0.04759725893889714,-0.0655393800582286,0.39539348520297934,-0.3346345422195792
discharge,2008-05-21 11:18:06.014999,0.6159885827138503,B0007,512,6249,06249.csv,1.451354972758956,-0.614649131691159,-0.9291106486959261,1.9054139868506168,76.74853711324945,26,-0.15098019620361114,1.8288131347766212,0.14617633655117152,-0.9394650964925743,-0.058405466460006245,-0.06695330221304857,0.38467803078077367,-0.32179609336267456
discharge,2008-05-21 16:10:21.202999,0.6159885827138503,B0007,516,6253,06253.csv,1.451615926257375,-0.6819299457150998,-0.8851896943526294,1.92782589390585,76.76233649357621,25,-0.15185410604305433,1.841474539651813,0.14617633655117152,-0.9320470607304784,0.12170256784579424,-0.06653097112264533,0.37773349460343286,-0.3346287249830782
discharge,2008-05-21 21:02:09.781000,0.6159885827138503,B0007,520,6257,06257.csv,1.4468161332173683,-0.6646419313504764,-0.8906591126081689,1.950237800961083,76.50852050701118,24,-0.15213245258213062,1.8541167305915132,0.14617633655117152,-0.9295496004813899,0.020676102111891706,-0.06448268699394286,0.3694416981182591,-0.34323973874778513
discharge,2008-05-22 01:42:59.218000,0.6159885827138503,B0007,524,6261,06261.csv,1.4467570607768785,-0.6655334094901533,-0.8985848921191033,1.9726497080163161,76.50539672029024,23,-0.15902721482513815,1.8662829841712318,0.14617633655117152,-0.9358926600634025,-0.15973606643787516,-0.040213620937662446,0.363868763201298,-0.35700345950488266
discharge,2008-05-22 06:32:40.920999,0.6159885827138503,B0007,528,6265,06265.csv,1.4413797481446793,-0.6624625842259818,-0.8523325581458734,1.9950616150715492,76.22104114507394,22,-0.15345959347011054,1.8788335641302647,0.14617633655117152,-0.8996950772398759,0.7103125551928519,-0.041642938847563975,0.35605073651812996,-0.3563827522402938
discharge,2008-05-22 11:23:22.187000,0.6159885827138503,B0007,532,6269,06269.csv,1.4362456252208178,-0.5799295576915519,-0.8968239356424595,2.0174735221267825,75.94954559011889,21,-0.15283655115193168,1.8914271519705876,0.14617633655117152,-0.9016882722518907,-0.07043771499308552,-0.040677805111386384,0.34692152882789123,-0.3418287958980341
discharge,2008-05-22 16:17:58.890000,0.6159885827138503,B0007,536,6273,06273.csv,1.4368154153924828,-0.6362883523929305,-0.8452605322442778,2.0398854291820157,75.9796764422933,20,-0.15037382750274358,1.9041907387391765,0.14617633655117152,-0.8842900500992211,0.320052449402379,-0.039232072380017205,0.3412701240777537,-0.34832484466058394
discharge,2008-05-22 20:59:50.203000,0.6159885827138503,B0007,540,6277,06277.csv,1.4362945145860049,-0.621033091804479,-0.8749690014043237,2.0622973362372488,75.95213088960035,19,-0.15837997803073292,1.9164016703165334,0.14617633655117152,-0.90092493890955,-0.3626853410811835,-0.019201632047298363,0.3371050883973885,-0.35296968724674443
discharge,2008-05-23 12:13:16.359000,0.6159885827138503,B0007,544,6281,06281.csv,1.4418575315878015,-0.6659791737440547,-0.8759381892520386,2.084709243292482,76.24630662526647,18,0.23800855238189475,1.9559748377538553,0.14617633655117152,-0.9189176337035699,-0.3925638308435919,0.007116611314035579,0.33857282183943116,-0.3678908238790456
discharge,2008-05-23 20:14:29.875000,0.6159885827138503,B0007,547,6284,06284.csv,1.4672063484781797,-0.6407856018475308,-0.9451981513065115,2.107121150347715,77.58676753965592,17,-0.03325266010867356,1.9768231614927467,0.14617633655117152,-0.9616813910669793,-0.8984417465742979,0.15095241517812005,0.35889173778501093,-0.27804690297673007
discharge,2008-05-24 01:09:21.562000,0.6159885827138503,B0007,551,6288,06288.csv,1.4518640367848883,-0.5605136534421837,-0.95787363239233,2.129533057402948,76.77545672975995,16,-0.1502170915125799,1.9895975675631106,0.14617633655117152,-0.9404544753717597,0.4092949729515396,0.10316562717514806,0.36073193388852837,-0.28106123941382555
discharge,2008-05-24 06:00:20.155999,0.6159885827138503,B0007,555,6292,06292.csv,1.44713797527485,-0.6744206341265264,-0.9273563262237075,2.151944964458181,76.52553971151792,15,-0.15265529641861048,2.002203667205323,0.14617633655117152,-0.9610886094375017,-0.45343454268674016,0.07837457488126807,0.3583528806528297,-0.29149218807656563
discharge,2008-05-24 10:42:50.484000,0.6159885827138503,B0007,559,6296,06296.csv,1.441790586562399,-0.7412810036948632,-0.9177560068261752,2.1743568715134143,76.24276653144855,14,-0.15797187239719226,2.014442769836442,0.14617633655117152,-0.9794938510528907,-0.41141514157257375,0.05578071816769066,0.3526869395242967,-0.30242656347317415
discharge,2008-05-24 15:31:10.593000,0.6159885827138503,B0007,563,6300,06300.csv,1.431630947911111,-0.6553422525791104,-0.8942263513033115,2.1967687785686474,75.70551863639822,13,-0.15431308494265997,2.0269344342790445,0.14617633655117152,-0.9286794201436496,1.0310244951931495,-0.017820508211242363,0.3411581298404238,-0.2798779225261102
discharge,2008-05-24 20:21:13.436999,0.6159885827138503,B0007,567,6304,06304.csv,1.4318084249673686,-0.6290988468486919,-0.8928604667196312,2.2191806856238805,75.71490373149528,12,-0.15323845388334795,2.0395002792446726,0.14617633655117152,-0.9175680454662968,0.19625469997481174,-0.13565311373731154,0.3336076666686402,-0.3147570902352636
discharge,2008-05-25 01:06:49.828000,0.6159885827138503,B0007,571,6308,06308.csv,1.4262562585106868,-0.7035005742049183,-0.8761553552873786,2.2415925926791136,75.42130177927987,11,-0.15602561181671792,2.0518737299634933,0.14617633655117152,-0.9334899468172927,-0.353347205352016,-0.0898232799139801,0.3243378793160957,-0.31958312230042213
discharge,2008-05-25 05:57:17.890000,0.6159885827138503,B0007,575,6312,06312.csv,1.4260877528924911,-0.6726146545952024,-0.8656456801380309,2.2640044997343467,75.41239109930522,10,-0.15297466795457831,2.064457783762742,0.14617633655117152,-0.9136729708345177,0.3746908381069648,-0.06848835340210131,0.31802945608257976,-0.33767749240610484
discharge,2008-05-25 10:51:37.015000,0.6159885827138503,B0007,579,6316,06316.csv,1.4212633510031694,-0.5293948239434145,-0.9199493149572101,2.28641640678958,75.157273781763,9,-0.1505576973128809,2.077208678213752,0.14617633655117152,-0.8997919816756608,0.250768462661589,-0.06604013648431938,0.3101429590405379,-0.354451680889929
discharge,2008-05-25 15:37:08.890000,0.6159885827138503,B0007,583,6320,06320.csv,1.4163272748795108,-0.5837778750426498,-0.9133082514082713,2.308828313844813,74.89625106252409,8,-0.15607285019687775,2.089578868122533,0.14617633655117152,-0.9156465428660865,-0.34935247522202034,-0.04158748569913565,0.30111920852530955,-0.3423338534370065
discharge,2008-05-25 20:23:04.453000,0.6159885827138503,B0007,587,6324,06324.csv,1.4165781829175994,-0.5375525729376447,-0.909989643733551,2.331240220900046,74.90951923277514,7,-0.15582506842064997,2.101966162117035,0.14617633655117152,-0.8953838537118236,0.380378278484473,-0.04124373904232316,0.2952948105518371,-0.35065495662376717
discharge,2008-05-26 01:13:02.795999,0.6159885827138503,B0007,591,6328,06328.csv,1.4108401729425175,-0.6159369733118966,-0.8834852217645618,2.353652127955279,74.60608976183624,6,-0.15328553534969383,2.1145287571041997,0.14617633655117152,-0.9054158457997994,-0.23178477111325022,-0.04211371362999029,0.287033940007825,-0.34312174368293846
discharge,2008-05-26 06:01:08.170999,0.6159885827138503,B0007,595,6332,06332.csv,1.4109949628347804,-0.6240947062844182,-0.874226545888824,2.376064035010512,74.61427514584918,5,-0.154467205876928,2.127009782759272,0.14617633655117152,-0.90153844693844,0.04788852529944809,-0.04060029588571188,0.28164479326782466,-0.3547914322141398
discharge,2008-05-26 10:44:38.468000,0.6159885827138503,B0007,599,6336,06336.csv,1.40617142903988,-0.6211401186276226,-0.8364006455441825,2.3984759420657453,74.35920373366997,4,-0.15734458324915926,2.139292186425371,0.14617633655117152,-0.8717652916130293,0.5692319339968502,-0.040596232143846285,0.2743718095528359,-0.35498191453810296
discharge,2008-05-26 15:30:43.968000,0.6159885827138503,B0007,603,6340,06340.csv,1.4063358479692922,-0.6240296715317057,-0.8316751070315439,2.4208878491209784,74.36789830704656,3,-0.15572112517890832,2.1516866555000735,0.14617633655117152,-0.8692970710007363,0.018699578901353264,-0.01671968740936665,0.2696486007139143,-0.3557160675331104
discharge,2008-05-26 20:21:04.921000,0.6159885827138503,B0007,607,6344,06344.csv,1.4004552399066514,-0.6153621609962876,-0.8730024805774808,2.4432997561762115,74.05692816217145,2,-0.15304902968402798,2.1642655761962577,0.14617633655117152,-0.8972584648766482,-0.5851827245377058,-0.04542266956030591,0.26201305797081276,-0.3552740432991731
discharge,2008-05-27 15:52:41.359000,0.6159885827138503,B0007,611,6348,06348.csv,1.4217865046055154,-0.7061007116181947,-0.900883471795691,2.4657116632314446,75.18493846367691,1,0.400040365461505,2.215023609859873,0.14617633655117152,-0.9532104459987909,-1.154867246459668,0.08129458846217812,0.2731978449655331,-0.3239012162420451
discharge,2008-05-27 20:45:42.125000,0.6159885827138503,B0007,613,6350,06350.csv,1.4324552720625434,-0.7061007116181947,-0.900883471795691,2.4881235702866777,75.74910940083355,0,-0.1513773499726004,2.227717924648058,0.14617633655117152,-0.9532104459987909,-0.030333213381682968,0.1305128414063286,0.2887943360384165,-0.2788975331590708
discharge,2008-07-07 15:15:28.875000,0.6159885827138503,B0018,2,6355,06355.csv,1.8550045207910817,-0.6069094197829772,-0.7951913447084401,-1.2546649079372523,100.0,131,-0.3352760930883402,-1.2173607181576145,-6.841052550594827,-0.8351005782971983,-0.030333213381682968,0.030052390418546782,1.2871665274875368,-0.3921908713000117
discharge,2008-07-07 21:53:06.125000,0.6159885827138503,B0018,6,6359,06359.csv,1.8431955317089987,-0.6962585988279816,-0.8676218012533446,-1.2322530008820192,99.3633983664338,130,-0.08572392401914362,-1.2001344242930339,0.14617633655117152,-0.9242481950338991,-1.7723188108004728,0.030052390418546782,1.2781566043780235,-0.32083854073934287
discharge,2008-07-08 02:56:08.452999,0.6159885827138503,B0018,10,6363,06363.csv,1.8396018424355425,-0.7440968775087824,-0.862764716526839,-1.209841093826786,99.16966895859798,129,-0.1450848769641836,-1.1870057474651108,0.14617633655117152,-0.9389403003328127,-0.3293236270298178,0.030052390418546782,1.2694081061730549,-0.32333365101143924
discharge,2008-07-08 07:58:55.953000,0.6159885827138503,B0018,14,6367,06367.csv,1.8306736044962053,-0.7455916042315707,-0.8714323373224537,-1.187429186771553,98.68836350412234,128,-0.14523998113854797,-1.1738877772966296,0.14617633655117152,-0.9460766625443983,-0.17656004118125168,0.030052390418546782,1.2567637821903905,-0.30609864357011807
discharge,2008-07-08 18:57:48.968000,0.6159885827138503,B0018,17,6370,06370.csv,1.8327002069419656,-0.7420787511460797,-0.8602633618426729,-1.1650172797163199,98.79761404357093,127,0.07824808271126305,-1.1453426879111022,0.14617633655117152,-0.9362715399756386,0.17125102874166287,0.030052390418546782,1.2498804729475013,-0.30939968114479344
discharge,2008-07-08 22:57:17.202999,0.6159885827138503,B0018,19,6372,06372.csv,1.8285288846046388,-0.7420787511460797,-0.8602633618426729,-1.1426053726610867,98.57274546289774,126,-0.18498114250952682,-1.1349680035527572,0.14617633655117152,-0.9362715399756386,-0.030333213381682968,-0.09388591462868855,1.2421089997063688,-0.3391349829605706
discharge,2008-07-09 02:56:41.280999,0.6159885827138503,B0018,21,6374,06374.csv,1.8212011895697924,-0.7420787511460797,-0.8602633618426729,-1.1201934656058536,98.17772243450524,125,-0.18502462564850003,-1.1245963207845522,0.14617633655117152,-0.9362715399756386,-0.030333213381682968,-0.0729079866679939,1.2313371944552525,-0.33517933235709546
discharge,2008-07-09 06:55:54.875000,0.6159885827138503,B0018,23,6376,06376.csv,1.815170010643328,-0.7420787511460797,-0.8602633618426729,-1.0977815585506205,97.85259228744273,124,-0.1851342906220812,-1.114232208060994,0.14617633655117152,-0.9362715399756386,-0.030333213381682968,-0.08431841450574677,1.2195543728134932,-0.3298576911306096
discharge,2008-07-09 11:26:41.905999,0.6159885827138503,B0018,26,6379,06379.csv,1.8042980520967649,-0.7046926866952065,-0.9370959676070388,-1.0753696514953874,97.26650430627024,123,-0.16532851628317924,-1.1025009259385479,0.14617633655117152,-0.9800868603975128,-0.9270058105517295,-0.09341740029964885,1.2034041629484085,-0.29621303848877784
discharge,2008-07-10 16:34:39.859000,0.6159885827138503,B0018,29,6382,06382.csv,1.8231002302844224,-0.8263489767793646,-0.8992989067330647,-1.0529577444401543,98.28009634752516,122,0.7617707442016578,-1.0267730680206864,0.14617633655117152,-0.9981850386660034,-0.40845569048311436,-0.014887222252146236,1.2069828840527295,-0.3132003844266327
discharge,2008-07-10 20:33:58.030999,0.6159885827138503,B0018,31,6384,06384.csv,1.8121253520255491,-0.8263489767793646,-0.8992989067330647,-1.0305458373849212,97.68846014740458,121,-0.18508640373943985,-1.016405649721722,0.14617633655117152,-0.9981850386660034,-0.030333213381682968,-0.04673617134906463,1.20099517786907,-0.3278573443227841
discharge,2008-07-11 00:30:25.484000,0.6159885827138503,B0018,33,6386,06386.csv,1.8046916382117768,-0.8263489767793646,-0.8992989067330647,-1.0081339303296881,97.28772183488542,120,-0.1868721626283403,-1.006161500266728,0.14617633655117152,-0.9981850386660034,-0.030333213381682968,-0.04723246868714269,1.1913316613405414,-0.3251882452654323
discharge,2008-07-11 04:28:49.530999,0.6159885827138503,B0018,35,6388,06388.csv,1.790844349786295,-0.8263489767793646,-0.8992989067330647,-0.9857220232744549,96.54123910288773,119,-0.1856525633408554,-0.9958331633017573,0.14617633655117152,-0.9981850386660034,-0.030333213381682968,-0.08382140489060433,1.174324229399265,-0.2911649153424648
discharge,2008-07-11 08:59:08.656000,0.6159885827138503,B0018,38,6391,06391.csv,1.783470722841926,-0.7558400348249534,-0.9350731907411001,-0.9633101162192218,96.14373996680884,118,-0.16562041926155857,-0.984122030899926,0.14617633655117152,-0.9981955214237184,-0.030554136640002137,-0.06744494140486042,1.157360073606272,-0.2557930280201065
discharge,2008-07-11 14:27:05.639999,0.6159885827138503,B0018,41,6394,06394.csv,1.7809386125310702,-0.757494782915531,-0.9506872344236844,-0.9408982091639887,96.00723839592447,117,-0.12945044102490774,-0.9699141272758525,0.14617633655117152,-1.0106525829329223,-0.29286608724943586,-0.16731546150395504,1.144118708195324,-0.27648575542426296
discharge,2008-07-11 18:25:27.593000,0.6159885827138503,B0018,43,6396,06396.csv,1.771209039672698,-0.757494782915531,-0.9506872344236844,-0.9184863021087556,95.4827343988009,116,-0.18567446702811718,-0.9595873022967518,0.14617633655117152,-1.0106525829329223,-0.030333213381682968,-0.161485911667366,1.1278677436359035,-0.2855184922756174
discharge,2008-07-11 22:22:05.405999,0.6159885827138503,B0018,45,6398,06398.csv,1.7686303996707076,-0.757494782915531,-0.9506872344236844,-0.8960743950535225,95.34372449488482,115,-0.1867637947329436,-0.9493356723328987,0.14617633655117152,-1.0106525829329223,-0.030333213381682968,-0.13875823801019496,1.1150663382151726,-0.31431201455096164
discharge,2008-07-12 02:18:11.125000,0.6159885827138503,B0018,47,6400,06400.csv,1.7536304801917124,-0.757494782915531,-0.9506872344236844,-0.8736624879982893,94.5351054693852,114,-0.1870995051276875,-0.9391072160642885,0.14617633655117152,-1.0106525829329223,-0.030333213381682968,-0.14415395874420298,1.0950875556046935,-0.2910858215586974
discharge,2008-07-12 06:45:43.859000,0.6159885827138503,B0018,50,6403,06403.csv,1.7462197416415093,-0.7705703800900425,-0.9425385371159002,-0.8512505809430562,94.13560571253055,113,-0.1673609063341736,-0.927516227445988,0.14617633655117152,-1.0095039846322593,-0.005980401941498144,-0.14432768637409943,1.0761141842648638,-0.27256795497591985
discharge,2008-07-12 11:15:36.811999,0.6159885827138503,B0018,53,6406,06406.csv,1.7376647337053737,-0.7144655350000627,-0.9764021920142656,-0.8288386738878231,93.67442042482638,112,-0.1658941842540864,-0.9158239927208577,0.14617633655117152,-1.0135989468170858,-0.11710714121166634,-0.1725222014329081,1.0569380420791614,-0.26933246795047955
discharge,2008-07-12 15:13:28.609000,0.6159885827138503,B0018,55,6408,06408.csv,1.7315166735475835,-0.7144655350000627,-0.9764021920142656,-0.80642676683259,93.3429894181155,111,-0.18598990553047812,-0.9055189420920188,0.14617633655117152,-1.0135989468170858,-0.030333213381682968,-0.1557563488396253,1.0394631520894324,-0.2685166966103506
discharge,2008-07-12 18:52:45.109000,0.6159885827138503,B0018,57,6410,06410.csv,1.7085949894470602,-0.7144655350000627,-0.9764021920142656,-0.7840148597773569,92.10732212762565,110,-0.1976561615220916,-0.8960191994465188,0.14617633655117152,-1.0135989468170858,-0.030333213381682968,-0.2509866348020971,1.010324631795496,-0.2449260566263784
discharge,2008-07-12 22:50:29.984000,0.6159885827138503,B0018,59,6412,06412.csv,1.711469957068211,-0.7144655350000627,-0.9764021920142656,-0.7616029527221237,92.26230652733616,109,-0.18606231120857805,-0.8857191468968112,0.14617633655117152,-1.0135989468170858,-0.030333213381682968,-0.16731033729967146,0.9930924702003986,-0.25156067663467324
discharge,2008-07-13 03:19:05.703000,0.6159885827138503,B0018,62,6415,06415.csv,1.7075021373272627,-0.7554806131267997,-0.9253172014486928,-0.7391910456668906,92.04840841029782,108,-0.1667020691518151,-0.8740826795196824,0.14617633655117152,-0.9906710845990769,0.4564827394998911,-0.15119327334587712,0.9785770287561728,-0.27122639938544785
discharge,2008-07-14 13:08:20.500000,0.6159885827138503,B0018,65,6418,06418.csv,1.7492382064360228,-0.8087562957401352,-0.9555852395836923,-0.7167791386116575,94.29832579006579,107,0.9383063058021317,-0.7861687786071982,0.14617633655117152,-1.0340449215681642,-0.9411379220660179,0.08423037442036457,1.0007435025657545,-0.23621957647148104
discharge,2008-07-14 17:03:45.625000,0.6159885827138503,B0018,67,6420,06420.csv,1.7327697147429957,-0.8087562957401352,-0.9555852395836923,-0.6943672315564244,93.4105386440806,106,-0.1875241274542652,-0.7759696335203196,0.14617633655117152,-1.0340449215681642,-0.030333213381682968,0.03591815322100081,1.0029561605732793,-0.23470855710281374
discharge,2008-07-14 20:57:32.609000,0.6159885827138503,B0018,69,6422,06422.csv,1.7222313328292376,-0.8087562957401352,-0.9555852395836923,-0.6719553245011913,92.84243318688938,105,-0.18855070425689835,-0.7658413518274266,0.14617633655117152,-1.0340449215681642,-0.030333213381682968,0.09388712790804887,0.996390779966417,-0.24767464244630855
discharge,2008-07-15 00:49:58.484000,0.6159885827138503,B0018,71,6424,06424.csv,1.711846298984729,-0.8087562957401352,-0.9555852395836923,-0.6495434174459581,92.28259445182906,104,-0.1893991225314704,-0.7557716354540512,0.14617633655117152,-1.0340449215681642,-0.030333213381682968,0.03181413011473369,0.9840903738359819,-0.24829498302173994
discharge,2008-07-15 05:14:47.250000,0.6159885827138503,B0018,74,6427,06427.csv,1.699267835126687,-0.689920847173106,-0.9893533805069857,-0.627131510390725,91.6045117993578,103,-0.16907604827458747,-0.7442990410744995,0.14617633655117152,-1.013979559626491,0.39997271869191314,-0.008494198256389716,0.9662930925839145,-0.22826565610844707
discharge,2008-07-15 09:43:28.937000,0.6159885827138503,B0018,77,6430,06430.csv,1.6940366439243106,-0.7596198103864032,-0.9813071052547893,-0.6047196033354919,91.32250757005568,102,-0.16663964253747335,-0.7326582644613195,0.14617633655117152,-1.0346513893469615,-0.46932900080282486,-0.22835832521003233,0.9504369881761615,-0.25568046664602134
discharge,2008-07-15 13:36:47.890000,0.6159885827138503,B0018,79,6432,06432.csv,1.6819027078768087,-0.7596198103864032,-0.9813071052547893,-0.5823076962802588,90.66838862255429,101,-0.18884391478414603,-0.7225502227476077,0.14617633655117152,-1.0346513893469615,-0.030333213381682968,-0.20806731214216098,0.9306084034937776,-0.2583771740192607
discharge,2008-07-15 17:29:47.765000,0.6159885827138503,B0018,81,6434,06434.csv,1.6769770618433686,-0.7596198103864032,-0.9813071052547893,-0.5598957892250257,90.40285579078848,100,-0.18904347492965742,-0.7124559564369429,0.14617633655117152,-1.0346513893469615,-0.030333213381682968,-0.18179285487187202,0.9136312190807797,-0.27323154742858824
discharge,2008-07-15 21:21:30.390000,0.6159885827138503,B0018,83,6436,06436.csv,1.6655229306478936,-0.7596198103864032,-0.9813071052547893,-0.5374838821697926,89.78538391580942,99,-0.18985152720142368,-0.7024174690279136,0.14617633655117152,-1.0346513893469615,-0.030333213381682968,-0.18679753588033488,0.8935739195132316,-0.27691991898909657
discharge,2008-07-16 01:45:13.390000,0.6159885827138503,B0018,86,6439,06439.csv,1.6571924575832084,-0.6928492537958256,-0.9690183486212923,-0.5150719751145595,89.33630290434469,98,-0.1697639753387296,-0.6909923614476494,0.14617633655117152,-0.9997080510595346,0.7192568116428945,-0.1669117520193791,0.873846472235662,-0.26978636456899413
discharge,2008-07-16 06:12:34.390000,0.6159885827138503,B0018,89,6442,06442.csv,1.6482241555294048,-0.7195647486407354,-1.0059621391227718,-0.49266006805932633,88.85283766459536,97,-0.16748364659769344,-0.6794098454459417,0.14617633655117152,-1.037937329077678,-0.8366033865583371,-0.18440599394950108,0.8538522810903734,-0.27385258799589085
discharge,2008-07-16 10:05:40.718000,0.6159885827138503,B0018,91,6444,06444.csv,1.6387701497987262,-0.7195647486407354,-1.0059621391227718,-0.4702481610040932,88.34318900203323,96,-0.18897597510687805,-0.669310919701591,0.14617633655117152,-1.037937329077678,-0.030333213381682968,-0.1718606477764089,0.8333096825960697,-0.26541004768150595
discharge,2008-07-16 13:57:42.468000,0.6159885827138503,B0018,93,6446,06446.csv,1.6276486907262062,-0.7195647486407354,-1.0059621391227718,-0.4478362539488601,87.74365089051547,95,-0.1896514754254039,-0.6592586229528363,0.14617633655117152,-1.037937329077678,-0.030333213381682968,-0.20086461810767972,0.8111292596843708,-0.2647608638234368
discharge,2008-07-16 17:51:36.078000,0.6159885827138503,B0018,95,6448,06448.csv,1.62215370227252,-0.7195647486407354,-1.0059621391227718,-0.425424346893627,87.44742581978934,94,-0.18848139481543918,-0.6491255569103999,0.14617633655117152,-1.037937329077678,-0.030333213381682968,-0.1729685537505921,0.7921497910300841,-0.2692094403176558
discharge,2008-07-16 22:13:57.593000,0.6159885827138503,B0018,98,6451,06451.csv,1.6140066510467586,-0.7480781523815316,-0.950572551551206,-0.4030124398383939,87.00823275398015,93,-0.17061632665736873,-0.6377592861430774,0.14617633655117152,-1.006949849980248,0.6354696323114538,-0.1721099155798319,0.7732808433457365,-0.2766135416274698
discharge,2008-07-18 17:28:12.125000,0.6159885827138503,B0018,101,6454,06454.csv,1.6760516154424625,-0.6959201566829349,-1.0113487474843066,-0.38060053278316075,90.35296661852321,92,1.2929051132975875,-0.5253678449842777,0.14617633655117152,-1.0329363012883885,-0.5803166704556284,0.1603188811312532,0.8080400896753571,-0.18478377877167398
discharge,2008-07-18 21:19:44.420999,0.6159885827138503,B0018,103,6456,06456.csv,1.649300642552199,-0.6959201566829349,-1.0113487474843066,-0.35818862572792765,88.91086916860135,91,-0.18995957086126997,-0.5153368157025074,0.14617633655117152,-1.0329363012883885,-0.030333213381682968,0.07934795461148292,0.8108026883928158,-0.17816437639550203
discharge,2008-07-19 01:10:07.046000,0.6159885827138503,B0018,105,6458,06458.csv,1.63238299185809,-0.6959201566829349,-1.0113487474843066,-0.33577671867269454,87.99886865838727,90,-0.19068834507758223,-0.5053560928510838,0.14617633655117152,-1.0329363012883885,-0.030333213381682968,0.05221470046605203,0.7997367341175786,-0.1815382788218091
discharge,2008-07-19 05:01:04.953000,0.6159885827138503,B0018,107,6460,06460.csv,1.6164159719025777,-0.6959201566829349,-1.0113487474843066,-0.31336481161746144,87.13811496336645,89,-0.1903192874795964,-0.49534989438604576,0.14617633655117152,-1.0329363012883885,-0.030333213381682968,0.0031928063140920305,0.7801770487546351,-0.17233210324220857
discharge,2008-07-19 09:25:29.875000,0.6159885827138503,B0018,110,6463,06463.csv,1.6109028378249377,-0.7857759215719935,-0.9382016770879287,-0.29095290456222833,86.84091169427205,88,-0.1693254618456942,-0.48389451673310374,0.14617633655117152,-1.0120592720143538,0.4171360341002614,0.015522754673942664,0.7629308938707289,-0.1660148039649135
discharge,2008-07-19 13:53:00.750000,0.6159885827138503,B0018,113,6466,06466.csv,1.5954638693695655,-0.7287306092618043,-0.9864700971533434,-0.26854099750699517,86.00862431802415,87,-0.16738035188981393,-0.47230487041872754,0.14617633655117152,-1.026699190578809,-0.3409433603556199,-0.3471966617106049,0.7396539630583525,-0.2157470136209384
discharge,2008-07-29 18:34:27.280999,0.6159885827138503,B0018,116,6469,06469.csv,1.726707440085764,-0.7287306092618043,-0.9864700971533434,-0.2461290904517621,93.0837321813855,86,8.87899397218073,0.16374539708233932,0.14617633655117152,-1.026699190578809,-0.030333213381682968,0.3924107193321727,0.824271124268359,0.053804077757723265
discharge,2008-07-29 22:21:53.500000,0.6159885827138503,B0018,118,6471,06471.csv,1.7165673917429751,-0.7287306092618043,-0.9864700971533434,-0.22371718339652896,92.53710017973061,85,-0.19253359127891811,0.17359874475030812,0.14617633655117152,-1.026699190578809,-0.030333213381682968,0.4241381740301976,0.8729459963255596,0.14645304584934915
discharge,2008-07-30 02:09:48.828000,0.6159885827138503,B0018,120,6473,06473.csv,1.6958235570934848,-0.7287306092618043,-0.9864700971533434,-0.20130527634129586,91.4188368861919,84,-0.19222910464110854,0.18347311077415954,0.14617633655117152,-1.026699190578809,-0.030333213381682968,0.40177684860151874,0.8895689546423704,0.1327357012031725
discharge,2008-07-30 05:57:02.327999,0.6159885827138503,B0018,122,6475,06475.csv,1.6777783190792557,-0.7287306092618043,-0.9864700971533434,-0.17889336928606273,90.44605014567585,83,-0.19266663488358737,0.1933172745979671,0.14617633655117152,-1.026699190578809,-0.030333213381682968,0.34311130003305884,0.8868829230159107,0.05366446796777029
discharge,2008-07-30 09:52:21.280999,0.6159885827138503,B0018,124,6477,06477.csv,1.6606586897774192,-0.7287306092618043,-0.9864700971533434,-0.15648146223082962,89.5231613273491,82,-0.18758868795421785,0.2035119631491707,0.14617633655117152,-1.026699190578809,-0.030333213381682968,0.33524375512485743,0.8720304445730521,-0.1603001103641802
discharge,2008-07-30 19:28:07.671000,0.6159885827138503,B0018,127,6480,06480.csv,1.6664109274827466,-0.6721750308308068,-0.9709066699435471,-0.13406955517559652,89.83325424846362,81,0.02608687029846899,0.22845642515202677,0.14617633655117152,-0.9931990078699877,0.6855088304643151,-0.2522089127528535,0.8665175861933972,-0.1967833006903198
discharge,2008-07-30 23:16:54.218000,0.6159885827138503,B0018,129,6482,06482.csv,1.6468336174407805,-0.6721750308308068,-0.9709066699435471,-0.11165764812036338,88.77787622525443,80,-0.19169334244942443,0.23836777421229047,0.14617633655117152,-0.9931990078699877,-0.030333213381682968,-0.2963868207376343,0.8479054160136222,-0.23445945031241724
discharge,2008-07-31 02:46:18.030999,0.6159885827138503,B0018,131,6484,06484.csv,1.6257639928779952,-0.6721750308308068,-0.9709066699435471,-0.08924574106513028,87.64205017595725,79,-0.20385580006713208,0.24743956307229784,0.14617633655117152,-0.9931990078699877,-0.030333213381682968,-0.2979119153329412,0.8194217777261374,-0.22122104983765117
discharge,2008-07-31 06:15:17.843000,0.6159885827138503,B0018,133,6486,06486.csv,1.6121577411874597,-0.6721750308308068,-0.9709066699435471,-0.06683383400989716,86.90856130635962,78,-0.20410685587242083,0.2564940218441941,0.14617633655117152,-0.9931990078699877,-0.030333213381682968,-0.27713203917766477,0.7900515021251053,-0.1954288965310022
discharge,2008-07-31 10:10:14.359000,0.6159885827138503,B0018,135,6488,06488.csv,1.6057366823755344,-0.6721750308308068,-0.9709066699435471,-0.04442192695466404,86.56241342693627,77,-0.1878233839907437,0.2666725096029577,0.14617633655117152,-0.9931990078699877,-0.030333213381682968,-0.22704966594929515,0.7655722329761526,-0.1775184398452994
discharge,2008-08-01 17:46:33.109000,0.6159885827138503,B0018,140,6493,06493.csv,1.673645314879889,-0.7620437380054644,-0.985322694996269,-0.022010019899430928,90.223247227783,76,0.8548750708757316,0.34882725011348015,0.14617633655117152,-1.038622426460155,-0.9853352306170156,0.06391815688183011,0.8010650771429885,-0.15533529469755633
discharge,2008-08-01 21:32:12.936999,0.6159885827138503,B0018,142,6495,06495.csv,1.6404348572349936,-0.7620437380054644,-0.985322694996269,0.00040188715580218915,88.43293042409496,75,-0.1936464649470293,0.3586037774159416,0.14617633655117152,-1.038622426460155,-0.030333213381682968,9.837954136846911e-05,0.7993883377679396,-0.16104904739464945
discharge,2008-08-02 01:17:09.625000,0.6159885827138503,B0018,144,6497,06497.csv,1.6132653317422077,-0.7620437380054644,-0.985322694996269,0.022813794211035306,86.96826954654632,74,-0.19409771897146802,0.36834915518176903,0.14617633655117152,-1.038622426460155,-0.030333213381682968,-0.02845660500731111,0.7775409356066721,-0.15063972493105424
discharge,2008-08-02 05:03:55.920999,0.6159885827138503,B0018,146,6499,06499.csv,1.5920964324686278,-0.7620437380054644,-0.985322694996269,0.04522570126626842,85.82709177386076,73,-0.1929511948059321,0.3781736761675172,0.14617633655117152,-1.038622426460155,-0.030333213381682968,-0.06385902995799254,0.7468247322148115,-0.11543356198916221
discharge,2008-08-02 09:26:51.375000,0.6159885827138503,B0018,149,6502,06502.csv,1.5866011820698824,-0.7099603705437014,-0.971274843290681,0.06763760832150154,85.5308525821416,72,-0.17026131711873405,0.3895644528273754,0.14617633655117152,-1.0079870015236796,0.6281267832873745,-0.05952511613926598,0.7221545433837812,-0.08328273795793233
discharge,2008-08-02 13:55:03.295999,0.6159885827138503,B0018,152,6505,06505.csv,1.580076649033625,-0.724823819508508,-0.9916619552751325,0.09004951537673465,85.17912659101168,71,-0.16695100156309722,0.4011837366917937,0.14617633655117152,-1.0291298593872789,-0.47803023075356005,-0.40796321641530614,0.7007297175219513,-0.1820663501663445
discharge,2008-08-02 17:41:59.359000,0.6159885827138503,B0018,154,6507,06507.csv,1.5641732953289167,-0.724823819508508,-0.9916619552751325,0.11246142243196777,84.32180503052695,70,-0.19284902978127907,0.4110153100095008,0.14617633655117152,-1.0291298593872789,-0.030333213381682968,-0.3269448373849473,0.6743126933081919,-0.23905361655508495
discharge,2008-08-02 21:29:24.405999,0.6159885827138503,B0018,156,6509,06509.csv,1.555618272193922,-0.724823819508508,-0.9916619552751325,0.13487332948720088,83.86061892347928,69,-0.19254585068187752,0.4208678114252461,0.14617633655117152,-1.0291298593872789,-0.030333213381682968,-0.23980623738017137,0.650174104276905,-0.26099196118457685
discharge,2008-08-03 01:16:07.078000,0.6159885827138503,B0018,158,6511,06511.csv,1.5402045278637395,-0.724823819508508,-0.9916619552751325,0.157285236542434,83.02969133503281,68,-0.19298910263527544,0.4306897156779463,0.14617633655117152,-1.0291298593872789,-0.030333213381682968,-0.21286508499592252,0.6223214626570348,-0.2325078637183135
discharge,2008-08-03 05:39:11.952999,0.6159885827138503,B0018,161,6514,06514.csv,1.5321613015959863,-0.6747727249486573,-0.9255310115517099,0.1796971435976671,82.59609528835993,67,-0.17016277137328156,0.44208729483516035,0.14617633655117152,-0.9598418331232561,1.4519933646659597,-0.22479272323215876,0.5976162818216714,-0.2293676345567205
discharge,2008-08-03 10:08:42.828000,0.6159885827138503,B0018,164,6517,06517.csv,1.5316232403693415,-0.7054773608301838,-0.9796964972734443,0.20210905065290022,82.56708936300427,66,-0.16612512504942556,0.4537635879877501,0.14617633655117152,-1.0126417391000249,-1.1229148771139303,-0.19676872546789134,0.5807356358381929,-0.2678599709186918
discharge,2008-08-03 13:54:25.092999,0.6159885827138503,B0018,166,6519,06519.csv,1.5222595950771978,-0.7054773608301838,-0.9796964972734443,0.22452095770813335,82.06231187124104,65,-0.19362097338215814,0.4635418749430699,0.14617633655117152,-1.0126417391000249,-0.030333213381682968,-0.16615490488021278,0.5623376765653807,-0.28541740816881717
discharge,2008-08-03 17:42:28.750000,0.6159885827138503,B0018,168,6521,06521.csv,1.5065267126851285,-0.7054773608301838,-0.9796964972734443,0.24693286476336646,81.21418011653459,64,-0.19214198142842773,0.47342225498022233,0.14617633655117152,-1.0126417391000249,-0.030333213381682968,-0.19975605062510585,0.5380686281784564,-0.2821787570233351
discharge,2008-08-03 21:26:49.765000,0.6159885827138503,B0018,170,6523,06523.csv,1.5014219556532926,-0.7054773608301838,-0.9796964972734443,0.26934477181859956,80.93899172887186,63,-0.19447086653779516,0.4831418748067123,0.14617633655117152,-1.0126417391000249,-0.030333213381682968,-0.15149740242820983,0.5179944780268783,-0.2707772295865817
discharge,2008-08-04 01:48:42.890000,0.6159885827138503,B0018,173,6526,06526.csv,1.4963534117486457,-0.695236791069679,-0.8965754476323454,0.29175667887383266,80.66575552659644,62,-0.17091329240488257,0.4944876463763983,0.14617633655117152,-0.9457771176629551,1.3887112682874216,-0.13757225677576726,0.5007445562858898,-0.26571238640480427
discharge,2008-08-04 17:08:25.327999,0.6159885827138503,B0018,176,6529,06529.csv,1.5334262000312422,-0.6780821918574407,-0.948943210805507,0.3141685859290658,82.6642837170715,61,0.2419445462215931,0.5343325108572071,0.14617633655117152,-0.9788384058197879,-0.709947064277412,0.03849244311419952,0.5175300924707624,-0.26043416142815473
discharge,2008-08-04 20:55:13.795999,0.6159885827138503,B0018,178,6531,06531.csv,1.523845267514426,-0.6780821918574407,-0.948943210805507,0.33658049298429893,82.14779265683784,60,-0.19292847518985018,0.544158600151436,0.14617633655117152,-0.9788384058197879,-0.030333213381682968,0.037475273587292926,0.5214104706654501,-0.2580617620597982
discharge,2008-08-05 00:41:24.609000,0.6159885827138503,B0018,180,6533,06533.csv,1.501192099426124,-0.6780821918574407,-0.948943210805507,0.35899240003953203,80.92660058779417,59,-0.19332235489839783,0.5539575003908389,0.14617633655117152,-0.9788384058197879,-0.030333213381682968,0.0050798866136308254,0.5067136659150587,-0.252428734753464
discharge,2008-08-05 04:27:50.953000,0.6159885827138503,B0018,182,6535,06535.csv,1.492417671450291,-0.6780821918574407,-0.948943210805507,0.38140430709476514,80.45358675534857,58,-0.1931598971763946,0.5637676148964622,0.14617633655117152,-0.9788384058197879,-0.030333213381682968,-0.012098654203189623,0.490221156866989,-0.2374410759840373
discharge,2008-08-05 08:23:48.250000,0.6159885827138503,B0018,184,6537,06537.csv,1.483323851940123,-0.6780821918574407,-0.948943210805507,0.40381621414999824,79.9633550923934,57,-0.18718760114116145,0.5739899900004726,0.14617633655117152,-0.9788384058197879,-0.030333213381682968,-0.030941859041897835,0.47228782495548816,-0.21148365138582126
discharge,2008-08-05 12:50:42.530999,0.6159885827138503,B0018,187,6540,06540.csv,1.4807376792294196,-0.6733125583662859,-0.9346143794132317,0.4262281212052314,79.82393911352555,56,-0.16776313332206075,0.5855532133610334,0.14617633655117152,-0.966158310904269,0.23443228729879403,-0.21659422149432248,0.4583590940573363,-0.2436759191021215
discharge,2008-08-05 16:36:12.670999,0.6159885827138503,B0018,189,6542,06542.csv,1.4735077809902477,-0.6733125583662859,-0.9346143794132317,0.4486400282604645,79.4341881367415,55,-0.1937478035826386,0.5953227453762037,0.14617633655117152,-0.966158310904269,-0.030333213381682968,-0.20558851037836492,0.44355706654434696,-0.30029594118987957
discharge,2008-08-05 20:21:46.905999,0.6159885827138503,B0018,191,6544,06544.csv,1.46801928526661,-0.6733125583662859,-0.9346143794132317,0.4710519353156976,79.1383130775639,54,-0.19370496896706726,0.6050952342147032,0.14617633655117152,-0.966158310904269,-0.030333213381682968,-0.12523688503547872,0.42950148192439896,-0.3121821582442848
discharge,2008-08-06 00:06:53.155999,0.6159885827138503,B0018,193,6546,06546.csv,1.458092355711902,-0.6733125583662859,-0.9346143794132317,0.4934638423709307,78.6031699313642,53,-0.19399769832403013,0.6148475162886426,0.14617633655117152,-0.966158310904269,-0.030333213381682968,-0.13063199967008615,0.41255712700769337,-0.3053207708027908
discharge,2008-08-06 04:27:52.920999,0.6159885827138503,B0018,196,6549,06549.csv,1.44786609888914,-0.6350527415978867,-0.8775168408088379,0.5158757494261639,78.05189058362434,52,-0.17147144993525731,0.6261547588979238,0.14617633655117152,-0.9082373747667538,1.1718072496699634,-0.1359331890393154,0.3934585470265361,-0.28173403923916446
discharge,2008-08-06 08:55:24.593000,0.6159885827138503,B0018,199,6552,06552.csv,1.4527808777541982,-0.6770301999714411,-0.9410584987602836,0.538287656481397,78.31683758563824,51,-0.16737201508115826,0.6377449806924345,0.14617633655117152,-0.9724648032105372,-1.3277296212352045,-0.10081957673573955,0.3844759969898285,-0.30158385710388314
discharge,2008-08-06 12:40:42.030999,0.6159885827138503,B0018,201,6554,06554.csv,1.4425356364492432,-0.6770301999714411,-0.9410584987602836,0.5606995635366301,77.76453481817188,50,-0.1938806693530467,0.6475053411391342,0.14617633655117152,-0.9724648032105372,-0.030333213381682968,-0.11493506412487574,0.3706708023082136,-0.3084969826641362
discharge,2008-08-06 16:25:32.093000,0.6159885827138503,B0018,203,6556,06556.csv,1.4392712877203313,-0.6770301999714411,-0.9410584987602836,0.5831114705918632,77.58855957432074,49,-0.1941670284129272,0.6572459345554178,0.14617633655117152,-0.9724648032105372,-0.030333213381682968,-0.10452334042686835,0.3589767338655719,-0.3272940512538639
discharge,2008-08-06 20:09:11.452999,0.6159885827138503,B0018,205,6558,06558.csv,1.4286475681888218,-0.6770301999714411,-0.9410584987602836,0.6055233776470963,77.01585371768061,48,-0.19490658716159415,0.6669354770977217,0.14617633655117152,-0.9724648032105372,-0.030333213381682968,-0.1077851683236767,0.3430750921145121,-0.3138264790430531
discharge,2008-08-07 00:27:39.045999,0.6159885827138503,B0018,208,6561,06561.csv,1.4249026750004896,-0.693964755454733,-0.8560284942350573,0.6279352847023294,76.81397317526904,47,-0.17306320307828918,0.6781328428523795,0.14617633655117152,-0.9145898931700499,1.1744549443741126,-0.07744447253872107,0.3296167505246868,-0.29675300362114926
discharge,2008-08-07 19:05:53.109000,0.6159885827138503,B0018,211,6564,06564.csv,1.4698115324524124,-0.6829096068391229,-0.9197444663426649,0.6503471917575625,79.23492994106556,46,0.3665428069762054,0.7265785792982782,0.14617633655117152,-0.9585852355912614,-0.9216539460687511,0.10977664944210265,0.35490870491952164,-0.24130794465977387
discharge,2008-08-07 22:50:51.859000,0.6159885827138503,B0018,213,6566,06566.csv,1.4525819651050202,-0.6829096068391229,-0.9197444663426649,0.6727590988127956,78.30611455790711,45,-0.19407615000090064,0.7363254459448744,0.14617633655117152,-0.9585852355912614,-0.030333213381682968,0.07708147545266032,0.35862433755272843,-0.23474117868847635
discharge,2008-08-08 02:32:53.250000,0.6159885827138503,B0018,215,6568,06568.csv,1.442834198908794,-0.6829096068391229,-0.9197444663426649,0.6951710058680288,77.78062979024362,44,-0.19593136479531087,0.7459442492877149,0.14617633655117152,-0.9585852355912614,-0.030333213381682968,0.046731165222002484,0.35366415735627044,-0.235713472551053
discharge,2008-08-08 06:16:47.328000,0.6159885827138503,B0018,217,6570,06570.csv,1.428376058807949,-0.6829096068391229,-0.9197444663426649,0.7175829129232619,77.0012171290454,43,-0.19475263358044329,0.7556444190653587,0.14617633655117152,-0.9585852355912614,-0.030333213381682968,0.028781394993438892,0.33932622049915445,-0.2352322509482242
discharge,2008-08-08 10:14:50.670999,0.6159885827138503,B0018,219,6572,06572.csv,1.4154547844370715,-0.6829096068391229,-0.9197444663426649,0.739994819978495,76.30465417051595,42,-0.18586913180991232,0.7659578065626342,0.14617633655117152,-0.9585852355912614,-0.030333213381682968,-0.01417527362910351,0.3199090307491902,-0.21212515003116728
discharge,2008-08-08 20:10:08.811999,0.6159885827138503,B0018,222,6575,06575.csv,1.454576670077708,-0.5969955391444904,-0.9263939602296936,0.7624067270337281,78.41364556121901,41,0.03834364773130176,0.791748339552083,0.14617633655117152,-0.9306294196267035,0.5478094175270743,-0.041265367804600675,0.3368131246524946,-0.2499247204257737
discharge,2008-08-08 23:54:01.812000,0.6159885827138503,B0018,224,6577,06577.csv,1.4283179548274056,-0.5969955391444904,-0.9263939602296936,0.7848186340889612,76.99808484662279,40,-0.19476390969100524,0.8014477309530259,0.14617633655117152,-0.9306294196267035,-0.030333213381682968,-0.08353280490137302,0.3280478670105447,-0.26335985559302005
discharge,2008-08-09 03:37:06.280999,0.6159885827138503,B0018,226,6579,06579.csv,1.4197026883204058,-0.5969955391444904,-0.9263939602296936,0.8072305411441943,76.53365112635747,39,-0.19527155482261935,0.8111120802052716,0.14617633655117152,-0.9306294196267035,-0.030333213381682968,-0.07823132353334047,0.31563115837947947,-0.2622816776097021
discharge,2008-08-09 07:19:59.655999,0.6159885827138503,B0018,228,6581,06581.csv,1.4155606630306516,-0.5969955391444904,-0.9263939602296936,0.8296424481994275,76.31036189749955,38,-0.19538760053258597,0.8207684189581135,0.14617633655117152,-0.9306294196267035,-0.030333213381682968,-0.02993930987385454,0.3041931050276993,-0.2518330390701876
discharge,2008-08-09 11:36:57.875000,0.6159885827138503,B0018,231,6584,06584.csv,1.405680035419228,-0.6476731225293548,-0.8672045950671383,0.8520543552546606,75.77771480684933,37,-0.1739980750903123,0.8319012515930437,0.14617633655117152,-0.9052759188094888,0.4871563992339496,-0.01570537030162778,0.28902909802346477,-0.23370867574648427
discharge,2008-08-09 15:59:02.406000,0.6159885827138503,B0018,234,6587,06587.csv,1.4084461071166137,-0.6374455148394044,-0.9562047949506818,0.8744662623098937,75.92682882066349,36,-0.17079398309469787,0.8432552589446332,0.14617633655117152,-0.968732139803951,-1.3104016305815973,-0.1858949712996369,0.28103019412601826,-0.314795588900005
discharge,2008-08-09 19:41:13.295999,0.6159885827138503,B0018,236,6589,06589.csv,1.3968547782872414,-0.6374455148394044,-0.9562047949506818,0.8968781693651268,75.30196086484692,35,-0.1958320031419587,0.8528809211059959,0.14617633655117152,-0.968732139803951,-0.030333213381682968,-0.11723369344850203,0.2668537370060671,-0.3162276478822796
discharge,2008-08-09 23:22:00.984000,0.6159885827138503,B0018,238,6591,06591.csv,1.3935670371440676,-0.6374455148394044,-0.9562047949506818,0.91929007642036,75.12472457747809,34,-0.19670231464356894,0.862446506684028,0.14617633655117152,-0.968732139803951,-0.030333213381682968,-0.09229436964759312,0.2548943125238305,-0.31622496878362294
discharge,2008-08-10 03:01:08.859000,0.6159885827138503,B0018,240,6593,06593.csv,1.3893644292809475,-0.6374455148394044,-0.9562047949506818,0.9417019834755931,74.89816944965945,33,-0.19774638095049266,0.8719400215880836,0.14617633655117152,-0.968732139803951,-0.030333213381682968,-0.0925779700644254,0.24371489248928507,-0.3232225352420385
discharge,2008-08-10 07:19:08.452999,0.6159885827138503,B0018,243,6596,06596.csv,1.378565141566671,-0.595792689532269,-0.8514003727988019,0.9641138905308262,74.31599902402237,32,-0.17335607888884239,0.8831171704686614,0.14617633655117152,-0.8733886415417512,1.9509251327100547,-0.09687842106247907,0.2280223961423887,-0.2991037114701563
discharge,2008-08-10 11:39:39.811999,0.6159885827138503,B0018,246,6599,06599.csv,1.384901110085747,-0.5962087678749858,-0.9187634632602473,0.9865257975860593,74.65755983684312,31,-0.17176858304634846,0.8944039023273945,0.14617633655117152,-0.9245501299075735,-1.0474385478792412,-0.08016694496581205,0.22239489585050748,-0.3306071094892653
discharge,2008-08-10 15:21:25.468000,0.6159885827138503,B0018,248,6601,06601.csv,1.3703251814242443,-0.5962087678749858,-0.9187634632602473,1.0089377046412924,73.87179740348331,30,-0.196095956402925,0.904011344104391,0.14617633655117152,-0.9245501299075735,-0.030333213381682968,-0.09413851648286987,0.2075222096050323,-0.31393233214001165
discharge,2008-08-10 19:01:07.217999,0.6159885827138503,B0018,250,6603,06603.csv,1.3733464385229082,-0.5962087678749858,-0.9187634632602473,1.0313496116965255,74.03466800917732,29,-0.19739204088708778,0.9135293186878913,0.14617633655117152,-0.9245501299075735,-0.030333213381682968,-0.0646047011995289,0.1999122187566746,-0.32474548591788605
discharge,2008-08-10 22:40:10.452999,0.6159885827138503,B0018,252,6605,06605.csv,1.3679487285504814,-0.5962087678749858,-0.9187634632602473,1.0537615187517586,73.7436870486498,28,-0.19779491638791652,0.9230194832475634,0.14617633655117152,-0.9245501299075735,-0.030333213381682968,-0.07019923833332153,0.19072059219491852,-0.3340710577026321
discharge,2008-08-11 02:53:19.859000,0.6159885827138503,B0018,255,6608,06608.csv,1.3567141087089647,-0.5742938433095691,-0.8929403057650374,1.0761734258069917,73.13804864100184,27,-0.17639151022894856,0.9339870998589354,0.14617633655117152,-0.896583845825656,0.5388721326026167,-0.07223712424483753,0.17602114545371012,-0.3054714102543934
discharge,2008-08-14 13:04:49.686999,0.6159885827138503,B0018,258,6611,06611.csv,1.4604310209194575,-0.5941697092682533,-0.9052977244540397,1.0985853328622248,78.72924322020762,26,2.759797663638103,1.147636415209657,0.14617633655117152,-0.9135720138928325,-0.37165905360710055,0.38362459783135044,0.24535457112590384,-0.031450586949947824
discharge,2008-08-14 16:49:56.811999,0.6159885827138503,B0018,260,6613,06613.csv,1.4500998937104097,-0.5941697092682533,-0.9052977244540397,1.120997239917458,78.17231049614925,25,-0.19398854562839524,1.157389329083453,0.14617633655117152,-0.9135720138928325,-0.030333213381682968,0.40349545168258577,0.28369449841257066,0.02987098296679122
discharge,2008-08-14 20:29:23.812000,0.6159885827138503,B0018,262,6615,06615.csv,1.4381406901824496,-0.5941697092682533,-0.9052977244540397,1.143409146972691,77.52761106852412,24,-0.1975463291640126,1.166896653327956,0.14617633655117152,-0.9135720138928325,-0.030333213381682968,0.33336860427404896,0.30012991747373857,0.022965854877864917
discharge,2008-08-15 00:08:59.578000,0.6159885827138503,B0018,264,6617,06617.csv,1.4283681980964316,-0.5941697092682533,-0.9052977244540397,1.1658210540279241,77.00079337204485,23,-0.19745463485454662,1.1764103071232148,0.14617633655117152,-0.9135720138928325,-0.030333213381682968,0.31288928221767803,0.30363072974461247,-0.04202904216912434
discharge,2008-08-15 03:59:10.795999,0.6159885827138503,B0018,266,6619,06619.csv,1.4147874517552432,-0.5941697092682533,-0.9052977244540397,1.1882329610831572,76.26867945054364,22,-0.1908076648689109,1.1863827934692341,0.14617633655117152,-0.9135720138928325,-0.030333213381682968,0.30190654549520435,0.295602881039287,-0.2393037372425061
discharge,2008-08-15 08:19:52.703000,0.6159885827138503,B0018,269,6622,06622.csv,1.413889163393182,-0.5754605911862302,-0.9085279491773889,1.2106448681383903,76.22025431993113,21,-0.17165824859753753,1.1976771415857046,0.14617633655117152,-0.9088335313912023,0.06562055055849186,-0.18782033206999615,0.2895656134075995,-0.25984903137782556
discharge,2008-08-15 12:00:03.390000,0.6159885827138503,B0018,271,6624,06624.csv,1.3989331662177225,-0.5754605911862302,-0.9085279491773889,1.2330567751936234,75.41400306782735,20,-0.19708935338681396,1.207216010332731,0.14617633655117152,-0.9088335313912023,-0.030333213381682968,-0.20947037064374152,0.2741297674593314,-0.263979482572111
discharge,2008-08-15 15:37:16.687000,0.6159885827138503,B0018,273,6626,06626.csv,1.3953322584033976,-0.5754605911862302,-0.9085279491773889,1.2554686822488568,75.21988452127043,19,-0.19894489244815525,1.2166267933922352,0.14617633655117152,-0.9088335313912023,-0.030333213381682968,-0.1703433409271914,0.26109181315363045,-0.2781299435923989
discharge,2008-08-15 19:13:34.203000,0.6159885827138503,B0018,275,6628,06628.csv,1.390046129540245,-0.5754605911862302,-0.9085279491773889,1.2778805893040899,74.93491870022228,18,-0.19952837417982375,1.2259972993913884,0.14617633655117152,-0.9088335313912023,-0.030333213381682968,-0.1493416830349089,0.24836667750270525,-0.2966700758018481
discharge,2008-08-15 23:27:04.375000,0.6159885827138503,B0018,278,6631,06631.csv,1.3860271454209647,-0.60215086673257,-0.8718073812239792,1.300292496359323,74.7182624023947,17,-0.1761742932364897,1.236979910237266,0.14617633655117152,-0.8912806125736192,0.32433397299664257,-0.10458096058417564,0.2368168830544625,-0.3005161726021988
discharge,2008-08-16 03:52:55.640000,0.6159885827138503,B0018,281,6634,06634.csv,1.388215260193751,-0.6862108348187254,-0.9358802529270306,1.322704403414556,74.83621978461461,16,-0.16842229476089013,1.2484976324559545,0.14617633655117152,-0.9720695513720968,-1.6496004560813833,-0.09013282530494338,0.2307864894838966,-0.34685995903768724
discharge,2008-08-16 07:37:37.795999,0.6159885827138503,B0018,283,6636,06636.csv,1.3761826562394497,-0.6862108348187254,-0.9358802529270306,1.3451163104697892,74.18756347033406,15,-0.19424972696149276,1.2582325172883173,0.14617633655117152,-0.9720695513720968,-0.030333213381682968,-0.0764477754626862,0.21758569220066515,-0.33206948242370177
discharge,2008-08-16 11:21:22.140000,0.6159885827138503,B0018,285,6638,06638.csv,1.3647168898640163,-0.6862108348187254,-0.9358802529270306,1.3675282175250223,73.56946436346267,14,-0.19485445338633736,1.267925658564049,0.14617633655117152,-0.9720695513720968,-0.030333213381682968,-0.11326491680107499,0.20003710674127384,-0.301809501236752
discharge,2008-08-16 15:02:56.640000,0.6159885827138503,B0018,287,6640,06640.csv,1.3589854739373584,-0.6862108348187254,-0.9358802529270306,1.3899401245802554,73.2604939074654,13,-0.19621265066767418,1.2775250450726645,0.14617633655117152,-0.9720695513720968,-0.030333213381682968,-0.11534940396964337,0.18396514227822233,-0.2824541485025928
discharge,2008-08-16 19:15:49.609000,0.6159885827138503,B0018,290,6643,06643.csv,1.34623087640088,-0.606532959790281,-0.7923635327509457,1.4123520316354885,72.57291620112973,12,-0.1765634449344382,1.2884807932327487,0.14617633655117152,-0.8328150373806151,2.867997957023108,-0.1562427412572215,0.16351910381271725,-0.2547309984932227
discharge,2008-08-18 14:27:16.015000,0.6159885827138503,B0018,293,6646,06646.csv,1.4268427818454643,-0.6584268855413313,-0.8762233307248773,1.4347639386907214,76.91856089045949,11,1.2911464777475161,1.400750837839881,0.14617633655117152,-0.916233505745164,-1.6587070341995356,0.21087635732817622,0.2113930047168066,-0.12612421017512765
discharge,2008-08-18 18:08:54.125000,0.6159885827138503,B0018,295,6648,06648.csv,1.4064481483279665,-0.6584268855413313,-0.8762233307248773,1.4571758457459545,75.81912240991065,10,-0.1961748892605405,1.4103528309741908,0.14617633655117152,-0.916233505745164,-0.030333213381682968,0.1717318486365158,0.22774841280580868,-0.09905957213155873
discharge,2008-08-18 21:48:48.484000,0.6159885827138503,B0018,297,6650,06650.csv,1.3934907492075153,-0.6584268855413313,-0.8762233307248773,1.4795877528011876,75.12061203027417,9,-0.19726014791747282,1.4198799099748625,0.14617633655117152,-0.916233505745164,-0.030333213381682968,0.16474918605312786,0.2287658908625067,-0.1070864969503815
discharge,2008-08-19 01:25:43.655999,0.6159885827138503,B0018,299,6652,06652.csv,1.3882493512249316,-0.6584268855413313,-0.8762233307248773,1.5019996598564207,74.83805757157408,8,-0.19913448401105252,1.4292776057508985,0.14617633655117152,-0.916233505745164,-0.030333213381682968,0.16704306836075683,0.22544517184399843,-0.13821865571281375
discharge,2008-08-19 05:17:05.812000,0.6159885827138503,B0018,301,6654,06654.csv,1.3701878338420928,-0.6584268855413313,-0.8762233307248773,1.5244115669116538,73.86439323920165,7,-0.19006563750747846,1.4393013133763448,0.14617633655117152,-0.916233505745164,-0.030333213381682968,0.14220020354165777,0.20945093463166575,-0.21154862611750816
discharge,2008-08-19 09:39:42.500000,0.6159885827138503,B0018,304,6657,06657.csv,1.379695166560862,-0.604716718925923,-0.8910061710739358,1.546823473966887,74.37691666500521,6,-0.1704576136849479,1.450678539914211,0.14617633655117152,-0.9068016012100699,0.16089732064447304,-0.1906560180307615,0.20604193453081426,-0.2747135506552646
discharge,2008-08-19 13:17:33.984000,0.6159885827138503,B0018,306,6659,06659.csv,1.3686586323935683,-0.604716718925923,-0.8910061710739358,1.56923538102212,73.78195670433692,5,-0.19854544789020134,1.4601168961635762,0.14617633655117152,-0.9068016012100699,-0.030333213381682968,-0.14684868649922217,0.19534870583757358,-0.2990708715285978
discharge,2008-08-19 16:54:51.734000,0.6159885827138503,B0018,308,6661,06661.csv,1.3627371779096438,-0.604716718925923,-0.8910061710739358,1.5916472880773533,73.46274160714678,4,-0.19889831307254133,1.4695308945428083,0.14617633655117152,-0.9068016012100699,-0.030333213381682968,-0.11391187446129912,0.18370198519949774,-0.3061718160689416
discharge,2008-08-19 20:32:20.468000,0.6159885827138503,B0018,310,6663,06663.csv,1.3634051133928071,-0.604716718925923,-0.8910061710739358,1.6140591951325864,73.49874882306874,3,-0.19878341797670857,1.4789528239958991,0.14617633655117152,-0.9068016012100699,-0.030333213381682968,-0.08624897833498765,0.17644712056794587,-0.3338562416401848
discharge,2008-08-20 00:43:05.405999,0.6159885827138503,B0018,313,6666,06666.csv,1.3518646035305233,-0.5798180490470453,-0.8604310779860981,1.6364711021878195,72.87662042753458,2,-0.17790267783041952,1.4898161264781702,0.14617633655117152,-0.8740918151550953,0.6299681196844374,-0.05572270075636924,0.162805463053092,-0.30576770965151356
discharge,2008-08-20 05:02:00.296000,0.6159885827138503,B0018,316,6669,06669.csv,1.3547969729652622,-0.5738676272019948,-0.9165911222084052,1.6588830092430527,73.03469925709389,1,-0.17277767034469105,1.5010332022229091,0.14617633655117152,-0.9143266096190678,-0.8304682392825787,-0.08650155718996098,0.15594833926337517,-0.33378314923387475
discharge,2008-08-20 08:37:19.515000,0.6159885827138503,B0018,318,6671,06671.csv,1.341051440640485,-0.5738676272019948,-0.9165911222084052,1.6812949162982858,72.29370201580872,0,-0.20013817383402646,1.5103616144663514,0.14617633655117152,-0.9143266096190678,-0.030333213381682968,-0.09918297635021181,0.1408894728280116,-0.3140286954956474
discharge,2009-02-13 23:12:28.077999,0.6159885827138503,B0025,3,4003,04003.csv,1.847011162956716,-1.139006763259153,-1.1285739120795013,-1.2546649079372523,100.0,27,-0.3352760930883402,-1.2173607181576145,-6.841052550594827,-1.2918308488097683,-0.030333213381682968,0.030052390418546782,1.2688704128140795,-0.3921908713000117
discharge,2009-02-14 04:03:34.578000,0.6159885827138503,B0025,5,4005,04005.csv,1.8485654344528384,-1.139006763259153,-1.1285739120795013,-1.2322530008820192,100.08415062817673,26,-0.15257259787004493,-1.204748909931481,0.14617633655117152,-1.2918308488097683,-0.030333213381682968,0.030052390418546782,1.2700562777999846,-0.3827996445996163
discharge,2009-02-14 08:54:41.468000,0.6159885827138503,B0025,7,4007,04007.csv,1.847111177186175,-1.139006763259153,-1.1285739120795013,-1.209841093826786,100.0054149228475,25,-0.15256851839330793,-1.1921368201038476,0.14617633655117152,-1.2918308488097683,-0.030333213381682968,0.030052390418546782,1.2697372974864578,-0.38475738193129083
discharge,2009-02-14 13:45:23.545999,0.6159885827138503,B0025,9,4009,04009.csv,1.8489837601535537,-1.139006763259153,-1.1285739120795013,-1.187429186771553,100.10679941932132,24,-0.15282805747130293,-1.1795426459547018,0.14617633655117152,-1.2918308488097683,-0.030333213381682968,0.030052390418546782,1.2709533715375516,-0.38360564809333475
discharge,2009-02-14 18:35:40.670999,0.6159885827138503,B0025,11,4011,04011.csv,1.837012071856044,-1.139006763259153,-1.1285739120795013,-1.1650172797163199,99.4586339649044,23,-0.1530890714199027,-1.1669664892926332,0.14617633655117152,-1.2918308488097683,-0.030333213381682968,0.030052390418546782,1.2626300295839343,-0.34985710476910414
discharge,2009-02-18 10:48:58.155999,0.6159885827138503,B0025,15,4015,04015.csv,1.817549211247137,-1.2039837079153812,-1.1987045425786798,-1.1426053726610867,98.40488502178752,22,2.986864609325879,-0.9376430087044785,0.14617633655117152,-1.3698785018344393,-1.9460522034348873,-0.10786551767457396,1.2422315253534526,-0.27774826468881914
discharge,2009-02-18 16:49:07.389999,0.6159885827138503,B0025,19,4019,04019.csv,1.839863822522073,-1.219497562886612,-1.2258844981071557,-1.1201934656058536,99.61303209325484,21,-0.10923867399670847,-0.9220399104818213,0.14617633655117152,-1.396414084974643,-0.7114758477787907,-0.010681778395500828,1.2456579368516962,-0.28526885053070516
discharge,2009-02-19 00:52:49.686999,0.6159885827138503,B0025,22,4022,04022.csv,1.8430595619731431,-1.219497562886612,-1.2258844981071557,-1.0977815585506205,99.78605429881392,20,-0.03169637758381067,-0.9010841583835226,0.14617633655117152,-1.396414084974643,-0.030333213381682968,0.01108588405508892,1.2503804695760068,-0.2905064388975893
discharge,2009-02-19 05:38:57.140000,0.6159885827138503,B0025,24,4024,04024.csv,1.8401871729536057,-1.219497562886612,-1.2258844981071557,-1.0753696514953874,99.63053877854281,19,-0.15570069635179098,-0.8886882791308173,0.14617633655117152,-1.396414084974643,-0.030333213381682968,-0.011126378623461325,1.251337273524445,-0.3043530489835422
discharge,2009-02-19 10:25:15.217999,0.6159885827138503,B0025,26,4026,04026.csv,1.8281265632888255,-1.219497562886612,-1.2258844981071557,-1.0529577444401543,98.97755898574755,18,-0.1555895564971449,-0.8762847280241532,0.14617633655117152,-1.396414084974643,-0.030333213381682968,-0.011542639198443847,1.2427732403592542,-0.3005989086263844
discharge,2009-02-20 09:44:26.827999,0.6159885827138503,B0025,30,4030,04030.csv,1.8253563336445804,-1.2012219157168293,-1.2440655972899115,-1.0305458373849212,98.8275745297895,17,0.5428765176422031,-0.8156668821171578,0.14617633655117152,-1.4031616076483342,-0.20627363588331452,0.06659925601307082,1.234950278415114,-0.3239304433177887
discharge,2009-02-20 15:43:26.140000,0.6159885827138503,B0025,34,4034,04034.csv,1.8214180552626156,-1.2437824641047432,-1.2641170257490335,-1.0081339303296881,98.61435013456385,16,-0.10997007373960023,-0.800114271561871,0.14617633655117152,-1.4346857604289078,-0.8556373204781089,-0.056296323294461936,1.2267301759556604,-0.31115131348846475
discharge,2009-02-20 20:27:00.812000,0.6159885827138503,B0025,36,4036,04036.csv,1.830315627968932,-1.2437824641047432,-1.2641170257490335,-0.9857220232744549,99.09607828460237,15,-0.15729881978144503,-0.7878287088972112,0.14617633655117152,-1.4346857604289078,-0.030333213381682968,-0.029604781518440374,1.2280387027939543,-0.3320146072902245
discharge,2009-02-21 01:12:57.984000,0.6159885827138503,B0025,38,4038,04038.csv,1.8175491643824844,-1.2437824641047432,-1.2641170257490335,-0.9633101162192218,98.40488248446378,14,-0.15580823792090534,-0.7754402531130301,0.14617633655117152,-1.4346857604289078,-0.030333213381682968,-0.07592113150899259,1.2191706050704012,-0.3483057483210066
discharge,2009-02-21 05:57:05.062000,0.6159885827138503,B0025,40,4040,04040.csv,1.810901200296979,-1.2437824641047432,-1.2641170257490335,-0.9408982091639887,98.04495157452477,13,-0.15695984577602287,-0.7631312914699058,0.14617633655117152,-1.4346857604289078,-0.030333213381682968,-0.050583341164968695,1.2081863322303539,-0.32885297750456033
discharge,2009-02-21 10:42:44.125000,0.6159885827138503,B0025,42,4042,04042.csv,1.8083032603084237,-1.2437824641047432,-1.2641170257490335,-0.9184863021087556,97.90429514316912,12,-0.1559976621097651,-0.7507559114155591,0.14617633655117152,-1.4346857604289078,-0.030333213381682968,-0.04977681520453532,1.1988813292812115,-0.31726715197710126
discharge,2009-03-02 16:30:34.015000,0.6159885827138503,B0025,46,4046,04046.csv,1.7928016149381063,-1.2359247793118782,-1.2741675522958644,-0.8960743950535225,97.06501243166119,11,8.016897480393213,-0.17421515474161708,0.14617633655117152,-1.4392778985280947,-0.15286616031580832,-0.10390749199293407,1.1808506790535798,-0.2752072205506017
discharge,2009-03-02 22:19:45.593000,0.6159885827138503,B0025,50,4050,04050.csv,1.812563150045885,-1.2037207044359117,-1.2579183769267197,-0.8736624879982893,98.13493206745505,10,-0.11611790279723541,-0.15908692162360547,0.14617633655117152,-1.4146092911079533,0.6297521798684227,-0.05305088266909165,1.1839077353188372,-0.3121902540500823
discharge,2009-03-03 02:59:39.453000,0.6159885827138503,B0025,52,4052,04052.csv,1.807772607491239,-1.2037207044359117,-1.2579183769267197,-0.8512505809430562,97.87556479070416,9,-0.1596085626711958,-0.14696079780461435,0.14617633655117152,-1.4146092911079533,-0.030333213381682968,-0.015713833356626353,1.1822907249862005,-0.324820371725017
discharge,2009-03-03 07:39:07.296000,0.6159885827138503,B0025,54,4054,04054.csv,1.8048055175003967,-1.2037207044359117,-1.2579183769267197,-0.8288386738878231,97.7149220154817,8,-0.15988070630814782,-0.13485345974204838,0.14617633655117152,-1.4146092911079533,-0.030333213381682968,0.0015171518847561212,1.1789489127465576,-0.32819939192694186
discharge,2009-03-03 12:18:51.280999,0.6159885827138503,B0025,56,4056,04056.csv,1.800538555899242,-1.2037207044359117,-1.2579183769267197,-0.80642676683259,97.48390220971484,7,-0.15971185738953553,-0.12273446623644786,0.14617633655117152,-1.4146092911079533,-0.030333213381682968,-0.0062959071970383525,1.1734654674669411,-0.3280846463668946
discharge,2009-03-03 16:58:46.625000,0.6159885827138503,B0025,58,4058,04058.csv,1.7942356098033032,-1.2037207044359117,-1.2579183769267197,-0.7840148597773569,97.14265109968642,6,-0.1595930396889388,-0.11060727088417766,0.14617633655117152,-1.4146092911079533,-0.030333213381682968,0.036765237346468777,1.1650008685116469,-0.332447481567208
discharge,2009-03-05 18:40:18.984000,0.6159885827138503,B0025,65,4065,04065.csv,1.807409052434889,-1.2141281666108745,-1.237840344621918,-0.7616029527221237,97.85588136573946,5,1.5359779792944959,0.018563205439039013,0.14617633655117152,-1.4034042538177693,0.2650378390340456,0.00592492026234503,1.169408764937399,-0.343789214627482
discharge,2009-03-05 23:20:01.139999,0.6159885827138503,B0025,67,4067,04067.csv,1.7902504816962077,-1.2141281666108745,-1.237840344621918,-0.7391910456668906,96.9268901889231,4,-0.1597309891384684,0.03068087830242478,0.14617633655117152,-1.4034042538177693,-0.030333213381682968,-0.051972553441825636,1.1592558606529155,-0.3310131349726796
discharge,2009-03-06 04:00:25.045999,0.6159885827138503,B0025,69,4069,04069.csv,1.7961223845359495,-1.2141281666108745,-1.237840344621918,-0.7167791386116575,97.24480395996615,3,-0.15929427479342897,0.04282869704540987,0.14617633655117152,-1.4034042538177693,-0.030333213381682968,-0.010595274269655501,1.1569673528093727,-0.3361075145063197
discharge,2009-03-06 08:39:37.155999,0.6159885827138503,B0025,71,4071,04071.csv,1.7912236690350776,-1.2141281666108745,-1.237840344621918,-0.6943672315564244,96.9795800350046,2,-0.16004527700577498,0.054924674985523766,0.14617633655117152,-1.4034042538177693,-0.030333213381682968,-0.013552653914342485,1.1517041001867039,-0.333446209751017
discharge,2009-03-06 13:20:49.203000,0.6159885827138503,B0025,73,4073,04073.csv,1.7854822365303245,-1.2141281666108745,-1.237840344621918,-0.6719553245011913,96.6687301267906,1,-0.15879070915947233,0.0671072542742617,0.14617633655117152,-1.4034042538177693,-0.030333213381682968,-0.010924084679501324,1.1438147152503417,-0.3208802074956847
discharge,2009-03-19 10:34:54.078000,0.6159885827138503,B0025,77,4077,04077.csv,1.7677890780323615,-1.2350001609266705,-1.2832764298480661,-0.6495434174459581,95.7107955537456,0,11.309514201745165,0.8709334857128549,0.14617633655117152,-1.4458193359942682,-1.1409236599251036,-0.15541746718504626,1.1250557481214427,-0.2986272658428053
discharge,2009-02-13 23:12:28.077999,0.6159885827138503,B0026,3,4083,04083.csv,1.8132504303869896,0.33857174716437716,-0.414306196737655,-1.2546649079372523,100.0,27,-0.3352760930883402,-1.2173607181576145,-6.841052550594827,-0.18366950168717935,-0.030333213381682968,0.030052390418546782,1.1915949739615843,-0.3921908713000117
discharge,2009-02-14 04:03:34.578000,0.6159885827138503,B0026,5,4085,04085.csv,1.8149760087078304,0.33857174716437716,-0.414306196737655,-1.2322530008820192,100.09516491996489,26,-0.15257259787004493,-1.204748909931481,0.14617633655117152,-0.18366950168717935,-0.030333213381682968,0.030052390418546782,1.1929115411869544,-0.3817645736803646
discharge,2009-02-14 08:54:41.468000,0.6159885827138503,B0026,7,4087,04087.csv,1.8135354175561995,0.33857174716437716,-0.414306196737655,-1.209841093826786,100.01571692273907,25,-0.15256851839330793,-1.1921368201038476,0.14617633655117152,-0.18366950168717935,-0.030333213381682968,0.030052390418546782,1.1926901225571758,-0.38428647485310774
discharge,2009-02-14 13:45:23.545999,0.6159885827138503,B0026,9,4089,04089.csv,1.815149273310334,0.33857174716437716,-0.414306196737655,-1.187429186771553,100.10472039005329,24,-0.15282805747130293,-1.1795426459547018,0.14617633655117152,-0.18366950168717935,-0.030333213381682968,0.030052390418546782,1.1937738362189658,-0.3838716612412089
discharge,2009-02-14 18:35:40.670999,0.6159885827138503,B0026,11,4091,04091.csv,1.81429130140682,0.33857174716437716,-0.414306196737655,-1.1650172797163199,100.05740359976687,23,-0.1530890714199027,-1.1669664892926332,0.14617633655117152,-0.18366950168717935,-0.030333213381682968,0.030052390418546782,1.1938417038109412,-0.38498213623562927
discharge,2009-02-18 10:48:58.155999,0.6159885827138503,B0026,15,4095,04095.csv,1.3863373424430123,0.3008828019360664,-0.525603496524551,-1.1426053726610867,76.45592242584692,22,2.986864609325879,-0.9376430087044785,0.14617633655117152,-0.28240677011194304,-1.5250045028353822,-1.9684221372436594,0.8673702387733249,1.2439641673347848
discharge,2009-02-18 16:49:07.389999,0.6159885827138503,B0026,19,4099,04099.csv,1.8165277958816064,0.32124250826602146,-0.5010976989998546,-1.1201934656058536,100.18074533112986,21,-0.10923867399670847,-0.9220399104818213,0.14617633655117152,-0.25603507155206173,0.3829929219878698,0.03731664917922283,0.9779456872466623,1.2454651756945276
discharge,2009-02-19 00:52:49.686999,0.6159885827138503,B0026,22,4102,04102.csv,1.8085638576011065,0.32124250826602146,-0.5010976989998546,-1.0977815585506205,99.7415374783679,20,-0.03169637758381067,-0.9010841583835226,0.14617633655117152,-0.25603507155206173,-0.030333213381682968,0.006779419376949961,1.0455863942880257,1.2408937497438526
discharge,2009-02-19 05:38:57.140000,0.6159885827138503,B0026,24,4104,04104.csv,1.804936077644182,0.32124250826602146,-0.5010976989998546,-1.0753696514953874,99.54146693675219,19,-0.15570069635179098,-0.8886882791308173,0.14617633655117152,-0.25603507155206173,-0.030333213381682968,-0.017757835974683917,1.0879123059608644,1.2314034450906057
discharge,2009-02-19 10:25:15.217999,0.6159885827138503,B0026,26,4106,04106.csv,1.8049315924982108,0.32124250826602146,-0.5010976989998546,-1.0529577444401543,99.54121958283481,18,-0.1555895564971449,-0.8762847280241532,0.14617633655117152,-0.25603507155206173,-0.030333213381682968,-0.013762475811657132,1.116126158370496,1.222495773360715
discharge,2009-02-20 09:44:26.827999,0.6159885827138503,B0026,30,4110,04110.csv,1.717679232699393,0.3037630100143198,-0.5249694749919054,-1.0305458373849212,94.7292885700736,17,0.5428765176422031,-0.8156668821171578,0.14617633655117152,-0.2808207668698391,-0.41516757713190994,1.5811370170667673,1.0683643221163799,-0.041865925695610436
discharge,2009-02-20 15:43:26.140000,0.6159885827138503,B0026,34,4114,04114.csv,1.809804813280106,0.28077020650728496,-0.5467572648459659,-1.0081339303296881,99.80997566308872,16,-0.10997007373960023,-0.800114271561871,0.14617633655117152,-0.30614570307819766,-0.4270280454345787,-0.0014193771576632135,1.1068122981216832,-0.05012941030332017
discharge,2009-02-20 20:27:00.812000,0.6159885827138503,B0026,36,4116,04116.csv,1.806556213274488,0.28077020650728496,-0.5467572648459659,-0.9857220232744549,99.63081673660086,15,-0.15729881978144503,-0.7878287088972112,0.14617633655117152,-0.30614570307819766,-0.030333213381682968,0.020654163564749035,1.1299656926320178,-0.05212561096195093
discharge,2009-02-21 01:12:57.984000,0.6159885827138503,B0026,38,4118,04118.csv,1.7938155707698509,0.28077020650728496,-0.5467572648459659,-0.9633101162192218,98.92817565122591,14,-0.15580823792090534,-0.7754402531130301,0.14617633655117152,-0.30614570307819766,-0.030333213381682968,-0.022005160288260675,1.1356805407748563,-0.059186751823369195
discharge,2009-02-21 05:57:05.062000,0.6159885827138503,B0026,40,4120,04120.csv,1.799304949381792,0.28077020650728496,-0.5467572648459659,-0.9408982091639887,99.23091257713249,13,-0.15695984577602287,-0.7631312914699058,0.14617633655117152,-0.30614570307819766,-0.030333213381682968,0.003712830302075797,1.1436786794333917,-0.06419745187919555
discharge,2009-02-21 10:42:44.125000,0.6159885827138503,B0026,42,4122,04122.csv,1.7842197448470132,0.28077020650728496,-0.5467572648459659,-0.9184863021087556,98.39896988008542,12,-0.1559976621097651,-0.7507559114155591,0.14617633655117152,-0.30614570307819766,-0.030333213381682968,0.34154323560450417,1.1375011894682907,-0.3047425833478681
discharge,2009-03-02 16:30:34.015000,0.6159885827138503,B0026,46,4126,04126.csv,1.6818819918515189,0.2743478598090066,-0.5531751615365599,-0.8960743950535225,92.7550857656527,11,8.016897480393213,-0.17421515474161708,0.14617633655117152,-0.3134709251254439,-0.14612644307837724,-0.5687826121880272,1.0553020652832268,0.049334964343869005
discharge,2009-03-02 22:19:45.593000,0.6159885827138503,B0026,50,4130,04130.csv,1.8007519383961936,0.2894990265771206,-0.54616138978434,-0.8736624879982893,99.31071341380415,10,-0.11611790279723541,-0.15908692162360547,0.14617633655117152,-0.3023427647700765,0.14604146757637457,0.00288129676179071,1.0911970406064917,0.04181298130687133
discharge,2009-03-03 02:59:39.453000,0.6159885827138503,B0026,52,4132,04132.csv,1.795972684272296,0.2894990265771206,-0.54616138978434,-0.8512505809430562,99.04713955528989,9,-0.1596085626711958,-0.14696079780461435,0.14617633655117152,-0.3023427647700765,-0.030333213381682968,0.040150315522399824,1.1114805890644197,0.04386615542727108
discharge,2009-03-03 07:39:07.296000,0.6159885827138503,B0026,54,4134,04134.csv,1.7931026940553298,0.2894990265771206,-0.54616138978434,-0.8288386738878231,98.88886079969882,8,-0.15988070630814782,-0.13485345974204838,0.14617633655117152,-0.3023427647700765,-0.030333213381682968,0.0010182623160638,1.1228132337201346,0.03748488618231056
discharge,2009-03-03 12:18:51.280999,0.6159885827138503,B0026,56,4136,04136.csv,1.8010267542068712,0.2894990265771206,-0.54616138978434,-0.80642676683259,99.3258693903903,7,-0.15971185738953553,-0.12273446623644786,0.14617633655117152,-0.3023427647700765,-0.030333213381682968,0.10872971617967277,1.1364141628855737,0.05136733072797487
discharge,2009-03-03 16:58:46.625000,0.6159885827138503,B0026,58,4138,04138.csv,1.7824572301269948,0.2894990265771206,-0.54616138978434,-0.7840148597773569,98.30176793321246,6,-0.1595930396889388,-0.11060727088417766,0.14617633655117152,-0.3023427647700765,-0.030333213381682968,0.5008673114955784,1.1313134297880414,-0.32729646915594546
discharge,2009-03-05 18:40:18.984000,0.6159885827138503,B0026,65,4145,04145.csv,1.7959303030608789,0.2747812682930073,-0.5419786155771001,-0.7616029527221237,99.04480224927264,5,1.5359779792944959,0.018563205439039013,0.14617633655117152,-0.304827408566709,-0.06955527553671739,0.007481249660812324,1.1381925128587644,-0.33320934197441454
discharge,2009-03-05 23:20:01.139999,0.6159885827138503,B0026,67,4147,04147.csv,1.7783142127341005,0.2747812682930073,-0.5419786155771001,-0.7391910456668906,98.07328226330915,4,-0.1597309891384684,0.03068087830242478,0.14617633655117152,-0.304827408566709,-0.030333213381682968,-0.05261081800284246,1.1293379918925937,-0.31116027110552513
discharge,2009-03-06 04:00:25.045999,0.6159885827138503,B0026,69,4149,04149.csv,1.771719092984802,0.2747812682930073,-0.5419786155771001,-0.7167791386116575,97.70956417788777,3,-0.15929427479342897,0.04282869704540987,0.14617633655117152,-0.304827408566709,-0.030333213381682968,-0.0700489727299832,1.118403088951055,-0.2875437844225902
discharge,2009-03-06 08:39:37.155999,0.6159885827138503,B0026,71,4151,04151.csv,1.7790749489536772,0.2747812682930073,-0.5419786155771001,-0.6943672315564244,98.11523654644778,2,-0.16004527700577498,0.054924674985523766,0.14617633655117152,-0.304827408566709,-0.030333213381682968,-0.0727088621024031,1.1167254627395096,-0.31566136959819296
discharge,2009-03-06 13:20:49.203000,0.6159885827138503,B0026,73,4153,04153.csv,1.7733229782464677,0.2747812682930073,-0.5419786155771001,-0.6719553245011913,97.79801777672814,1,-0.15879070915947233,0.0671072542742617,0.14617633655117152,-0.304827408566709,-0.030333213381682968,-0.012707061629171816,1.1112184550615385,-0.30999786395635603
discharge,2009-03-19 10:34:54.078000,0.6159885827138503,B0026,77,4157,04157.csv,1.768754111010884,0.2732515535017891,-0.5409189442448055,-0.6495434174459581,97.5460466667801,0,11.309514201745165,0.8709334857128549,0.14617633655117152,-0.30461251099231484,-0.026937842966596855,-0.09716537147377077,1.1040612007361457,-0.3546350864618399
discharge,2009-02-13 23:12:28.077999,0.6159885827138503,B0027,3,3162,03162.csv,1.8233077742149364,0.13080683186197153,-0.5381921477788022,-1.2546649079372523,100.0,27,-0.3352760930883402,-1.2173607181576145,-6.841052550594827,-0.3572455484513841,-0.030333213381682968,0.030052390418546782,1.21461537662583,-0.3921908713000117
discharge,2009-02-14 04:03:34.578000,0.6159885827138503,B0027,5,3164,03164.csv,1.814238465116796,0.13080683186197153,-0.5381921477788022,-1.2322530008820192,99.50259033464356,26,-0.15257259787004493,-1.204748909931481,0.14617633655117152,-0.3572455484513841,-0.030333213381682968,0.030052390418546782,1.2076957514942734,-0.33739224829940045
discharge,2009-02-14 08:54:41.468000,0.6159885827138503,B0027,7,3166,03166.csv,1.812859679313087,0.13080683186197153,-0.5381921477788022,-1.209841093826786,99.42697030914881,25,-0.15256851839330793,-1.1921368201038476,0.14617633655117152,-0.3572455484513841,-0.030333213381682968,0.030052390418546782,1.2020306936841028,-0.3436878454874478
discharge,2009-02-14 13:45:23.545999,0.6159885827138503,B0027,9,3168,03168.csv,1.814424244673997,0.13080683186197153,-0.5381921477788022,-1.187429186771553,99.51277948426649,24,-0.15282805747130293,-1.1795426459547018,0.14617633655117152,-0.3572455484513841,-0.030333213381682968,0.030052390418546782,1.1994477073895529,-0.35130611038312054
discharge,2009-02-14 18:35:40.670999,0.6159885827138503,B0027,11,3170,03170.csv,1.812800333853042,0.13080683186197153,-0.5381921477788022,-1.1650172797163199,99.4237154850931,23,-0.1530890714199027,-1.1669664892926332,0.14617633655117152,-0.3572455484513841,-0.030333213381682968,0.030052390418546782,1.1964867187146144,-0.3544655047449676
discharge,2009-02-18 10:48:58.155999,0.6159885827138503,B0027,15,3174,03174.csv,1.7946038703195293,0.9198051121005573,-0.20123095637965369,-1.1426053726610867,98.42572360512388,22,2.986864609325879,-0.9376430087044785,0.14617633655117152,0.20084189458500426,8.957491220185595,-0.10431692830087094,1.180629341652947,-0.31938687511371006
discharge,2009-02-18 16:49:07.389999,0.6159885827138503,B0027,19,3178,03178.csv,1.816519171293833,0.7582075930056784,-0.26833385717838176,-1.1201934656058536,99.62767652191762,21,-0.10923867399670847,-0.9220399104818213,0.14617633655117152,0.08798512165843068,-1.538212603011794,0.04072888015054636,1.1867785088510125,-0.3163807666179848
discharge,2009-02-19 00:52:49.686999,0.6159885827138503,B0027,22,3181,03181.csv,1.819833556519024,0.7582075930056784,-0.26833385717838176,-1.0977815585506205,99.80945522500126,20,-0.03169637758381067,-0.9010841583835226,0.14617633655117152,0.08798512165843068,-0.030333213381682968,0.06269865109476747,1.1934067353961293,-0.3077870100874865
discharge,2009-02-19 05:38:57.140000,0.6159885827138503,B0027,24,3183,03183.csv,1.816980986440728,0.7582075930056784,-0.26833385717838176,-1.0753696514953874,99.65300494718,19,-0.15570069635179098,-0.8886882791308173,0.14617633655117152,0.08798512165843068,-0.030333213381682968,0.042021063759600095,1.1956491231807707,-0.3057055474464256
discharge,2009-02-19 10:25:15.217999,0.6159885827138503,B0027,26,3185,03185.csv,1.8047602710768988,0.7582075930056784,-0.26833385717838176,-1.0529577444401543,98.98275522101453,18,-0.1555895564971449,-0.8762847280241532,0.14617633655117152,0.08798512165843068,-0.030333213381682968,-0.007584920576790635,1.1878199898075152,-0.3014599197208197
discharge,2009-02-20 09:44:26.827999,0.6159885827138503,B0027,30,3189,03189.csv,1.802177888140868,0.7960421640975159,-0.28697554977705564,-1.0305458373849212,98.84112345853589,17,0.5428765176422031,-0.8156668821171578,0.14617633655117152,0.08839933357299816,-0.024601460494100995,0.06550804196791214,1.18063028275858,-0.3239018581641798
discharge,2009-02-20 15:43:26.140000,0.6159885827138503,B0027,34,3193,03193.csv,1.810054375611175,0.6505682788966657,-0.33477321038705277,-1.0081339303296881,99.27311237350108,16,-0.10997007373960023,-0.800114271561871,0.14617633655117152,-0.0036497845397013224,-1.3039173276201388,-0.00021074712205635895,1.1818466808502797,-0.3272298088331441
discharge,2009-02-20 20:27:00.812000,0.6159885827138503,B0027,36,3195,03195.csv,1.8191618703574552,0.6505682788966657,-0.33477321038705277,-0.9857220232744549,99.77261634507832,15,-0.15729881978144503,-0.7878287088972112,0.14617633655117152,-0.0036497845397013224,-0.030333213381682968,0.026908079029680374,1.1896063726074302,-0.32891322645393284
discharge,2009-02-21 01:12:57.984000,0.6159885827138503,B0027,38,3197,03197.csv,1.806344581230731,0.6505682788966657,-0.33477321038705277,-0.9633101162192218,99.06964730671929,14,-0.15580823792090534,-0.7754402531130301,0.14617633655117152,-0.0036497845397013224,-0.030333213381682968,-0.019738973393803688,1.1850002730534577,-0.3357209696080658
discharge,2009-02-21 05:57:05.062000,0.6159885827138503,B0027,40,3199,03199.csv,1.8120006378747944,0.6505682788966657,-0.33477321038705277,-0.9408982091639887,99.37985585867364,13,-0.15695984577602287,-0.7631312914699058,0.14617633655117152,-0.0036497845397013224,-0.030333213381682968,0.06394614777841531,1.186244950516363,-0.33773064055574653
discharge,2009-02-21 10:42:44.125000,0.6159885827138503,B0027,42,3201,03201.csv,1.809238569578753,0.6505682788966657,-0.33477321038705277,-0.9184863021087556,99.22836918510693,12,-0.1559976621097651,-0.7507559114155591,0.14617633655117152,-0.0036497845397013224,-0.030333213381682968,0.0631050008913415,1.1849673558677234,-0.3510685412740506
discharge,2009-03-02 16:30:34.015000,0.6159885827138503,B0027,46,3205,03205.csv,1.7820717716005336,0.6397974728739186,-0.35038825161255893,-0.8960743950535225,97.7383959418394,11,8.016897480393213,-0.17421515474161708,0.14617633655117152,-0.019608088666728862,-0.25774842615225796,-0.1009403641073201,1.1633881312068397,-0.27194264806188695
discharge,2009-03-02 22:19:45.593000,0.6159885827138503,B0027,50,3209,03209.csv,1.8145504562341048,0.6644296423890407,-0.3564737026571465,-0.8736624879982893,99.51970160470565,10,-0.11611790279723541,-0.15908692162360547,0.14617633655117152,-0.014756945077532559,0.03915951103490324,0.008465341620392053,1.1737822949053558,-0.28032266049416477
discharge,2009-03-03 02:59:39.453000,0.6159885827138503,B0027,52,3211,03211.csv,1.809153485164282,0.6644296423890407,-0.3564737026571465,-0.8512505809430562,99.22370269842409,9,-0.1596085626711958,-0.14696079780461435,0.14617633655117152,-0.014756945077532559,-0.030333213381682968,0.04320149059930438,1.1765940018032064,-0.27912503058052557
discharge,2009-03-03 07:39:07.296000,0.6159885827138503,B0027,54,3213,03213.csv,1.806555150809371,0.6644296423890407,-0.3564737026571465,-0.8288386738878231,99.08119607438307,8,-0.15988070630814782,-0.13485345974204838,0.14617633655117152,-0.014756945077532559,-0.030333213381682968,0.004560861818723369,1.176486017789006,-0.28307958330046934
discharge,2009-03-03 12:18:51.280999,0.6159885827138503,B0027,56,3215,03215.csv,1.802401655959492,0.6644296423890407,-0.3564737026571465,-0.80642676683259,98.85339608863094,7,-0.15971185738953553,-0.12273446623644786,0.14617633655117152,-0.014756945077532559,-0.030333213381682968,-0.0019527134346124225,1.1732450299000086,-0.2856138488091379
discharge,2009-03-03 16:58:46.625000,0.6159885827138503,B0027,58,3217,03217.csv,1.7964331683322998,0.6644296423890407,-0.3564737026571465,-0.7840148597773569,98.52605214200834,6,-0.1595930396889388,-0.11060727088417766,0.14617633655117152,-0.014756945077532559,-0.030333213381682968,0.0972812629000864,1.1665305848462597,-0.3336607856912899
discharge,2009-03-05 18:40:18.984000,0.6159885827138503,B0027,65,3224,03224.csv,1.8088036930508289,0.5689962384008173,-0.37380007142198163,-0.7616029527221237,99.20451821852443,5,1.5359779792944959,0.018563205439039013,0.14617633655117152,-0.06452062879402529,-0.7420688773774745,0.0031505217183043313,1.171492646987482,-0.34662655118680596
discharge,2009-03-05 23:20:01.139999,0.6159885827138503,B0027,67,3226,03226.csv,1.7915527748749651,0.5689962384008173,-0.37380007142198163,-0.7391910456668906,98.25838512899206,4,-0.1597309891384684,0.03068087830242478,0.14617633655117152,-0.06452062879402529,-0.030333213381682968,-0.05234042482954876,1.1616387280428537,-0.3312100044375403
discharge,2009-03-06 04:00:25.045999,0.6159885827138503,B0027,69,3228,03228.csv,1.7853375192239571,0.5689962384008173,-0.37380007142198163,-0.7167791386116575,97.9175070973781,3,-0.15929427479342897,0.04282869704540987,0.14617633655117152,-0.06452062879402529,-0.030333213381682968,-0.0692720328849968,1.150327385295253,-0.3140537302637724
discharge,2009-03-06 08:39:37.155999,0.6159885827138503,B0027,71,3230,03230.csv,1.793209210325309,0.5689962384008173,-0.37380007142198163,-0.6943672315564244,98.34923295368567,2,-0.16004527700577498,0.054924674985523766,0.14617633655117152,-0.06452062879402529,-0.030333213381682968,-0.012979479452927144,1.1487923667612878,-0.318062706659357
discharge,2009-03-06 13:20:49.203000,0.6159885827138503,B0027,73,3232,03232.csv,1.7873097711102113,0.5689962384008173,-0.37380007142198163,-0.6719553245011913,98.0256759931699,1,-0.15879070915947233,0.0671072542742617,0.14617633655117152,-0.06452062879402529,-0.030333213381682968,-0.012656248573754966,1.143267916587266,-0.31309877951988163
discharge,2009-03-19 10:34:54.078000,0.6159885827138503,B0027,77,3236,03236.csv,1.7700926253324452,0.656437569248878,-0.35231436061496063,-0.6495434174459581,97.08139516350145,0,11.309514201745165,0.8709334857128549,0.14617633655117152,-0.014676724861115906,0.6943339411940267,-0.15116267409582285,1.126448756812559,-0.31378678866721066
discharge,2009-02-13 23:12:28.077999,0.6159885827138503,B0028,3,1453,01453.csv,1.8046847720100736,-0.00416794199635355,-0.5877819894403036,-1.2546649079372523,100.0,27,-0.3352760930883402,-1.2173607181576145,-6.841052550594827,-0.44661998878828035,-0.030333213381682968,0.030052390418546782,1.171988912133107,-0.3921908713000117
discharge,2009-02-14 04:03:34.578000,0.6159885827138503,B0028,5,1455,01455.csv,1.804783321452588,-0.00416794199635355,-0.5877819894403036,-1.2322530008820192,100.00546075658434,26,-0.15257259787004493,-1.204748909931481,0.14617633655117152,-0.44661998878828035,-0.030333213381682968,0.030052390418546782,1.1720641025573992,-0.39159541538503184
discharge,2009-02-14 08:54:41.468000,0.6159885827138503,B0028,7,1457,01457.csv,1.797618668222458,-0.00416794199635355,-0.5877819894403036,-1.209841093826786,99.60845772640143,25,-0.15256851839330793,-1.1921368201038476,0.14617633655117152,-0.44661998878828035,-0.030333213381682968,0.030052390418546782,1.1666478026806255,-0.3570850563703406
discharge,2009-02-14 13:45:23.545999,0.6159885827138503,B0028,9,1459,01459.csv,1.7929913687761174,-0.00416794199635355,-0.5877819894403036,-1.187429186771553,99.35205286733084,24,-0.15282805747130293,-1.1795426459547018,0.14617633655117152,-0.44661998878828035,-0.030333213381682968,0.030052390418546782,1.1595064381062796,-0.3429509478784046
discharge,2009-02-14 18:35:40.670999,0.6159885827138503,B0028,11,1461,01461.csv,1.7919180081592216,-0.00416794199635355,-0.5877819894403036,-1.1650172797163199,99.2925765181344,23,-0.1530890714199027,-1.1669664892926332,0.14617633655117152,-0.44661998878828035,-0.030333213381682968,0.030052390418546782,1.153926584739598,-0.33949447251333775
discharge,2009-02-18 10:48:58.155999,0.6159885827138503,B0028,15,1465,01465.csv,1.775026135903797,-0.05015577772279492,-0.6817356235419662,-1.1426053726610867,98.35657525534266,22,2.986864609325879,-0.9376430087044785,0.14617633655117152,-0.5354127811603075,-1.508938416625308,-0.10878624080977084,1.137318663957806,-0.29829419666470924
discharge,2009-02-18 16:49:07.389999,0.6159885827138503,B0028,19,1469,01469.csv,1.7920487852223417,-0.0967435033942969,-0.6707258588903044,-1.1201934656058536,99.29982305033484,21,-0.10923867399670847,-0.9220399104818213,0.14617633655117152,-0.5449663884661088,-0.194985232156421,-0.02956078846126839,1.1392345144903275,-0.3183060769900498
discharge,2009-02-19 00:52:49.686999,0.6159885827138503,B0028,22,1472,01472.csv,1.790475801581265,-0.0967435033942969,-0.6707258588903044,-1.0977815585506205,99.21266192028747,20,-0.03169637758381067,-0.9010841583835226,0.14617633655117152,-0.5449663884661088,-0.030333213381682968,-0.0033849471567902975,1.1393116063578888,-0.32740987794295
discharge,2009-02-19 05:38:57.140000,0.6159885827138503,B0028,24,1474,01474.csv,1.7868365091987264,-0.0967435033942969,-0.6707258588903044,-1.0753696514953874,99.01100385573334,19,-0.15570069635179098,-0.8886882791308173,0.14617633655117152,-0.5449663884661088,-0.030333213381682968,0.0012401322936145755,1.1365863242612484,-0.3310454224902314
discharge,2009-02-19 10:25:15.217999,0.6159885827138503,B0028,26,1476,01476.csv,1.7871529619962183,-0.0967435033942969,-0.6707258588903044,-1.0529577444401543,99.02853892902702,18,-0.1555895564971449,-0.8762847280241532,0.14617633655117152,-0.5449663884661088,-0.030333213381682968,0.0077461560846246065,1.1350109140224296,-0.335092687247885
discharge,2009-02-20 09:44:26.827999,0.6159885827138503,B0028,30,1480,01480.csv,1.7816340617009505,-0.10935851983027117,-0.6872190849376025,-1.0305458373849212,98.7227292729107,17,0.5428765176422031,-0.8156668821171578,0.14617633655117152,-0.562297741790066,-0.330159017387856,0.060985551661956676,1.1297498764277405,-0.35789564530017054
discharge,2009-02-20 15:43:26.140000,0.6159885827138503,B0028,34,1484,01484.csv,1.7850235136604733,-0.13983178129329335,-0.7194805646460091,-1.0081339303296881,98.91054334504626,16,-0.10997007373960023,-0.800114271561871,0.14617633655117152,-0.5984249141756866,-0.6596304007062632,-0.0028344585977711726,1.128828573562912,-0.36455987004872586
discharge,2009-02-20 20:27:00.812000,0.6159885827138503,B0028,36,1486,01486.csv,1.7803865429693038,-0.13983178129329335,-0.7194805646460091,-0.9857220232744549,98.65360258934827,15,-0.15729881978144503,-0.7878287088972112,0.14617633655117152,-0.5984249141756866,-0.030333213381682968,-0.01717765922951401,1.1246764947782057,-0.36603586738271476
discharge,2009-02-21 01:12:57.984000,0.6159885827138503,B0028,38,1488,01488.csv,1.7789060856417256,-0.13983178129329335,-0.7194805646460091,-0.9633101162192218,98.57156846624048,14,-0.15580823792090534,-0.7754402531130301,0.14617633655117152,-0.5984249141756866,-0.030333213381682968,-0.007071675157812858,1.120778895382285,-0.36318885946555557
discharge,2009-02-21 05:57:05.062000,0.6159885827138503,B0028,40,1490,01490.csv,1.7738387518973049,-0.13983178129329335,-0.7194805646460091,-0.9408982091639887,98.29078071743177,13,-0.15695984577602287,-0.7631312914699058,0.14617633655117152,-0.5984249141756866,-0.030333213381682968,-0.032274369969068926,1.1143142641296002,-0.3571658872839805
discharge,2009-02-21 10:42:44.125000,0.6159885827138503,B0028,42,1492,01492.csv,1.769682881523146,-0.13983178129329335,-0.7194805646460091,-0.9184863021087556,98.06049837457529,12,-0.1559976621097651,-0.7507559114155591,0.14617633655117152,-0.5984249141756866,-0.030333213381682968,-0.025893725630202744,1.106833698957424,-0.3413857142238302
discharge,2009-03-02 16:30:34.015000,0.6159885827138503,B0028,46,1496,01496.csv,1.7408787283206992,-0.11340595289317898,-0.7112318172538539,-0.8960743950535225,96.46442167191854,11,8.016897480393213,-0.17421515474161708,0.14617633655117152,-0.5820323606888042,0.2593731388836387,-0.17659910732666084,1.0798699051046114,-0.25426651119141813
discharge,2009-03-02 22:19:45.593000,0.6159885827138503,B0028,50,1500,01500.csv,1.7648189744011906,-0.06113332867682819,-0.699775715643861,-0.8736624879982893,97.79098276734058,10,-0.11611790279723541,-0.15908692162360547,0.14617633655117152,-0.5532865199654811,0.4743527837271531,-0.042822839035865236,1.0801597700178012,-0.2659285237256136
discharge,2009-03-03 02:59:39.453000,0.6159885827138503,B0028,52,1502,01502.csv,1.7617857390844025,-0.06113332867682819,-0.699775715643861,-0.8512505809430562,97.6229071364142,9,-0.1596085626711958,-0.14696079780461435,0.14617633655117152,-0.5532865199654811,-0.030333213381682968,-0.050091736022592974,1.0780387409379086,-0.28300559550359117
discharge,2009-03-03 07:39:07.296000,0.6159885827138503,B0028,54,1504,01504.csv,1.75770610357021,-0.06113332867682819,-0.699775715643861,-0.8288386738878231,97.39684906924003,8,-0.15988070630814782,-0.13485345974204838,0.14617633655117152,-0.5532865199654811,-0.030333213381682968,-0.045468102290410393,1.073512075579485,-0.29802197415215154
discharge,2009-03-03 12:18:51.280999,0.6159885827138503,B0028,56,1506,01506.csv,1.7519375960601256,-0.06113332867682819,-0.699775715643861,-0.80642676683259,97.07720834308378,7,-0.15971185738953553,-0.12273446623644786,0.14617633655117152,-0.5532865199654811,-0.030333213381682968,-0.053017213173916986,1.0660930913595719,-0.31138949013989364
discharge,2009-03-03 16:58:46.625000,0.6159885827138503,B0028,58,1508,01508.csv,1.7521244035832175,-0.06113332867682819,-0.699775715643861,-0.7840148597773569,97.08755959810567,6,-0.1595930396889388,-0.11060727088417766,0.14617633655117152,-0.5532865199654811,-0.030333213381682968,0.08269588201712959,1.0612896307114914,-0.3431665726994558
discharge,2009-03-05 18:40:18.984000,0.6159885827138503,B0028,65,1515,01515.csv,1.759771413398964,-0.08639333380287677,-0.6790700846827203,-0.7616029527221237,97.51129065265593,5,1.5359779792944959,0.018563205439039013,0.14617633655117152,-0.5473095652472965,0.07340698174356522,0.006423641676379112,1.0639217748074221,-0.35399547772159196
discharge,2009-03-05 23:20:01.139999,0.6159885827138503,B0028,67,1517,01517.csv,1.7483011320324189,-0.08639333380287677,-0.6790700846827203,-0.7391910456668906,96.87570700145854,4,-0.1597309891384684,0.03068087830242478,0.14617633655117152,-0.5473095652472965,-0.030333213381682968,-0.03307203577018562,1.0569250387908837,-0.35227393213100044
discharge,2009-03-06 04:00:25.045999,0.6159885827138503,B0028,69,1519,01519.csv,1.7411482627836237,-0.08639333380287677,-0.6790700846827203,-0.7167791386116575,96.47935693746213,3,-0.15929427479342897,0.04282869704540987,0.14617633655117152,-0.5473095652472965,-0.030333213381682968,-0.047458522175965696,1.046803112129799,-0.3344203265256661
discharge,2009-03-06 08:39:37.155999,0.6159885827138503,B0028,71,1521,01521.csv,1.7363833316311177,-0.08639333380287677,-0.6790700846827203,-0.6943672315564244,96.21532572124045,2,-0.16004527700577498,0.054924674985523766,0.14617633655117152,-0.5473095652472965,-0.030333213381682968,-0.04276055942002489,1.0364196539516688,-0.3138133265739255
discharge,2009-03-06 13:20:49.203000,0.6159885827138503,B0028,73,1523,01523.csv,1.736559066269527,-0.08639333380287677,-0.6790700846827203,-0.6719553245011913,96.22506341289356,1,-0.15879070915947233,0.0671072542742617,0.14617633655117152,-0.5473095652472965,-0.030333213381682968,-0.04281239404072655,1.0296314290350737,-0.3080527775645174
discharge,2009-03-19 10:34:54.078000,0.6159885827138503,B0028,77,1527,01527.csv,1.7172335652295243,-0.05694940188284393,-0.6961246724928424,-0.6495434174459581,95.15421152010136,0,11.309514201745165,0.8709334857128549,0.14617633655117152,-0.548915662695055,-0.0581438437185287,-0.1690766792419815,1.0103611376105202,-0.2937907360998683
discharge,2009-04-07 16:31:01.889999,2.202476111374129,B0032,1,1013,01013.csv,1.704864107351214,-0.40705230078764104,-1.0916280043475037,-1.2546649079372523,100.0,39,-0.3352760930883402,-1.2173607181576145,-6.841052550594827,-0.9827943069162083,-0.030333213381682968,0.030052390418546782,0.943507920136563,-0.3921908713000117
discharge,2009-04-07 19:44:26.577999,2.202476111374129,B0032,3,1015,01015.csv,1.8940319526948568,-0.40705230078764104,-1.0916280043475037,-1.2322530008820192,110.0,38,-0.2138884620004622,-1.2089814721969623,0.14617633655117152,-0.9827943069162083,-0.030333213381682968,0.030052390418546782,1.0878376108062404,0.7507999925740148
discharge,2009-04-07 22:58:18.000000,2.202476111374129,B0032,5,1017,01017.csv,1.8747686491853093,-0.40705230078764104,-1.0916280043475037,-1.209841093826786,109.96587007149033,37,-0.21360881837274118,-1.2005829227643086,0.14617633655117152,-0.9827943069162083,-0.030333213381682968,0.030052390418546782,1.1693600513875553,0.4973556307679223
discharge,2009-04-08 02:11:30.217999,2.202476111374129,B0032,7,1019,01019.csv,1.8654947184112376,-0.40705230078764104,-1.0916280043475037,-1.187429186771553,109.42190115724763,36,-0.21401890099899915,-1.1922126808549076,0.14617633655117152,-0.9827943069162083,-0.030333213381682968,0.030052390418546782,1.2166325994525975,0.354885970209818
discharge,2009-04-08 05:23:26.343000,2.202476111374129,B0032,9,1021,01021.csv,1.8527398169018068,-0.40705230078764104,-1.0916280043475037,-1.1650172797163199,108.67375346298667,35,-0.21481485077115975,-1.183897382425773,0.14617633655117152,-0.9827943069162083,-0.030333213381682968,0.030052390418546782,1.2384160040830965,0.25842272577732855
discharge,2009-04-09 10:24:58.295999,2.202476111374129,B0032,13,1025,01025.csv,1.844174397003866,-0.43986071367113416,-1.1360387714210394,-1.1426053726610867,108.1713427511295,34,0.7577330978778019,-1.1084482385032872,0.14617633655117152,-1.0290165850801427,-0.997297928597022,0.6821946488179974,1.2464031018466184,-0.22590221040509817
discharge,2009-04-09 13:33:59.843000,2.202476111374129,B0032,15,1027,01027.csv,1.8430238477512757,-0.43986071367113416,-1.1360387714210394,-1.1201934656058536,108.1038564777292,33,-0.21664097568378637,-1.1002589953374495,0.14617633655117152,-1.0290165850801427,-0.030333213381682968,-0.20872782343014315,1.2508499973028462,-0.27430917732012594
discharge,2009-04-09 16:42:43.420999,2.202476111374129,B0032,17,1029,01029.csv,1.8302818174911863,-0.43986071367113416,-1.1360387714210394,-1.0977815585506205,107.3564637556262,32,-0.216828935462265,-1.0920827268149136,0.14617633655117152,-1.0290165850801427,-0.030333213381682968,-0.1782003019157938,1.244092787258305,-0.28092654310885457
discharge,2009-04-09 19:50:50.061999,2.202476111374129,B0032,19,1031,01031.csv,1.8173838456081812,-0.43986071367113416,-1.1360387714210394,-1.0753696514953874,106.59992416825439,31,-0.21721530473028025,-1.0839331289102923,0.14617633655117152,-1.0290165850801427,-0.030333213381682968,-0.19516523938886227,1.2297471945194818,-0.2740914871812578
discharge,2009-04-09 22:58:17.875000,2.202476111374129,B0032,21,1033,01033.csv,1.805799298110468,-0.43986071367113416,-1.1360387714210394,-1.0529577444401543,105.92042440943128,30,-0.21762145428109045,-1.0758115670333332,0.14617633655117152,-1.0290165850801427,-0.030333213381682968,-0.18968655357009478,1.2113447854686397,-0.250616214308327
discharge,2009-04-10 12:49:04.718000,2.202476111374129,B0032,25,1037,01037.csv,1.8149829605049184,-0.3993582503753502,-1.1203205733329213,-1.0305458373849212,106.45909856855347,29,0.18613302958513211,-1.0398193061591918,0.14617633655117152,-1.0015634800598685,0.5569574971760957,-0.10659917618011235,1.206083386215296,-0.2681292417199982
discharge,2009-04-10 15:54:20.092999,2.202476111374129,B0032,27,1039,01039.csv,1.7995150369321795,-0.3993582503753502,-1.1203205733329213,-1.0081339303296881,105.55181666226883,28,-0.2190067853928611,-1.0317933720658747,0.14617633655117152,-1.0015634800598685,-0.030333213381682968,-0.17362197002234916,1.1907742005581896,-0.29165123754479905
discharge,2009-04-10 18:59:06.625000,2.202476111374129,B0032,29,1041,01041.csv,1.7866516942518147,-0.3993582503753502,-1.1203205733329213,-0.9857220232744549,104.79730827506664,27,-0.21930848960073746,-1.0237882642605618,0.14617633655117152,-1.0015634800598685,-0.030333213381682968,-0.1741898602760239,1.1707537118419262,-0.28577993079955777
discharge,2009-04-10 22:03:26.625000,2.202476111374129,B0032,31,1043,01043.csv,1.7735550719416031,-0.3993582503753502,-1.1203205733329213,-0.9633101162192218,104.02911670755459,26,-0.21958602026329477,-1.0158023140717403,0.14617633655117152,-1.0015634800598685,-0.030333213381682968,-0.17511978683459645,1.147414368690778,-0.2530987577802194
discharge,2009-04-11 01:08:27.484000,2.202476111374129,B0032,33,1045,01045.csv,1.769995333364443,-0.3993582503753502,-1.1203205733329213,-0.9408982091639887,103.8203177445281,25,-0.21915862598792785,-1.0077868613568097,0.14617633655117152,-1.0015634800598685,-0.030333213381682968,-0.13755388250892212,1.1291388272079292,-0.23284955914201713
discharge,2009-04-13 09:51:27.484000,2.202476111374129,B0032,37,1049,01049.csv,1.799526080374287,-0.4041125012871348,-1.1123607371010036,-0.9184863021087556,105.55246442311146,24,1.8004923580344239,-0.8603572673646237,0.14617633655117152,-0.9973625466683622,0.05834537176015342,-0.04230468199392647,1.1394862537191333,-0.2731006529105856
discharge,2009-04-13 12:55:24.468000,2.202476111374129,B0032,39,1051,01051.csv,1.7968530684449833,-0.4041125012871348,-1.1123607371010036,-0.8960743950535225,105.3956770335607,23,-0.219826772769275,-0.852387936039233,0.14617633655117152,-0.9973625466683622,-0.030333213381682968,0.017591127540142592,1.1443451059132512,-0.27835850166556086
discharge,2009-04-13 15:59:56.875000,2.202476111374129,B0032,41,1053,01053.csv,1.7838265504081745,-0.4041125012871348,-1.1123607371010036,-0.8736624879982893,104.63159748137589,22,-0.21945624026930383,-0.8443930272894719,0.14617633655117152,-0.9973625466683622,-0.030333213381682968,0.01682726762906341,1.1376454776042384,-0.2784515880835246
discharge,2009-04-13 19:04:39.468000,2.202476111374129,B0032,43,1055,01055.csv,1.7696444491040102,-0.4041125012871348,-1.1123607371010036,-0.8512505809430562,103.79973638212392,21,-0.21934969243189004,-0.8363907636673217,0.14617633655117152,-0.9973625466683622,-0.030333213381682968,0.011745900528854962,1.1223585184301308,-0.2707066090241994
discharge,2009-04-13 22:09:45.530999,2.202476111374129,B0032,45,1057,01057.csv,1.7512940457049684,-0.4041125012871348,-1.1123607371010036,-0.8288386738878231,102.72338059987027,20,-0.21910419099486356,-0.8283715533685939,0.14617633655117152,-0.9973625466683622,-0.030333213381682968,-0.05749247076605088,1.0981663759592537,-0.22070805167186597
discharge,2009-04-14 10:33:23.937000,2.202476111374129,B0032,49,1061,01061.csv,1.7697554297961993,-0.3828027974837638,-1.100309745591496,-0.80642676683259,103.80624603246558,19,0.13144240958734993,-0.7961545219193534,0.14617633655117152,-0.9800557983982122,0.33426069203970254,-0.10931060531150658,1.0961237924480258,-0.24598736397095752
discharge,2009-04-14 13:36:17.437000,2.202476111374129,B0032,51,1063,01063.csv,1.7547726933914918,-0.3828027974837638,-1.100309745591496,-0.7840148597773569,102.9274231198297,18,-0.22049082960320135,-0.7882310296592239,0.14617633655117152,-0.9800557983982122,-0.030333213381682968,-0.16693514646837732,1.0833306679746277,-0.28017446064780416
discharge,2009-04-14 16:39:25.030999,2.202476111374129,B0032,53,1065,01065.csv,1.7389166355812984,-0.3828027974837638,-1.100309745591496,-0.7616029527221237,101.99737492761172,17,-0.22034340322248652,-0.7802973607287528,0.14617633655117152,-0.9800557983982122,-0.030333213381682968,-0.18018084757665143,1.0627041967767272,-0.2802033782436445
discharge,2009-04-14 19:42:47.234000,2.202476111374129,B0032,55,1067,01067.csv,1.7337200518764075,-0.3828027974837638,-1.100309745591496,-0.7391910456668906,101.69256566554303,16,-0.2201905897952459,-0.7723531432664302,0.14617633655117152,-0.9800557983982122,-0.030333213381682968,-0.13811765357505415,1.044988370275606,-0.27118579606177834
discharge,2009-04-14 22:45:53.780999,2.202476111374129,B0032,57,1069,01069.csv,1.7150972597500092,-0.3828027974837638,-1.100309745591496,-0.7167791386116575,100.60023273143418,15,-0.22035435507657763,-0.7644202303296164,0.14617633655117152,-0.9800557983982122,-0.030333213381682968,-0.13939276541541984,1.018969158061183,-0.21426336416199412
discharge,2009-04-15 14:58:30.250000,2.202476111374129,B0032,61,1073,01073.csv,1.7462926148815636,-0.3672358282977457,-1.0855114751813593,-0.6943672315564244,102.43001816694444,14,0.2751456201610444,-0.7222835346119407,0.14617633655117152,-0.9628741999089941,0.32863397965570385,-0.07978223231455965,1.0254241861139444,-0.26448032610317374
discharge,2009-04-15 18:01:43.843000,2.202476111374129,B0032,63,1075,01075.csv,1.719149261914565,-0.3672358282977457,-1.0855114751813593,-0.6719553245011913,100.83790576045062,13,-0.22028065233075347,-0.7143455340609303,0.14617633655117152,-0.9628741999089941,-0.030333213381682968,-0.1367087663719911,1.0090179311313505,-0.27942582221928886
discharge,2009-04-15 21:02:58.328000,2.202476111374129,B0032,65,1077,01077.csv,1.711582246191498,-0.3672358282977457,-1.0855114751813593,-0.6495434174459581,100.39405714574644,12,-0.22152654864124582,-0.7064935362725859,0.14617633655117152,-0.9628741999089941,-0.030333213381682968,-0.09790592818864638,0.9923070098346015,-0.2682443015700742
discharge,2009-04-16 00:05:00.812000,2.202476111374129,B0032,67,1079,01079.csv,1.69510511952259,-0.3672358282977457,-1.0855114751813593,-0.627131510390725,99.4275797240059,11,-0.22102446836949813,-0.698606880471302,0.14617633655117152,-0.9628741999089941,-0.030333213381682968,-0.15071264320494965,0.9685948161966766,-0.23381804316599744
discharge,2009-04-16 03:06:43.061999,2.202476111374129,B0032,69,1081,01081.csv,1.7005124371100973,-0.3672358282977457,-1.0855114751813593,-0.6047196033354919,99.74474972976715,10,-0.2212361205439314,-0.6907348347716552,0.14617633655117152,-0.9628741999089941,-0.030333213381682968,-0.03822238812410572,0.9569123167715443,-0.22061413934656146
discharge,2009-04-16 10:13:36.390000,2.202476111374129,B0032,73,1085,01085.csv,1.7080989351250158,-0.3813085278152151,-1.0977721358075652,-0.5823076962802588,100.18974109196466,9,-0.06735495549996183,-0.6722405525306124,0.14617633655117152,-0.9775607451385265,-0.3346763270060436,-0.1487406666853034,0.9549122662315568,-0.3118812502611421
discharge,2009-04-16 13:14:46.295999,2.202476111374129,B0032,75,1087,01087.csv,1.691435430587127,-0.3813085278152151,-1.0977721358075652,-0.5598957892250257,99.21233154559452,8,-0.2215744460154914,-0.6643918610418976,0.14617633655117152,-0.9775607451385265,-0.030333213381682968,-0.09968217976890915,0.9408651187468233,-0.3196534957713482
discharge,2009-04-16 16:16:19.734000,2.202476111374129,B0032,77,1089,01089.csv,1.6844494328889932,-0.3813085278152151,-1.0977721358075652,-0.5374838821697926,98.802562950666,7,-0.22132829601322204,-0.6565261781069065,0.14617633655117152,-0.9775607451385265,-0.030333213381682968,-0.09696230596852178,0.9261702360249988,-0.3155517206457566
discharge,2009-04-16 19:17:26.530999,2.202476111374129,B0032,79,1091,01091.csv,1.664037581688075,-0.3813085278152151,-1.0977721358075652,-0.5150719751145595,97.60529150170393,6,-0.2216069668506101,-0.6486797314933397,0.14617633655117152,-0.9775607451385265,-0.030333213381682968,-0.11538162121711301,0.900799985093527,-0.24764640010120756
discharge,2009-04-16 22:17:17.750000,2.202476111374129,B0032,81,1093,01093.csv,1.6686372014231974,-0.3813085278152151,-1.0977721358075652,-0.49266006805932633,97.87508542341823,5,-0.2223975296076256,-0.640887856500695,-6.841052550594827,-0.9775607451385265,-0.030333213381682968,-0.11916263339411776,0.8873958636292543,-0.24002042932142365
discharge,2009-04-17 09:45:34.061999,2.202476111374129,B0032,85,1097,01097.csv,1.6899344075625968,-0.35327499799883166,-1.0803730602908446,-0.4702481610040932,99.12428798728052,4,0.09669256356356806,-0.6110695662108174,0.14617633655117152,-0.9536229823759719,0.469192460321371,-0.05497977810863604,0.8947089457634516,-0.2847213458638906
discharge,2009-04-17 12:46:29.125000,2.202476111374129,B0032,87,1099,01099.csv,1.669431712846442,-0.35327499799883166,-1.0803730602908446,-0.4478362539488601,97.92168804821505,3,-0.22172970709320947,-0.6032315922123992,0.14617633655117152,-0.9536229823759719,-0.030333213381682968,-0.07295187593085768,0.8839413603819135,-0.2963166986499768
discharge,2009-04-17 15:46:53.875000,2.202476111374129,B0032,89,1101,01101.csv,1.6634226761839213,-0.35327499799883166,-1.0803730602908446,-0.425424346893627,97.56922378806608,2,-0.22204678786113313,-0.5954155059279104,0.14617633655117152,-0.9536229823759719,-0.030333213381682968,-0.06837850537997019,0.8721782459047414,-0.2993292150965308
discharge,2009-04-17 18:47:33.936999,2.202476111374129,B0032,91,1103,01103.csv,1.643615219594737,-0.35327499799883166,-1.0803730602908446,-0.4030124398383939,96.40740352897468,1,-0.22188662092809452,-0.5875883635076797,0.14617633655117152,-0.9536229823759719,-0.030333213381682968,-0.06554920060970931,0.849223643050858,-0.2508610294617677
discharge,2009-04-17 21:46:23.795999,2.202476111374129,B0032,93,1105,01105.csv,1.6358000873538243,-0.35327499799883166,-1.0803730602908446,-0.38060053278316075,95.94900146588856,0,-0.22303936893712242,-0.5798407939319946,-6.841052550594827,-0.9536229823759719,-0.030333213381682968,-0.12366539871185346,0.8279578506538582,-0.20843104868811718
discharge,2009-06-19 17:18:16.015000,0.6159885827138503,B0034,0,1805,01805.csv,0.7459302957645664,-2.9718673543855942,-2.5541708922443727,-1.2546649079372523,100.0,196,-0.3352760930883402,-1.2173607181576145,-6.841052550594827,-3.0749766758377546,-0.030333213381682968,0.030052390418546782,-1.2514098283989705,-0.3921908713000117
discharge,2009-06-19 22:02:50.609000,0.6159885827138503,B0034,4,1809,01809.csv,1.6623217152845853,1.5298891909151373,0.23157494738667364,-1.2322530008820192,110.0,195,-0.15667202226392035,-1.2050318883946534,0.14617633655117152,0.7627934607402703,-0.030333213381682968,0.030052390418546782,-0.5522292151641871,5.144833765953608
discharge,2009-06-20 01:59:39.750000,0.6159885827138503,B0034,6,1811,01811.csv,1.645087369694532,1.5298891909151373,0.23157494738667364,-1.209841093826786,110.0,194,-0.18664530130973817,-1.194772078968619,0.14617633655117152,0.7627934607402703,-0.030333213381682968,0.030052390418546782,-0.0992581223010546,4.086863802294957
discharge,2009-06-20 05:55:38.984000,0.6159885827138503,B0034,8,1813,01813.csv,1.620729289277574,1.5298891909151373,0.23157494738667364,-1.187429186771553,110.0,193,-0.1871673396880817,-1.1845483052402401,0.14617633655117152,0.7627934607402703,-0.030333213381682968,0.030052390418546782,0.18413808306694623,3.4420711093108993
discharge,2009-06-20 09:50:35.155999,0.6159885827138503,B0034,10,1815,01815.csv,1.5967402025126003,1.5298891909151373,0.23157494738667364,-1.1650172797163199,110.0,192,-0.18782698231811634,-1.1743700658697995,0.14617633655117152,0.7627934607402703,-0.030333213381682968,0.030052390418546782,0.3547658951094622,2.9975030312888196
discharge,2009-06-20 13:47:19.155999,0.6159885827138503,B0034,12,1817,01817.csv,1.4856500618812698,1.5298891909151373,0.23157494738667364,-1.1426053726610867,110.0,191,-0.186699077319177,-1.1641139685386943,0.14617633655117152,0.7627934607402703,-0.030333213381682968,3.492844120023406,0.38375914920146165,0.20306497359534736
discharge,2009-06-20 18:55:22.280999,0.6159885827138503,B0034,16,1821,01821.csv,1.4866702197497013,1.3974206096372324,0.13524443527081134,-1.1201934656058536,110.0,190,-0.14193847308070753,-1.1507680991369076,0.14617633655117152,0.6389932364879679,-1.4422246047934075,-0.7922110854163823,0.40386633672795746,0.2549125705538733
discharge,2009-06-20 22:51:49.984000,0.6159885827138503,B0034,18,1823,01823.csv,1.4701330958405268,1.3974206096372324,0.13524443527081134,-1.0977815585506205,110.0,189,-0.18686954757244462,-1.140523769167669,0.14617633655117152,0.6389932364879679,-0.030333213381682968,-0.7889472366173668,0.40465377278273396,0.2134599033215963
discharge,2009-06-21 02:48:20.077999,0.6159885827138503,B0034,20,1825,01825.csv,1.4565041801019636,1.3974206096372324,0.13524443527081134,-1.0753696514953874,110.0,188,-0.18684453719877875,-1.1302777127616375,0.14617633655117152,0.6389932364879679,-0.030333213381682968,-0.7387216452302995,0.39478025471857786,0.08591682951814962
discharge,2009-06-21 06:44:49.843000,0.6159885827138503,B0034,22,1827,01827.csv,1.4418961035576472,1.3974206096372324,0.13524443527081134,-1.0529577444401543,110.0,187,-0.186847978591417,-1.120031893910908,0.14617633655117152,0.6389932364879679,-0.030333213381682968,-0.6948070628500501,0.3770523620371687,-0.22793214596605701
discharge,2009-06-21 10:41:15.045999,0.6159885827138503,B0034,24,1829,01829.csv,1.4370949588970292,1.3974206096372324,0.13524443527081134,-1.0305458373849212,110.0,186,-0.18689569815232193,-1.1097893690855611,0.14617633655117152,0.6389932364879679,-0.030333213381682968,-0.19724477905767643,0.36157062996783035,-0.21776410039498814
discharge,2009-06-21 15:49:05.796000,0.6159885827138503,B0034,28,1833,01833.csv,1.4458703624967404,1.404537902702922,0.0815054179845863,-1.0081339303296881,110.0,185,-0.14206791833708368,-1.0964524351381686,0.14617633655117152,0.6010395102967053,-0.4776084529707073,-0.16094075960405538,0.3579448588427091,-0.2794374515041993
discharge,2009-06-21 19:45:24.468000,0.6159885827138503,B0034,30,1835,01835.csv,1.432104054561837,1.404537902702922,0.0815054179845863,-0.9857220232744549,110.0,184,-0.1869640138620805,-1.0862146260662302,0.14617633655117152,0.6010395102967053,-0.030333213381682968,-0.1479699575794822,0.3450243763169024,-0.31283953653056495
discharge,2009-06-21 23:41:43.609000,0.6159885827138503,B0034,32,1837,01837.csv,1.426720633302465,1.404537902702922,0.0815054179845863,-0.9633101162192218,110.0,183,-0.1869591080172202,-1.0759764783495684,0.14617633655117152,0.6010395102967053,-0.030333213381682968,-0.10937097537445561,0.33230332385221806,-0.32712070454203335
discharge,2009-06-22 03:37:57.218000,0.6159885827138503,B0034,34,1839,01839.csv,1.4230846885129826,1.404537902702922,0.0815054179845863,-0.9408982091639887,110.0,182,-0.1870169739740799,-1.0657423250521154,0.14617633655117152,0.6010395102967053,-0.030333213381682968,-0.058008001398199484,0.32104849965245913,-0.31564799461148607
discharge,2009-06-22 07:34:06.234000,0.6159885827138503,B0034,36,1841,01841.csv,1.4409479522418909,1.404537902702922,0.0815054179845863,-0.9184863021087556,110.0,181,-0.1870650177809954,-1.0555114881623673,0.14617633655117152,0.6010395102967053,-0.030333213381682968,0.048089103914593326,0.32717444614817176,-0.3106117521225604
discharge,2009-06-22 12:41:48.359000,0.6159885827138503,B0034,40,1845,01845.csv,1.486901544051865,1.4217417316485486,0.05860561967893493,-0.8960743950535225,110.0,180,-0.14215813777594496,-1.0421807819571416,0.14617633655117152,0.5903078129925315,-0.15810936903049758,0.22212842063048618,0.3663196952284177,-0.16992224187474467
discharge,2009-06-22 16:38:13.281000,0.6159885827138503,B0034,42,1847,01847.csv,1.5245313226850703,1.4217417316485486,0.05860561967893493,-0.8736624879982893,110.0,179,-0.18689863746468843,-1.0319384600290837,0.14617633655117152,0.5903078129925315,-0.030333213381682968,0.4627248622213463,0.42112697977105085,-0.01678888057647308
discharge,2009-06-22 20:34:46.061999,0.6159885827138503,B0034,44,1849,01849.csv,1.4629049605190707,1.4217417316485486,0.05860561967893493,-0.8512505809430562,110.0,178,-0.18681643057801195,-1.0216904634559494,0.14617633655117152,0.5903078129925315,-0.030333213381682968,0.19943922414445617,0.4106460062866973,-0.0523286494741866
discharge,2009-06-23 00:31:03.375000,0.6159885827138503,B0034,46,1851,01851.csv,1.423079450854989,1.4217417316485486,0.05860561967893493,-0.8288386738878231,110.0,177,-0.18697822929546926,-1.0114536356587236,0.14617633655117152,0.5903078129925315,-0.030333213381682968,0.030027871783770074,0.3732729584245615,-0.05231610538304294
discharge,2009-06-23 04:27:04.484000,0.6159885827138503,B0034,48,1853,01853.csv,1.4051040863603437,1.4217417316485486,0.05860561967893493,-0.80642676683259,110.0,176,-0.1871477267688641,-1.001228508073509,0.14617633655117152,0.5903078129925315,-0.030333213381682968,-0.13774066854387307,0.3346429008554117,0.019208302713552568
discharge,2009-06-26 15:29:34.968000,0.6159885827138503,B0034,52,1857,01857.csv,1.6329463925070862,1.4121962874040352,0.061240028181204324,-0.7840148597773569,110.0,175,2.7918128097184023,-0.7853692246966478,0.14617633655117152,0.5886369995622437,-0.05028487573571371,0.7137206071501634,0.4827267344450965,0.3961430876870926
discharge,2009-06-26 20:32:24.265000,0.6159885827138503,B0034,56,1861,01861.csv,1.5687138208259117,1.4992511859330986,0.08772275894628669,-0.7616029527221237,110.0,174,-0.14522118412723,-0.7722499569924972,0.14617633655117152,0.642115843876231,0.6085642443740469,0.23688043012142282,0.5324416631891734,0.44813041517903857
discharge,2009-06-27 00:28:29.452999,0.6159885827138503,B0034,58,1863,01863.csv,1.5149520966053402,1.4992511859330986,0.08772275894628669,-0.7391910456668906,110.0,173,-0.18710505952733034,-0.7620218841375872,0.14617633655117152,0.642115843876231,-0.030333213381682968,0.27369653870904775,0.5245662811126686,0.4311974875762831
discharge,2009-06-27 04:25:16.217999,0.6159885827138503,B0034,60,1865,01865.csv,1.4855182940634626,1.4992511859330986,0.08772275894628669,-0.7167791386116575,110.0,172,-0.18667015480097074,-0.7517637903189349,0.14617633655117152,0.642115843876231,-0.030333213381682968,0.322342416685447,0.4968588714362142,0.34206749393612024
discharge,2009-06-27 08:21:51.234000,0.6159885827138503,B0034,62,1867,01867.csv,1.480771929049074,1.4992511859330986,0.08772275894628669,-0.6943672315564244,110.0,171,-0.18679305195738408,-0.7415141799470082,0.14617633655117152,0.642115843876231,-0.030333213381682968,0.3842702873325496,0.4747659233503189,0.1567637834853833
discharge,2009-06-27 12:18:20.500000,0.6159885827138503,B0034,64,1869,01869.csv,1.484026357317059,1.4992511859330986,0.08772275894628669,-0.6719553245011913,110.0,170,-0.18685319825344504,-0.7312687214034334,0.14617633655117152,0.642115843876231,-0.030333213381682968,-0.6670752109373617,0.4625203275848292,-0.0739327355090929
discharge,2009-06-27 17:26:12.718000,0.6159885827138503,B0034,68,1873,01873.csv,1.4922153055506522,1.459372260336077,0.05264959652011326,-0.6495434174459581,110.0,169,-0.14205256273932443,-0.7179307274771176,0.14617633655117152,0.6002482060327515,-0.523318441099486,-0.3280540684812245,0.46060453188243705,-0.27462067478457347
discharge,2009-06-27 21:22:21.780999,0.6159885827138503,B0034,70,1875,01875.csv,1.473312924099279,1.459372260336077,0.05264959652011326,-0.627131510390725,110.0,168,-0.18706452616094724,-0.7076998566514132,0.14617633655117152,0.6002482060327515,-0.030333213381682968,-0.16486977982238019,0.44490535482359067,-0.3331473577388202
discharge,2009-06-28 01:18:34.655999,0.6159885827138503,B0034,72,1877,01877.csv,1.441593178980006,1.459372260336077,0.05264959652011326,-0.6047196033354919,110.0,167,-0.18702465177818967,-0.6974662333437828,0.14617633655117152,0.6002482060327515,-0.030333213381682968,-0.17557078230188858,0.41023797259556966,-0.22517437907556725
discharge,2009-06-28 05:14:48.250000,0.6159885827138503,B0034,74,1879,01879.csv,1.4225873198015788,1.459372260336077,0.05264959652011326,-0.5823076962802588,110.0,166,-0.1870171308669734,-0.6872320908764622,0.14617633655117152,0.6002482060327515,-0.030333213381682968,-0.24232262633979876,0.37262545395428176,-0.1396760471252862
discharge,2009-06-28 09:10:46.125000,0.6159885827138503,B0034,76,1881,01881.csv,1.4266489379486664,1.459372260336077,0.05264959652011326,-0.5598957892250257,110.0,165,-0.18718155513193066,-0.6770092984235182,0.14617633655117152,0.6002482060327515,-0.030333213381682968,-0.23854399209800878,0.3506493407594595,-0.13283517760994196
discharge,2009-06-28 14:18:12.906000,0.6159885827138503,B0034,80,1885,01885.csv,1.4596775560238575,1.4320730201085485,0.06286582896047328,-0.5374838821697926,110.0,164,-0.14231863944659845,-0.6636896714605797,0.14617633655117152,0.5975004137719447,-0.06305664162363603,-0.12226400711781857,0.3611984956912565,-0.2075587521467936
discharge,2009-06-28 18:13:23.984000,0.6159885827138503,B0034,82,1887,01887.csv,1.4396159938545154,1.4320730201085485,0.06286582896047328,-0.5150719751145595,110.0,163,-0.1876710622149319,-0.6535006691080865,0.14617633655117152,0.5975004137719447,-0.030333213381682968,-0.12769038827885273,0.3529248637729339,-0.26749338459390787
discharge,2009-06-28 22:07:58.453000,0.6159885827138503,B0034,84,1889,01889.csv,1.4195512657848512,1.4320730201085485,0.06286582896047328,-0.49266006805932633,110.0,162,-0.1880540005400722,-0.643338100539541,0.14617633655117152,0.5975004137719447,-0.030333213381682968,-0.07313067729578608,0.3321002917958806,-0.25157530832828734
discharge,2009-06-29 02:03:46.140000,0.6159885827138503,B0034,86,1891,01891.csv,1.4118101714470452,1.4320730201085485,0.06286582896047328,-0.4702481610040932,110.0,161,-0.18728812388979155,-0.6331226644030999,0.14617633655117152,0.5975004137719447,-0.030333213381682968,-0.020397823162626873,0.3123110087996691,-0.23154145471685011
discharge,2009-06-29 05:59:12.217999,0.6159885827138503,B0034,88,1893,01893.csv,1.4044196701845313,1.4320730201085485,0.06286582896047328,-0.4478362539488601,110.0,160,-0.1875141588716511,-0.6229228311966423,0.14617633655117152,0.5975004137719447,-0.030333213381682968,-0.07400772544521521,0.2934794110114701,-0.20002070227054766
discharge,2009-06-29 11:06:27.905999,0.6159885827138503,B0034,92,1897,01897.csv,1.4735059098606866,1.4639188901099272,0.03338789773569951,-0.425424346893627,110.0,159,-0.14243467470680174,-0.609611214011773,0.14617633655117152,0.5874107195226925,-0.15058117653117875,0.09478597128742255,0.3336358502284171,-0.15510111287540246
discharge,2009-06-29 14:59:50.625000,0.6159885827138503,B0034,94,1899,01899.csv,1.492658600645149,1.4639188901099272,0.03338789773569951,-0.4030124398383939,110.0,158,-0.1888045215716732,-0.5995004530307558,0.14617633655117152,0.5874107195226925,-0.030333213381682968,0.2783565571106539,0.3750197685387451,-0.05109799654021779
discharge,2009-06-29 18:50:48.061999,0.6159885827138503,B0034,96,1901,01901.csv,1.4820260149945934,1.4639188901099272,0.03338789773569951,-0.38060053278316075,110.0,157,-0.19032420379514053,-0.58949459393322,0.14617633655117152,0.5874107195226925,-0.030333213381682968,0.3225105006138907,0.39449668669276844,-0.0374874667979754
discharge,2009-06-29 22:44:42.875000,0.6159885827138503,B0034,98,1903,01903.csv,1.423575357658995,1.4639188901099272,0.03338789773569951,-0.35818862572792765,110.0,156,-0.18846881115600891,-0.5793606592555156,0.14617633655117152,0.5874107195226925,-0.030333213381682968,0.0851278276018394,0.36288510816188374,-0.06023670372458925
discharge,2009-06-30 02:36:39.734000,0.6159885827138503,B0034,100,1905,01905.csv,1.403825219724535,1.4639188901099272,0.03338789773569951,-0.33577671867269454,110.0,155,-0.18970263637894702,-0.5693118940874456,0.14617633655117152,0.5874107195226925,-0.030333213381682968,0.02726963642058132,0.3267419284436663,-0.05857194633032613
discharge,2009-07-01 11:15:23.875000,0.6159885827138503,B0034,104,1909,01909.csv,1.5363173478836123,1.433238689052816,0.06896288601680924,-0.31336481161746144,110.0,154,0.8940526981404937,-0.4844527678659234,0.14617633655117152,0.6025642040181003,0.15076203122063636,0.32408661536862116,0.4037342042334559,0.06724474231882874
discharge,2009-07-01 16:18:18.545999,0.6159885827138503,B0034,108,1913,01913.csv,1.5440367168176732,1.4963923607206928,0.03343875609482762,-0.29095290456222833,110.0,153,-0.14516497089615657,-0.4713296198282893,0.14617633655117152,0.5999187569435968,-0.0618179733167243,0.27056470861557846,0.4609520472391082,0.15231035123679434
discharge,2009-07-01 20:10:02.436999,0.6159885827138503,B0034,110,1915,01915.csv,1.507892155360249,1.4963923607206928,0.03343875609482762,-0.26854099750699517,110.0,152,-0.18983828455836796,-0.46129021829512434,0.14617633655117152,0.5999187569435968,-0.030333213381682968,0.1511375108083934,0.4715200025887815,0.1646711614581543
discharge,2009-07-14 16:14:47.936999,0.6159885827138503,B0034,112,1917,01917.csv,1.8203060058691087,1.4963923607206928,0.03343875609482762,-0.2461290904517621,110.0,151,11.266006209280727,0.3395327073960341,0.14617633655117152,0.5999187569435968,-0.030333213381682968,1.8872362462924446,0.716928196650467,0.9291749473140928
discharge,2009-07-14 21:23:50.218000,0.6159885827138503,B0034,116,1921,01921.csv,1.5936575758226643,1.5641230289763164,0.08580325370451254,-0.22371718339652896,110.0,150,-0.14131968808398707,0.35292129080119816,0.14617633655117152,0.6655727808531644,0.751609939321132,0.9186996090252468,0.7076073475955668,0.6907402165462129
discharge,2009-07-15 01:16:15.015000,0.6159885827138503,B0034,118,1923,01923.csv,1.533070464968097,1.5641230289763164,0.08580325370451254,-0.20130527634129586,110.0,149,-0.1894103986524926,0.36299022879715015,0.14617633655117152,0.6655727808531644,-0.030333213381682968,0.014853013814261726,0.6551672042658109,0.6943149475722409
discharge,2009-07-15 05:09:04.546000,0.6159885827138503,B0034,120,1925,01925.csv,1.4862143093107285,1.5641230289763164,0.08580325370451254,-0.17889336928606273,110.0,148,-0.1891516754823972,0.3730770261504231,0.14617633655117152,0.6655727808531644,-0.030333213381682968,-0.24062707993279803,0.5844571933942462,0.7684211733526657
discharge,2009-07-15 09:04:59.109000,0.6159885827138503,B0034,122,1927,01927.csv,1.5029318848267783,1.5641230289763164,0.08580325370451254,-0.15648146223082962,110.0,147,-0.18721619939243664,0.3832974271506522,0.14617633655117152,0.6655727808531644,-0.030333213381682968,0.006832267654928791,0.550072221224487,0.774825717281045
discharge,2009-07-15 12:57:49.295999,0.6159885827138503,B0034,124,1929,01929.csv,1.5202185406928062,1.5641230289763164,0.08580325370451254,-0.13406955517559652,110.0,146,-0.18914481358618718,0.3933846981725814,0.14617633655117152,0.6655727808531644,-0.030333213381682968,-1.3747233640887955,0.540338133658842,-0.04068774118826935
discharge,2009-07-15 18:00:54.640000,0.6159885827138503,B0034,128,1933,01933.csv,1.5118194735004464,1.6038181005819243,0.08783488465079742,-0.11165764812036338,110.0,145,-0.1450533289089376,0.4065155527257977,0.14617633655117152,0.6823535264852748,0.16601848900150884,-0.3530498556869371,0.5274404923456056,-0.24101059067232097
discharge,2009-07-15 21:52:48.093000,0.6159885827138503,B0034,130,1935,01935.csv,1.464601301820905,1.6038181005819243,0.08783488465079742,-0.08924574106513028,110.0,144,-0.18973826390046986,0.41656185856779665,0.14617633655117152,0.6823535264852748,-0.030333213381682968,-0.2904668963969645,0.48281594154705787,-0.20305016947072535
discharge,2009-07-16 01:44:58.390000,0.6159885827138503,B0034,132,1937,01937.csv,1.4546140961511749,1.6038181005819243,0.08783488465079742,-0.06683383400989716,110.0,143,-0.1895620718944422,0.4266203267375517,0.14617633655117152,0.6823535264852748,-0.030333213381682968,-0.11787519215383688,0.44544628688164156,-0.1412306755382654
discharge,2009-07-16 05:37:32.718000,0.6159885827138503,B0034,134,1939,01939.csv,1.4333400490204142,1.6038181005819243,0.08783488465079742,-0.04442192695466404,110.0,142,-0.18931070226152555,0.43669614665857137,0.14617633655117152,0.6823535264852748,-0.030333213381682968,-0.2957223752651889,0.40430169032649793,-0.07129197755510379
discharge,2009-07-16 09:29:18.125000,0.6159885827138503,B0034,136,1941,01941.csv,1.449326234639616,1.6038181005819243,0.08783488465079742,-0.022010019899430928,110.0,141,-0.18982242685941653,0.4467366428301163,0.14617633655117152,0.6823535264852748,-0.030333213381682968,-0.3018101639408207,0.38906896465931123,-0.1386134324353925
discharge,2009-07-16 14:36:00.453000,0.6159885827138503,B0034,140,1945,01945.csv,1.495199821798908,1.5749374296166394,0.08850589906072716,0.00040188715580218915,110.0,140,-0.14278362776552175,0.4600241721941631,0.14617633655117152,0.671771634936443,-0.15359905938897056,-0.047747872731270305,0.41391405768920503,-0.1958338042872704
discharge,2009-07-16 18:26:09.140000,0.6159885827138503,B0034,142,1947,01947.csv,1.4720590241846008,1.5749374296166394,0.08850589906072716,0.022813794211035306,110.0,139,-0.19083413968433857,0.4699948310146899,0.14617633655117152,0.671771634936443,-0.030333213381682968,0.06496363722524728,0.41282168202358566,-0.19025026160251934
discharge,2009-07-16 22:18:31.577999,0.6159885827138503,B0034,144,1949,01949.csv,1.4097383014648728,1.5749374296166394,0.08850589906072716,0.04522570126626842,110.0,138,-0.1894350743303845,0.48006206567750614,0.14617633655117152,0.671771634936443,-0.030333213381682968,-0.1800211236568582,0.3645444910286099,-0.1084657524781485
discharge,2009-07-17 02:10:38.265000,0.6159885827138503,B0034,146,1951,01951.csv,1.3861944181384176,1.5749374296166394,0.08850589906072716,0.06763760832150154,110.0,137,-0.18959983329111568,0.49011792722228864,0.14617633655117152,0.671771634936443,-0.030333213381682968,-0.19064672860354115,0.3143963830686521,-0.01145400380826203
discharge,2009-07-17 06:02:31.670999,0.6159885827138503,B0034,148,1953,01953.csv,1.3624125407550536,1.5749374296166394,0.08850589906072716,0.09004951537673465,110.0,136,-0.18973875554143843,0.5001641991268876,0.14617633655117152,0.671771634936443,-0.030333213381682968,-0.3768098216767688,0.26281941442937395,0.09115674426216515
discharge,2009-07-17 11:08:50.734000,0.6159885827138503,B0034,152,1957,01957.csv,1.4471377445077278,1.5121896402537707,0.09057129724274836,0.11246142243196777,110.0,135,-0.14302698485671386,0.5134349298360373,0.14617633655117152,0.6492407741678307,-0.2935309084230849,-0.1949368168122239,0.2930776916113033,-0.012200017846792258
discharge,2009-07-17 15:00:00.140000,0.6159885827138503,B0034,154,1959,01959.csv,1.4554483390450048,1.5121896402537707,0.09057129724274836,0.13487332948720088,110.0,134,-0.19019900536861853,0.5234494312342782,0.14617633655117152,0.6492407741678307,-0.030333213381682968,-0.04770589827288797,0.319590623880242,-0.054361771062606666
discharge,2009-07-17 18:49:14.750000,0.6159885827138503,B0034,156,1961,01961.csv,1.4423952167302958,1.5121896402537707,0.09057129724274836,0.157285236542434,110.0,133,-0.19139979719502212,0.5333810433795465,0.14617633655117152,0.6492407741678307,-0.030333213381682968,0.18292662911730365,0.3273067506463835,-0.03612352192758751
discharge,2009-07-17 22:40:36.953000,0.6159885827138503,B0034,158,1963,01963.csv,1.377541945989605,1.5121896402537707,0.09057129724274836,0.1796971435976671,110.0,132,-0.1900651458874303,0.5434047849409487,0.14617633655117152,0.6492407741678307,-0.030333213381682968,-0.010451744214537591,0.28296963242992174,-0.020504325760509756
discharge,2009-07-18 02:32:19.202999,0.6159885827138503,B0034,160,1965,01965.csv,1.3539935892900532,1.5121896402537707,0.09057129724274836,0.20210905065290022,110.0,131,-0.18985544979572744,0.5534430015778888,0.14617633655117152,0.6492407741678307,-0.030333213381682968,-0.009358582277224919,0.23544482659908067,0.0027269240830946756
discharge,2009-07-23 10:25:18.890000,0.6159885827138503,B0034,164,1969,01969.csv,1.5509038861664448,1.5198838679981637,0.129883403105353,0.22452095770813335,110.0,130,4.480398365891523,0.8858633676118154,0.14617633655117152,0.6819591412270651,0.35418366473986274,0.5158046355358181,0.3539985838942152,0.26644297747083956
discharge,2009-07-23 15:28:51.734000,0.6159885827138503,B0034,168,1973,01973.csv,1.5562932697752867,1.6277063258438895,0.11910380588741887,0.24693286476336646,110.0,129,-0.14476567277087263,0.8990140787312346,0.14617633655117152,0.7152006193999126,0.35692921987531034,0.5021298014881626,0.43714636864167256,0.4163285774236325
discharge,2009-07-23 19:19:21.390000,0.6159885827138503,B0034,170,1975,01975.csv,1.5067526605064707,1.6277063258438895,0.11910380588741887,0.26934477181859956,110.0,128,-0.19061479925603222,0.9089998783645561,0.14617633655117152,0.7152006193999126,-0.030333213381682968,0.3313238100219116,0.4547801479965474,0.43345632868675105
discharge,2009-07-23 23:11:10.811999,0.6159885827138503,B0034,172,1977,01977.csv,1.444138733302766,1.6277063258438895,0.11910380588741887,0.29175667887383266,110.0,127,-0.18978042907219206,0.9190432735941503,0.14617633655117152,0.7152006193999126,-0.030333213381682968,0.34180667209321663,0.4187633536588898,0.3315908588370924
discharge,2009-07-24 03:02:51.234000,0.6159885827138503,B0034,174,1979,01979.csv,1.4144103811292437,1.6277063258438895,0.11910380588741887,0.3141685859290658,110.0,126,-0.18987457106351624,0.9290801703123769,0.14617633655117152,0.7152006193999126,-0.030333213381682968,0.31287674728046755,0.3720702694758746,0.14993563856515799
discharge,2009-07-24 06:55:12.217999,0.6159885827138503,B0034,176,1981,01981.csv,1.3897574212362729,1.6277063258438895,0.11910380588741887,0.33658049298429893,110.0,125,-0.18945028349547377,0.9391463551043453,0.14617633655117152,0.7152006193999126,-0.030333213381682968,-0.7243098310273814,0.3221320388187717,0.1920069481890049
discharge,2009-07-24 12:01:07.843000,0.6159885827138503,B0034,180,1985,01985.csv,1.449968311475299,1.591613417543804,0.12298561021731981,0.35899240003953203,110.0,124,-0.14327215157704598,0.9524001622420192,0.14617633655117152,0.7042802336564141,-0.15643965510981786,-0.46767824098611943,0.3347790833680882,-0.016151494920440223
discharge,2009-07-24 15:46:09.420999,0.6159885827138503,B0034,182,1987,01987.csv,1.4678653068012166,1.591613417543804,0.12298561021731981,0.38140430709476514,110.0,123,-0.1940465684990689,0.9621490708650304,0.14617633655117152,0.7042802336564141,-0.030333213381682968,-0.1519879077658443,0.35686534527986297,-0.12733755383449746
discharge,2009-07-24 19:35:49.250000,0.6159885827138503,B0034,184,1989,01989.csv,1.4290644310445066,1.591613417543804,0.12298561021731981,0.40381621414999824,110.0,122,-0.1911360008060289,0.9720988925659766,0.14617633655117152,0.7042802336564141,-0.030333213381682968,-0.04051375041001801,0.3419855542374973,-0.1324581264175988
discharge,2009-07-24 23:28:02.156000,0.6159885827138503,B0034,186,1991,01991.csv,1.376744834668327,1.591613417543804,0.12298561021731981,0.4262281212052314,110.0,121,-0.18953478117111489,0.9821592445823899,0.14617633655117152,0.7042802336564141,-0.030333213381682968,-0.14626835799218618,0.2921473282029664,-0.060665371781715965
discharge,2009-07-25 03:20:05.389999,0.6159885827138503,B0034,188,1993,01993.csv,1.3515813262521057,1.591613417543804,0.12298561021731981,0.4486400282604645,110.0,120,-0.18963595246406734,0.9922126128629796,0.14617633655117152,0.7042802336564141,-0.030333213381682968,-0.1486583484789285,0.23972280229584805,0.02861534688549403
discharge,2009-07-25 08:26:42.515000,0.6159885827138503,B0034,192,1997,01997.csv,1.353993472828928,1.5775795610524515,0.16805089619380836,0.4710519353156976,110.0,119,-0.1428380522983625,1.0054963853652858,0.14617633655117152,0.733011032887243,0.3024030303537735,-0.419227043142489,0.20661351765316868,0.04280789616763808
discharge,2009-07-25 12:19:43.718000,0.6159885827138503,B0034,194,1999,01999.csv,1.3577165116893766,1.5775795610524515,0.16805089619380836,0.4934638423709307,110.0,118,-0.18902958375273957,1.0155916105676188,0.14617633655117152,0.733011032887243,-0.030333213381682968,-0.4855784663065174,0.1873812340826643,-0.11505600890903271
discharge,2009-07-25 16:13:02.186999,0.6159885827138503,B0034,196,2001,02001.csv,1.334169315351027,1.5775795610524515,0.16805089619380836,0.5158757494261639,110.0,117,-0.18884897754282026,1.0256993028050307,0.14617633655117152,0.733011032887243,-0.030333213381682968,-0.41417262134277877,0.1565938700050862,-0.26212836993947497
discharge,2009-07-25 20:06:55.420999,0.6159885827138503,B0034,198,2003,02003.csv,1.3372147888783987,1.5775795610524515,0.16805089619380836,0.538287656481397,110.0,116,-0.18848532785950628,1.0358320973540431,0.14617633655117152,0.733011032887243,-0.030333213381682968,-0.15499649147204403,0.13839257038230562,-0.3020529419481135
discharge,2009-07-26 00:01:09.545999,0.6159885827138503,B0034,200,2005,02005.csv,1.339045224276927,1.5775795610524515,0.16805089619380836,0.5606995635366301,110.0,115,-0.18826680332863938,1.0459799763954056,0.14617633655117152,0.733011032887243,-0.030333213381682968,-0.028631873852259564,0.12765494082984824,-0.3011229864814658
discharge,2009-07-26 05:07:11.545999,0.6159885827138503,B0034,204,2009,02009.csv,1.3439244604756322,1.575195159966102,0.16664511516266026,0.5831114705918632,110.0,114,-0.1432054676621663,1.0592383866455994,0.14617633655117152,0.7310311032678085,-0.05309010979867709,-0.017082882017557213,0.12421923970114795,-0.3130860147191389
discharge,2009-07-26 09:01:35.140000,0.6159885827138503,B0034,206,2011,02011.csv,1.3454786192090245,1.575195159966102,0.16664511516266026,0.6055233776470963,110.0,113,-0.18816775546107425,1.069393102845219,0.14617633655117152,0.7310311032678085,-0.030333213381682968,-0.02723588929205795,0.12311455123316016,-0.35209390559906684
discharge,2009-07-26 12:55:45.109000,0.6159885827138503,B0034,208,2013,02013.csv,1.3482263029682544,1.575195159966102,0.16664511516266026,0.6279352847023294,110.0,112,-0.18831027601784922,1.0795379810177765,0.14617633655117152,0.7310311032678085,-0.030333213381682968,0.09585625654967492,0.12447449688557029,-0.3532257579362374
discharge,2009-07-26 16:49:47.359000,0.6159885827138503,B0034,210,2015,02015.csv,1.3373192299576058,1.575195159966102,0.16664511516266026,0.6503471917575625,110.0,111,-0.18839101848368436,1.0896772856325128,0.14617633655117152,0.7310311032678085,-0.030333213381682968,0.03054130219551299,0.11705934054496835,-0.35349684706748896
discharge,2009-07-26 20:43:48.920999,0.6159885827138503,B0034,212,2017,02017.csv,1.3402523341553034,1.575195159966102,0.16664511516266026,0.6727590988127956,110.0,110,-0.18839821512796948,1.0998160934713248,0.14617633655117152,0.7310311032678085,-0.030333213381682968,0.03570313857349944,0.1143537781413444,-0.355406505331742
discharge,2009-07-27 01:50:03.890000,0.6159885827138503,B0034,216,2021,02021.csv,1.329096568237912,1.566423256599579,0.15365816771067226,0.6951710058680288,110.0,109,-0.14306980901206157,1.1130838680792023,0.14617633655117152,0.7178301340367106,-0.18214132051701912,-0.03936025063848459,0.10403853747564581,-0.3282755218515866
discharge,2009-07-27 05:43:49.015000,0.6159885827138503,B0034,218,2023,02023.csv,1.3323485655766352,1.566423256599579,0.15365816771067226,0.7175829129232619,110.0,108,-0.1885701498125387,1.1232108074681713,0.14617633655117152,0.7178301340367106,-0.030333213381682968,-0.03141229284413179,0.09964289192700386,-0.32884802467982466
discharge,2009-07-27 09:37:15.140000,0.6159885827138503,B0034,220,2025,02025.csv,1.3501541310555516,1.566423256599579,0.15365816771067226,0.739994819978495,110.0,107,-0.18876889406061065,1.1333240277745371,0.14617633655117152,0.7178301340367106,-0.030333213381682968,0.039076979813849576,0.11029760206491657,-0.3227276311569711
discharge,2009-07-27 13:29:48.030999,0.6159885827138503,B0034,222,2027,02027.csv,1.381523441054128,1.566423256599579,0.15365816771067226,0.7624067270337281,110.0,106,-0.18932573361327415,1.1433988100989558,0.14617633655117152,0.7178301340367106,-0.030333213381682968,0.23698207326630094,0.14133463430639906,-0.2118324839584621
discharge,2009-07-27 17:21:22.670999,0.6159885827138503,B0034,224,2029,02029.csv,1.3835971952817807,1.566423256599579,0.15365816771067226,0.7848186340889612,110.0,105,-0.18993505208673184,1.1534315318830068,0.14617633655117152,0.7178301340367106,-0.030333213381682968,0.23295926610957268,0.16360820468267653,-0.16902734765875146
discharge,2009-07-27 22:28:00.187000,0.6159885827138503,B0034,228,2033,02033.csv,1.33011618620809,1.5532317287591644,0.16069093873676263,0.8072305411441943,110.0,104,-0.14283396235094165,1.1667155867095924,0.14617633655117152,0.7180893295885483,-0.02734214983419174,0.03482544750883402,0.13765276137467158,-0.17119291988586216
discharge,2009-07-28 02:21:28.109000,0.6159885827138503,B0034,230,2035,02035.csv,1.3176982121703231,1.5532317287591644,0.16069093873676263,0.8296424481994275,110.0,103,-0.18875009703883244,1.17683010455235,0.14617633655117152,0.7180893295885483,-0.030333213381682968,-0.03852915212625798,0.1108745711766713,-0.13845319736386186
discharge,2009-07-28 06:15:44.125000,0.6159885827138503,B0034,232,2037,02037.csv,1.3063657719651272,1.5532317287591644,0.16069093873676263,0.8520543552546606,110.0,102,-0.18824702304584445,1.18697934900346,0.14617633655117152,0.7180893295885483,-0.030333213381682968,-0.1749305972705605,0.08437611452010865,-0.0818329707700936
discharge,2009-07-28 10:09:52.295999,0.6159885827138503,B0034,234,2039,02039.csv,1.3381567383793782,1.5532317287591644,0.16069093873676263,0.8744662623098937,110.0,101,-0.18832908351031122,1.197122928916847,0.14617633655117152,0.7180893295885483,-0.030333213381682968,-0.1729567303877025,0.09096608076212573,-0.13890065171262791
discharge,2009-07-28 14:03:56.170999,0.6159885827138503,B0034,236,2041,02041.csv,1.3563258092165067,1.5532317287591644,0.16069093873676263,0.8968781693651268,110.0,100,-0.1883740206203624,1.2072634068741739,0.14617633655117152,0.7180893295885483,-0.030333213381682968,-0.09761099570056,0.10922187635288576,-0.22842888598275937
discharge,2009-07-28 19:09:29.827999,0.6159885827138503,B0034,240,2045,02045.csv,1.3648997529550058,1.5690542218186,0.15433535812578908,0.91929007642036,110.0,99,-0.14350194177917175,1.220501351863409,0.14617633655117152,0.7193531140576563,-0.01575039618494359,0.19288195476788722,0.12793408218500557,-0.18012096081847198
discharge,2009-07-28 23:02:26.655999,0.6159885827138503,B0034,242,2047,02047.csv,1.3337639975535058,1.5690542218186,0.15433535812578908,0.9417019834755931,110.0,98,-0.18907534723091404,1.2305934180664584,0.14617633655117152,0.7193531140576563,-0.030333213381682968,0.10525988290795896,0.11665318944450792,-0.19827333438854847
discharge,2009-07-29 02:56:24.125000,0.6159885827138503,B0034,244,2049,02049.csv,1.3060123668658763,1.5690542218186,0.15433535812578908,0.9641138905308262,110.0,97,-0.1884410288021732,1.2407292705274993,0.14617633655117152,0.7193531140576563,-0.030333213381682968,0.028398023033840467,0.08795888865017405,-0.19715617850998537
discharge,2009-07-29 06:50:26.905999,0.6159885827138503,B0034,246,2051,02051.csv,1.3101868361375808,1.5690542218186,0.15433535812578908,0.9865257975860593,110.0,96,-0.18838546411542212,1.250868958553769,0.14617633655117152,0.7193531140576563,-0.030333213381682968,-0.10088090431981785,0.07201435622133269,-0.16597569664728926
discharge,2009-07-29 10:44:27.905999,0.6159885827138503,B0034,248,2053,02053.csv,1.3567668941696105,1.5690542218186,0.15433535812578908,1.0089377046412924,110.0,95,-0.18840409376316278,1.261007360597281,0.14617633655117152,0.7193531140576563,-0.030333213381682968,0.032117206579509026,0.09692392861119206,-0.1651846256486751
discharge,2009-07-29 15:50:33.843000,0.6159885827138503,B0034,252,2057,02057.csv,1.3916857433587717,1.6182200178013608,0.1422860530090413,1.0313496116965255,110.0,94,-0.14316428575146084,1.2742686135865233,0.14617633655117152,0.7291096246518582,0.08220972835294744,0.15544353215640627,0.140172399893921,-0.08902766134837936
discharge,2009-07-29 19:41:04.108999,0.6159885827138503,B0034,254,2059,02059.csv,1.3629935079344777,1.6182200178013608,0.1422860530090413,1.0537615187517586,110.0,93,-0.19060841853010702,1.28425485367388,0.14617633655117152,0.7291096246518582,-0.030333213381682968,0.16688218927464532,0.14711335376222673,-0.07903274301691207
discharge,2009-07-29 23:34:17.859000,0.6159885827138503,B0034,256,2061,02061.csv,1.3211711973900628,1.6182200178013608,0.1422860530090413,1.0761734258069917,110.0,92,-0.18889833931698677,1.2943591385258517,0.14617633655117152,0.7291096246518582,-0.030333213381682968,0.10101422674367393,0.11983142180389962,-0.1101371781395
discharge,2009-07-30 03:28:18.170999,0.6159885827138503,B0034,258,2063,02063.csv,1.3074869015593356,1.6182200178013608,0.1422860530090413,1.0985853328622248,110.0,91,-0.18841129040744792,1.3044970437934402,0.14617633655117152,0.7291096246518582,-0.030333213381682968,0.017413399876083972,0.091202738294348,-0.10332540376556074
discharge,2009-07-30 07:22:22.187000,0.6159885827138503,B0034,260,2065,02065.csv,1.3105881895483489,1.6182200178013608,0.1422860530090413,1.120997239917458,110.0,90,-0.188372545718377,1.314637623561523,0.14617633655117152,0.7291096246518582,-0.030333213381682968,-0.18612033305190095,0.07448314389847947,-0.07621713384720313
discharge,2009-07-30 12:28:05.953000,0.6159885827138503,B0034,264,2069,02069.csv,1.376312668196664,1.6421568996820075,0.14423798931141021,1.143409146972691,110.0,89,-0.14339619937897388,1.3278828678247596,0.14617633655117152,0.7397790236483901,0.09242439353477672,-0.04191237241238451,0.11348265723936729,-0.12089682109918803
discharge,2009-07-30 16:19:05.437000,0.6159885827138503,B0034,266,2071,02071.csv,1.391764929132287,1.6421568996820075,0.14423798931141021,1.1658210540279241,110.0,88,-0.19030279170700642,1.3378902049736539,0.14617633655117152,0.7397790236483901,-0.030333213381682968,0.164737772554238,0.1512719688077819,-0.054038679153952524
discharge,2009-07-30 20:09:43.295999,0.6159885827138503,B0034,268,2073,02073.csv,1.3649746353453525,1.6421568996820075,0.14423798931141021,1.1882329610831572,110.0,87,-0.1905289940524433,1.347881927639653,0.14617633655117152,0.7397790236483901,-0.030333213381682968,0.2351059656070541,0.1560246102909388,-0.0606586206318486
discharge,2009-07-31 00:03:07.405999,0.6159885827138503,B0034,270,2075,02075.csv,1.3219093937291897,1.6421568996820075,0.14423798931141021,1.2106448681383903,110.0,86,-0.18878997141112985,1.3579936930012062,0.14617633655117152,0.7397790236483901,-0.030333213381682968,0.09756726415004383,0.12633548232013175,-0.09144565428361756
discharge,2009-07-31 03:56:28.390000,0.6159885827138503,B0034,272,2077,02077.csv,1.3090033888073913,1.6421568996820075,0.14423798931141021,1.2330567751936234,110.0,85,-0.18882267005958928,1.3681032012133645,0.14617633655117152,0.7397790236483901,-0.030333213381682968,0.022633587852719808,0.09669581531679636,-0.08732270314142296
discharge,2009-07-31 09:01:51.905999,0.6159885827138503,B0034,276,2081,02081.csv,1.3327005721973733,1.5465557360257864,0.1731041464034751,1.2554686822488568,110.0,84,-0.1436080189169845,1.3813338238220525,0.14617633655117152,0.7249240524449763,-0.2007702214057249,-0.17410547078054298,0.09501631487023018,-0.10362154545231973
discharge,2009-07-31 15:42:00.562000,0.6159885827138503,B0034,278,2083,02083.csv,1.7423975189669398,1.5465557360257864,0.1731041464034751,1.2778805893040899,110.0,83,-0.08414018339691587,1.3986694414463323,0.14617633655117152,0.7249240524449763,-0.030333213381682968,1.6714410457242814,0.4064837764854716,1.1855234926988132
discharge,2009-07-31 21:03:02.061999,0.6159885827138503,B0034,282,2087,02087.csv,1.37734756281946,1.648427137296821,0.16927277672675778,1.300292496359323,110.0,82,-0.13379649655995668,1.4125773419485024,0.14617633655117152,0.761140995200654,0.3868226514412245,0.08797279878246349,0.33560600748735075,1.1791727900414424
discharge,2009-08-01 00:54:40.030999,0.6159885827138503,B0034,284,2089,02089.csv,1.34875988767775,1.648427137296821,0.16927277672675778,1.322704403414556,110.0,81,-0.18990023000242492,1.422612467460237,0.14617633655117152,0.761140995200654,-0.030333213381682968,0.15574548750716935,0.26654257769288564,1.1527427517029256
discharge,2009-08-01 04:46:48.453000,0.6159885827138503,B0034,286,2091,02091.csv,1.3501504559881146,1.648427137296821,0.16927277672675778,1.3451163104697892,110.0,80,-0.18958168480319965,1.4326695817738784,0.14617633655117152,0.761140995200654,-0.030333213381682968,0.22267090685876417,0.22156125527014606,1.1050523944305932
discharge,2009-08-01 08:40:39.030999,0.6159885827138503,B0034,288,2093,02093.csv,1.3387814875085953,1.648427137296821,0.16927277672675778,1.3675282175250223,110.0,79,-0.18851311022380227,1.4428004585388323,0.14617633655117152,0.761140995200654,-0.030333213381682968,0.058518499089225524,0.1828995070950899,1.0979823968001254
discharge,2009-08-01 12:33:32.734000,0.6159885827138503,B0034,290,2095,02095.csv,1.3253371210402685,1.648427137296821,0.16927277672675778,1.3899401245802554,110.0,78,-0.18910803541914986,1.4528902683145437,0.14617633655117152,0.761140995200654,-0.030333213381682968,-1.9222995174772646,0.1468673387268147,-0.22865795163204783
discharge,2009-08-01 17:38:48.780999,0.6159885827138503,B0034,294,2099,02099.csv,1.3308160596334049,1.600429659759995,0.16294864957374075,1.4123520316354885,110.0,77,-0.14368614632692392,1.4661154978796547,0.14617633655117152,0.7379222771546603,-0.29524735065767915,-0.18777186111474678,0.12702616760691968,-0.2992685025889723
discharge,2009-08-01 21:30:33.968000,0.6159885827138503,B0034,296,2101,02101.csv,1.333083376618503,1.600429659759995,0.16294864957374075,1.4347639386907214,110.0,76,-0.1898247280981445,1.4761558351993869,0.14617633655117152,0.7379222771546603,-0.030333213381682968,-0.04333282291703296,0.11552861862599768,-0.31153500533465206
discharge,2009-08-02 01:23:21.295999,0.6159885827138503,B0034,298,2103,02103.csv,1.3333226534895923,1.600429659759995,0.16294864957374075,1.4571758457459545,110.0,75,-0.18917471936541025,1.4862410418604128,0.14617633655117152,0.7379222771546603,-0.030333213381682968,-0.048722272620690545,0.10804614742548234,-0.3506910252382298
discharge,2009-08-02 05:16:47.780999,0.6159885827138503,B0034,300,2105,02105.csv,1.3264281097516477,1.600429659759995,0.16294864957374075,1.4795877528011876,110.0,74,-0.18876512838012086,1.496354522107291,0.14617633655117152,0.7379222771546603,-0.030333213381682968,-0.027776501398160194,0.09779749233270411,-0.3603590226930267
discharge,2009-08-02 09:10:15.045999,0.6159885827138503,B0034,302,2107,02107.csv,1.323971040986857,1.600429659759995,0.16294864957374075,1.5019996598564207,110.0,73,-0.18875696940572634,1.5064685655586136,0.14617633655117152,0.7379222771546603,-0.030333213381682968,0.02365746773618471,0.0890903819558588,-0.35665257694635577
discharge,2009-08-02 14:15:27.170999,0.6159885827138503,B0034,306,2111,02111.csv,1.3249364225071156,1.5985974511678582,0.18870423365846287,1.5244115669116538,110.0,72,-0.14372717131335516,1.5196909632169742,0.14617633655117152,0.7567187066417911,0.18543073543138977,0.0025285094211854597,0.08402220037264146,-0.3535836935792217
discharge,2009-08-02 18:08:54.375000,0.6159885827138503,B0034,308,2113,02113.csv,1.3283067675570923,1.5985974511678582,0.18870423365846287,1.546823473966887,110.0,71,-0.18875760746890463,1.5298049626235426,0.14617633655117152,0.7567187066417911,-0.030333213381682968,0.007692027601367106,0.08321489015307941,-0.3606000913614105
discharge,2009-08-02 22:02:10.045999,0.6159885827138503,B0034,310,2115,02115.csv,1.314584348909226,1.5985974511678582,0.18870423365846287,1.56923538102212,110.0,70,-0.18887824524840474,1.5399106345455273,0.14617633655117152,0.7567187066417911,-0.030333213381682968,-0.05766575515480352,0.0722068678431785,-0.34670401359813224
discharge,2009-08-03 01:55:22.875000,0.6159885827138503,B0034,312,2117,02117.csv,1.3166841798543305,1.5985974511678582,0.18870423365846287,1.5916472880773533,110.0,69,-0.18890797318290645,1.550014254383021,0.14617633655117152,0.7567187066417911,-0.030333213381682968,-0.015561099186321087,0.06647029764629551,-0.34253579876580964
discharge,2009-08-03 05:48:39.625000,0.6159885827138503,B0034,314,2119,02119.csv,1.3041727649654071,1.5985974511678582,0.18870423365846287,1.6140591951325864,110.0,68,-0.18886695865669878,1.560120705405208,0.14617633655117152,0.7567187066417911,-0.030333213381682968,-0.06262771576195351,0.05310006347479369,-0.3112853449045283
discharge,2009-08-03 10:53:34.968000,0.6159885827138503,B0034,318,2123,02123.csv,1.3534450073572306,1.6453798049724593,0.1895436384103169,1.6364711021878195,110.0,67,-0.1439027147855206,1.5733309855033462,0.14617633655117152,0.7753182529983408,0.18212337056194963,0.16350737751448696,0.08177989486923089,-0.23123239327898065
discharge,2009-08-03 14:44:14.311999,0.6159885827138503,B0034,320,2125,02125.csv,1.371294082513786,1.6453798049724593,0.1895436384103169,1.6588830092430527,110.0,66,-0.19051346062042293,1.5833237804239588,0.14617633655117152,0.7753182529983408,-0.030333213381682968,0.23128551345837872,0.11451811961687926,-0.14615584503787443
discharge,2009-08-03 18:38:05.889999,0.6159885827138503,B0034,322,2127,02127.csv,1.357699321922511,1.6453798049724593,0.1895436384103169,1.6812949162982858,110.0,65,-0.1885026499897593,1.593455379246614,0.14617633655117152,0.7753182529983408,-0.030333213381682968,0.23188310903826012,0.1259711867548116,-0.146814851813551
discharge,2009-08-03 22:31:42.515000,0.6159885827138503,B0034,324,2129,02129.csv,1.3286903090919502,1.6453798049724593,0.1895436384103169,1.7037068233535189,110.0,64,-0.1886590617025317,1.6035761811519826,0.14617633655117152,0.7753182529983408,-0.030333213381682968,0.08625573516199032,0.11147351236704038,-0.1645822672662354
discharge,2009-08-04 02:24:55.453000,0.6159885827138503,B0034,326,2131,02131.csv,1.3143943268181724,1.6453798049724593,0.1895436384103169,1.726118730408752,110.0,63,-0.18890683302899614,1.6136798796929654,0.14617633655117152,0.7753182529983408,-0.030333213381682968,0.07790178078053936,0.09090096786328007,-0.19516365031576538
discharge,2009-08-05 10:47:54.890000,0.6159885827138503,B0034,330,2135,02135.csv,1.3866783030110723,1.6068225901325246,0.18645907319110502,1.748530637463985,110.0,62,0.8841708830809899,1.6978568757981058,0.14617633655117152,0.7581772404407836,-0.22518360982234054,0.18562479311608443,0.1323365580330305,-0.13710720335625226
discharge,2009-08-05 15:53:12.468000,0.6159885827138503,B0034,334,2139,02139.csv,1.3868330458429208,1.656822715412272,0.17684724071855362,1.7709425445192182,110.0,61,-0.14367013171415852,1.7110832108331737,0.14617633655117152,0.7700995774061714,0.10579995486177811,0.10279371242652431,0.16007834919644595,-0.10991366308540737
discharge,2009-08-05 19:44:54.078000,0.6159885827138503,B0034,336,2141,02141.csv,1.3548037379291014,1.656822715412272,0.17684724071855362,1.7933544515744513,110.0,60,-0.18986214432836016,1.7211209653543698,0.14617633655117152,0.7700995774061714,-0.030333213381682968,0.01649752171821047,0.15413542483412251,-0.11022879812367488
discharge,2009-08-05 23:38:49.905999,0.6159885827138503,B0034,338,2143,02143.csv,1.3255787669951669,1.656822715412272,0.17684724071855362,1.8157663586296844,110.0,59,-0.18845819404999292,1.7312556329184636,0.14617633655117152,0.7700995774061714,-0.030333213381682968,0.015486574101886691,0.1278756528832304,-0.1048741485377645
discharge,2009-08-06 03:32:21.312000,0.6159885827138503,B0034,340,2145,02145.csv,1.3119728676377551,1.656822715412272,0.17684724071855362,1.8381782656849175,110.0,58,-0.18871365360941,1.7413726664084581,0.14617633655117152,0.7700995774061714,-0.030333213381682968,0.018717004766297306,0.09998822366008851,-0.0987500294406381
discharge,2009-08-06 07:22:48.561999,0.6159885827138503,B0034,342,2147,02147.csv,1.3064487948795198,1.656822715412272,0.17684724071855362,1.8605901727401506,110.0,57,-0.19063996656443252,1.7513567287719662,0.14617633655117152,0.7700995774061714,-0.030333213381682968,-0.34551967072382805,0.0771818936335849,-0.10588973348370621
discharge,2009-08-06 12:25:17.045999,0.6159885827138503,B0034,346,2151,02151.csv,1.3418431880549024,1.642179652217846,0.1580116967441358,1.8830020797953837,110.0,56,-0.14543889276065747,1.7644609683042105,0.14617633655117152,0.7502160637568164,-0.2566657510639337,-0.18055507824799966,0.08898258985400019,-0.2193174790158259
discharge,2009-08-06 16:13:25.920999,0.6159885827138503,B0034,348,2153,02153.csv,1.3609210170759327,1.642179652217846,0.1580116967441358,1.9054139868506168,110.0,55,-0.19208739999223323,1.7743451160339578,0.14617633655117152,0.7502160637568164,-0.030333213381682968,0.058688726241415586,0.11140556210172048,-0.201432190635234
discharge,2009-08-06 20:00:59.561999,0.6159885827138503,B0034,350,2155,02155.csv,1.329960367739497,1.642179652217846,0.1580116967441358,1.92782589390585,110.0,54,-0.1924559555099473,1.7842038228081036,0.14617633655117152,0.7502160637568164,-0.030333213381682968,0.050563631992566783,0.1027321145901805,-0.20228167505819863
discharge,2009-08-06 23:49:34.390000,0.6159885827138503,B0034,352,2157,02157.csv,1.299069387625936,1.642179652217846,0.1580116967441358,1.950237800961083,110.0,53,-0.19181592579913026,1.7941067100833517,0.14617633655117152,0.7502160637568164,-0.030333213381682968,-0.03035165164540331,0.07338087620982496,-0.17517192146057137
discharge,2009-08-07 03:40:19.734000,0.6159885827138503,B0034,354,2159,02159.csv,1.2984544371955695,1.642179652217846,0.1580116967441358,1.9726497080163161,110.0,52,-0.1904506992684663,1.8041038373465608,0.14617633655117152,0.7502160637568164,-0.030333213381682968,-0.007370964937782437,0.053344194252101906,-0.15934354626255923
discharge,2009-08-07 08:44:36.250000,0.6159885827138503,B0034,358,2163,02163.csv,1.317648609161009,1.6041985256234723,0.18032296633683922,1.9950616150715492,110.0,51,-0.14430885388656747,1.8172860821383714,0.14617633655117152,0.7525238736652848,-0.003927036454480422,-0.08320778124736619,0.05463101407502007,-0.171247687760125
discharge,2009-08-07 12:32:22.343000,0.6159885827138503,B0034,360,2165,02165.csv,1.3360648564106594,1.6041985256234723,0.18032296633683922,2.0174735221267825,110.0,50,-0.19232570480589506,1.827153779966021,0.14617633655117152,0.7525238736652848,-0.030333213381682968,-0.08630479175232779,0.06953996729878957,-0.24453257754687796
discharge,2009-08-07 16:20:49.765000,0.6159885827138503,B0034,362,2167,02167.csv,1.3635797361860138,1.6041985256234723,0.18032296633683922,2.0398854291820157,110.0,49,-0.1918933942254442,1.8370513196865594,0.14617633655117152,0.7525238736652848,-0.030333213381682968,0.1874320851944328,0.10047234086333658,-0.1573520869848278
discharge,2009-08-07 20:14:10.406000,0.6159885827138503,B0034,364,2169,02169.csv,1.3333112541544827,1.6041985256234723,0.18032296633683922,2.0622973362372488,110.0,48,-0.18882625792673838,1.8471605802324522,0.14617633655117152,0.7525238736652848,-0.030333213381682968,0.19034613631066077,0.09799993154827265,-0.18627452520432888
discharge,2009-08-08 00:07:05.125000,0.6159885827138503,B0034,366,2171,02171.csv,1.3023273463118925,1.6041985256234723,0.18032296633683922,2.084709243292482,110.0,47,-0.18909740784245002,1.8572511236173324,0.14617633655117152,0.7525238736652848,-0.030333213381682968,0.04818233404289854,0.07271181741558667,-0.19677625774882845
discharge,2009-08-08 05:11:27.593000,0.6159885827138503,B0034,370,2175,02175.csv,1.2888728444455877,1.5958255049677612,0.20783951040982307,2.107121150347715,110.0,46,-0.14424659463580303,1.8704376660922823,0.14617633655117152,0.7701419400601149,0.17113280273390583,-0.10465332468315736,0.045587672054904986,-0.13946406507087306
discharge,2009-08-08 09:03:54.811999,0.6159885827138503,B0034,372,2177,02177.csv,1.2902746194203034,1.5958255049677612,0.20783951040982307,2.129533057402948,110.0,45,-0.18938506400143543,1.880508352909516,0.14617633655117152,0.7701419400601149,-0.030333213381682968,-0.18430183020645052,0.02857442295447663,-0.11703507638156818
discharge,2009-08-08 12:56:26.702999,0.6159885827138503,B0034,374,2179,02179.csv,1.292407565676824,1.5958255049677612,0.20783951040982307,2.151944964458181,110.0,44,-0.1893361938263967,1.890582413177677,0.14617633655117152,0.7701419400601149,-0.030333213381682968,-0.30312027131936764,0.018859634272192557,-0.23343211491922292
discharge,2009-08-08 16:48:44.936999,0.6159885827138503,B0034,376,2181,02181.csv,1.295409150510234,1.5958255049677612,0.20783951040982307,2.1743568715134143,110.0,43,-0.18947904909986604,1.9006466123136754,0.14617633655117152,0.7701419400601149,-0.030333213381682968,-0.1473757344549257,0.014673232419907468,-0.3465868234133295
discharge,2009-08-08 20:40:51.686999,0.6159885827138503,B0034,378,2183,02183.csv,1.283229881592695,1.5958255049677612,0.20783951040982307,2.1967687785686474,110.0,42,-0.18959917430749018,1.910702519347325,0.14617633655117152,0.7701419400601149,-0.030333213381682968,-0.05934706315185359,0.0025898617494928776,-0.35344809850428627
discharge,2009-08-17 13:08:30.968000,0.6159885827138503,B0034,382,2187,02187.csv,1.4557454024367815,1.5994250418151452,0.22336348990287783,2.2191806856238805,110.0,41,7.51469577592042,2.4525768807228046,0.14617633655117152,0.783277594524855,0.11918730431772857,0.811219719153613,0.1261587215657111,0.24109233099791771
discharge,2009-08-17 18:14:09.375000,0.6159885827138503,B0034,386,2191,02191.csv,1.454676342673242,1.7166412612665394,0.1841530303113165,2.2415925926791136,110.0,40,-0.14345225571715375,2.46581825548269,0.14617633655117152,0.7986007163792336,0.14349298320912596,0.7996531956013676,0.20772229922163907,0.3803667862491899
discharge,2009-08-17 22:06:54.109000,0.6159885827138503,B0034,388,2193,02193.csv,1.423427718198495,1.7166412612665394,0.1841530303113165,2.2640044997343467,110.0,39,-0.1892018531749236,2.4759015891286342,0.14617633655117152,0.7986007163792336,-0.030333213381682968,0.6433866844923262,0.2382562051347074,0.34397639499383403
discharge,2009-08-18 02:01:03.311999,0.6159885827138503,B0034,390,2195,02195.csv,1.392551210363313,1.7166412612665394,0.1841530303113165,2.28641640678958,110.0,38,-0.18831828855957383,2.4860459142048237,0.14617633655117152,0.7986007163792336,-0.030333213381682968,0.4847958444456385,0.23505424430792105,0.21681580402415254
discharge,2009-08-18 05:55:02.015000,0.6159885827138503,B0034,392,2197,02197.csv,1.3765732493746907,1.7166412612665394,0.1841530303113165,2.308828313844813,110.0,37,-0.1884281208862721,2.496182657684177,0.14617633655117152,0.7986007163792336,-0.030333213381682968,0.4670133272146639,0.2207288735465787,-0.08619385979231178
discharge,2009-08-18 09:48:49.640000,0.6159885827138503,B0034,394,2199,02199.csv,1.3810190828982352,1.7166412612665394,0.1841530303113165,2.331240220900046,110.0,36,-0.18854399925358184,2.5063114022155935,0.14617633655117152,0.7986007163792336,-0.030333213381682968,-0.31975802851929763,0.21457067101955976,-0.1106167584688351
discharge,2009-08-18 14:54:37.936999,0.6159885827138503,B0034,398,2203,02203.csv,1.4007568321672863,1.7225903348841987,0.18547262369703552,2.353652127955279,110.0,35,-0.14334880411638073,2.51955991811828,0.14617633655117152,0.8018841953022946,0.006767376389307813,-0.22235675639193464,0.22552454449950052,-0.23334903294977064
discharge,2009-08-18 18:45:24.702999,0.6159885827138503,B0034,400,2205,02205.csv,1.374645303479972,1.7225903348841987,0.18547262369703552,2.376064035010512,110.0,34,-0.19043582483053165,2.5295580721465143,0.14617633655117152,0.8018841953022946,-0.030333213381682968,-0.19830887552984092,0.21290477240713274,-0.2967205409234982
discharge,2009-08-18 22:39:17.609000,0.6159885827138503,B0034,402,2207,02207.csv,1.3345924114397838,1.7225903348841987,0.18547262369703552,2.3984759420657453,110.0,33,-0.18848875880238122,2.5396906298615596,0.14617633655117152,0.8018841953022946,-0.030333213381682968,-0.2412655583011911,0.17393237251456936,-0.18622226459088226
discharge,2009-08-19 02:32:38.625000,0.6159885827138503,B0034,404,2209,02209.csv,1.336396621564738,1.7225903348841987,0.18547262369703552,2.4208878491209784,110.0,32,-0.18882233534289486,2.5498001611788195,0.14617633655117152,0.8018841953022946,-0.030333213381682968,-0.15802328482543157,0.14932733364372835,-0.1441730181606232
discharge,2009-08-19 06:25:55.265000,0.6159885827138503,B0034,406,2211,02211.csv,1.3069152971756248,1.7225903348841987,0.18547262369703552,2.4432997561762115,110.0,31,-0.18886810928129288,2.5599065327747383,0.14617633655117152,0.8018841953022946,-0.030333213381682968,-0.316843810124757,0.11043056161863984,-0.07648356681986918
discharge,2009-08-19 11:30:52.686999,0.6159885827138503,B0034,410,2215,02215.csv,1.341539456674081,1.7050267133503376,0.21867474790021219,2.4657116632314446,110.0,30,-0.14388096799115235,2.573118314028614,0.14617633655117152,0.8202777979130386,0.1773232253311225,-0.247157233414089,0.11091663009786142,-0.18584700642425828
discharge,2009-08-19 15:24:12.875000,0.6159885827138503,B0034,412,2217,02217.csv,1.346388970161922,1.7050267133503376,0.21867474790021219,2.4881235702866777,110.0,29,-0.1888309963975611,2.5832272474834173,0.14617633655117152,0.8202777979130386,-0.030333213381682968,-0.10222175149922445,0.11494071673981464,-0.2607446062934894
discharge,2009-08-19 19:17:33.311999,0.6159885827138503,B0034,414,2219,02219.csv,1.344989807277774,1.7050267133503376,0.21867474790021219,2.510535477341911,110.0,28,-0.18882839182280947,2.5933363607289635,0.14617633655117152,0.8202777979130386,-0.030333213381682968,0.07872489853095004,0.11655591964530285,-0.2529139342184445
discharge,2009-08-19 23:10:50.875000,0.6159885827138503,B0034,416,2221,02221.csv,1.3158760805047784,1.7050267133503376,0.21867474790021219,2.532947384397144,110.0,27,-0.18885845448446578,2.6034433987841967,0.14617633655117152,0.8202777979130386,-0.030333213381682968,-0.06600879805351353,0.09541977534000666,-0.23507493294726609
discharge,2009-08-20 03:03:46.686999,0.6159885827138503,B0034,418,2223,02223.csv,1.2972766889740088,1.7050267133503376,0.21867474790021219,2.555359291452377,110.0,26,-0.1890859748285343,2.6135347313766335,0.14617633655117152,0.8202777979130386,-0.030333213381682968,-0.015068065048898058,0.06713820524565497,-0.20626836554855238
discharge,2009-08-20 08:08:26.702999,0.6159885827138503,B0034,422,2227,02227.csv,1.2851255211005648,1.6929809598238645,0.23228213160348732,2.57777119850761,110.0,25,-0.1440630386323732,2.6267339445074525,0.14617633655117152,0.8259547096605254,0.03345421970082256,-0.23403371148996124,0.03901282937866467,-0.15627167825797178
discharge,2009-08-20 12:01:09.545999,0.6159885827138503,B0034,424,2229,02229.csv,1.3190209156530253,1.6929809598238645,0.23228213160348732,2.6001831055628433,110.0,24,-0.18922163345771853,2.6368159127436495,0.14617633655117152,0.8259547096605254,-0.030333213381682968,-0.09806352205232698,0.0461238016844877,-0.19683926824191622
discharge,2009-08-20 15:51:55.170999,0.6159885827138503,B0034,426,2231,02231.csv,1.3410097849290994,1.6929809598238645,0.23228213160348732,2.6225950126180764,110.0,23,-0.19044775994563956,2.64681324290487,0.14617633655117152,0.8259547096605254,-0.030333213381682968,0.01142102607771824,0.06764133231797359,-0.20870638732354443
discharge,2009-08-20 19:42:35.545999,0.6159885827138503,B0034,428,2233,02233.csv,1.326126983882746,1.6929809598238645,0.23228213160348732,2.6450069196733095,110.0,22,-0.1905026761194489,2.6568067822669503,0.14617633655117152,0.8259547096605254,-0.030333213381682968,0.0780391349455338,0.07063119844641436,-0.20041431306289895
discharge,2009-08-20 23:35:23.250000,0.6159885827138503,B0034,430,2235,02235.csv,1.3091442679990724,1.6929809598238645,0.23228213160348732,2.6674188267285426,110.0,21,-0.1891707863004227,2.6668922604228453,0.14617633655117152,0.8259547096605254,-0.030333213381682968,0.08560715099248369,0.059667112887730064,-0.21410622305289234
discharge,2009-08-21 17:59:25.484000,0.6159885827138503,B0034,434,2239,02239.csv,1.363001289617145,1.665355064350546,0.24010935272320308,2.6898307337837757,110.0,20,0.3576324851714878,2.7147229277935727,0.14617633655117152,0.8212727243464083,-0.08286480430403707,0.3946060761629561,0.09344909962751936,-0.2125933175448965
discharge,2009-08-21 23:04:26.375000,0.6159885827138503,B0034,438,2243,02243.csv,1.329285701687194,1.7016802749950666,0.22969374569474155,2.7122426408390092,110.0,19,-0.1438446814650836,2.7279372138638314,0.14617633655117152,0.8273354613206919,0.03777206881171328,0.0781041227277724,0.09024638858054805,-0.2217290304167798
discharge,2009-08-22 02:57:06.984000,0.6159885827138503,B0034,440,2245,02245.csv,1.2969085930621855,1.7016802749950666,0.22969374569474155,2.7346545478942423,110.0,18,-0.1892450015972024,2.738017569024737,0.14617633655117152,0.8273354613206919,-0.030333213381682968,-0.17639503664449221,0.06340843401831345,-0.17838688132206657
discharge,2009-08-22 06:49:38.890000,0.6159885827138503,B0034,442,2247,02247.csv,1.2986285924941396,1.7016802749950666,0.22969374569474155,2.7570664549494754,110.0,17,-0.18933603692304293,2.748091640123753,0.14617633655117152,0.8273354613206919,-0.030333213381682968,-0.09867365779534004,0.046828775001833675,-0.1565722245877997
discharge,2009-08-22 10:41:58.170999,0.6159885827138503,B0034,444,2249,02249.csv,1.2840657611821942,1.7016802749950666,0.22969374569474155,2.7794783620047085,110.0,16,-0.18946809725623517,2.7581565952526863,0.14617633655117152,0.8273354613206919,-0.030333213381682968,-0.08734564323440833,0.0246646425121688,-0.12000581773091125
discharge,2009-08-22 14:34:05.875000,0.6159885827138503,B0034,446,2251,02251.csv,1.3021015914136362,1.7016802749950666,0.22969374569474155,2.8018902690599417,110.0,15,-0.18958919524373208,2.768213191129416,0.14617633655117152,0.8273354613206919,-0.030333213381682968,-0.2550325578742529,0.023649380152453534,-0.25027946451159244
discharge,2009-08-22 19:38:07.905999,0.6159885827138503,B0034,450,2255,02255.csv,1.3089076351731337,1.6715977352736728,0.26327131898457373,2.8243021761151748,110.0,14,-0.1444603702356236,2.7813849769251617,0.14617633655117152,0.8412061664355911,0.12524018985913982,-0.06534184321221007,0.028165356569640844,-0.3144042115313902
discharge,2009-08-22 23:30:19.437000,0.6159885827138503,B0034,452,2257,02257.csv,1.2722519696513912,1.6715977352736728,0.26327131898457373,2.846714083170408,110.0,13,-0.18954916396808094,2.791444336113951,0.14617633655117152,0.8412061664355911,-0.030333213381682968,-0.08537071375927223,0.003208776315950891,-0.2656148539059949
discharge,2009-08-23 03:22:24.155999,0.6159885827138503,B0034,454,2259,02259.csv,1.276011534360331,1.6715977352736728,0.26327131898457373,2.869125990225641,110.0,12,-0.18962041903204696,2.8014987766491557,0.14617633655117152,0.8412061664355911,-0.030333213381682968,-0.07582305788113879,-0.010560502810734245,-0.25434402449197985
discharge,2009-08-23 07:14:19.109000,0.6159885827138503,B0034,456,2261,02261.csv,1.2605053003103004,1.6715977352736728,0.26327131898457373,2.891537897280874,110.0,11,-0.1897225735546355,2.811546165577345,0.14617633655117152,0.8412061664355911,-0.030333213381682968,-0.08023933462371913,-0.03157083818895887,-0.2159344254550801
discharge,2009-08-23 11:06:06.546000,0.6159885827138503,B0034,458,2263,02263.csv,1.2660681251347117,1.6715977352736728,0.26327131898457373,2.913949804336107,110.0,10,-0.18980119260554354,2.8215881275245573,0.14617633655117152,0.8412061664355911,-0.030333213381682968,-0.1386282299124367,-0.041333451171372694,-0.23046260406108135
discharge,2009-08-23 16:09:49.295999,0.6159885827138503,B0034,462,2267,02267.csv,1.265829016865281,1.6519206085155729,0.2630621100127075,2.9363617113913403,110.0,9,-0.1446620538065223,2.8347459913396897,0.14617633655117152,0.8334919244361809,-0.11654946084805276,-0.17160814378935238,-0.048024292641473613,-0.3404265823815704
discharge,2009-08-23 20:01:32.500000,0.6159885827138503,B0034,464,2269,02269.csv,1.2655873898206993,1.6519206085155729,0.2630621100127075,2.9587736184465734,110.0,8,-0.18984547072150906,2.8447848968204323,0.14617633655117152,0.8334919244361809,-0.030333213381682968,-0.0011459808784158765,-0.0526692081905671,-0.3439620240467997
discharge,2009-08-23 23:53:02.436999,0.6159885827138503,B0034,466,2271,02271.csv,1.2663598323027554,1.6519206085155729,0.2630621100127075,2.9811855255018065,110.0,7,-0.18998424652870163,2.854814222769788,0.14617633655117152,0.8334919244361809,-0.030333213381682968,-0.015129360282853959,-0.05517646689227664,-0.3711990704534905
discharge,2009-08-24 03:44:13.045999,0.6159885827138503,B0034,468,2273,02273.csv,1.2868479432728903,1.6519206085155729,0.2630621100127075,3.0035974325570396,110.0,6,-0.1901864217196485,2.8648295928025758,0.14617633655117152,0.8334919244361809,-0.030333213381682968,0.15336812478868753,-0.04121612620621995,-0.3123358682308167
discharge,2009-08-24 07:35:22.545999,0.6159885827138503,B0034,470,2275,02275.csv,1.270026164613209,1.6519206085155729,0.2630621100127075,3.0260093396122727,110.0,5,-0.19019802210760178,2.8748441620741714,0.14617633655117152,0.8334919244361809,-0.030333213381682968,0.048580848085078204,-0.044743771531056305,-0.3146187759195084
discharge,2009-08-24 12:38:30.390000,0.6159885827138503,B0034,474,2279,02279.csv,1.34598253292492,1.7106454419866772,0.1830609281125311,3.048421246667506,110.0,4,-0.14502717834998077,2.8879768217698363,0.14617633655117152,0.7954715248934336,-0.4560971444805653,0.4052687158753401,0.010857015591215692,-0.1007967476246929
discharge,2009-08-24 16:30:26.734000,0.6159885827138503,B0034,476,2281,02281.csv,1.3286875315413778,1.7106454419866772,0.1830609281125311,3.070833153722739,110.0,3,-0.18970802339409215,2.898025215078562,0.14617633655117152,0.7954715248934336,-0.030333213381682968,0.32543810119160105,0.034728612399149095,-0.08589347407672555
discharge,2009-08-24 20:22:13.217999,0.6159885827138503,B0034,478,2283,02283.csv,1.31203071983408,1.7106454419866772,0.1830609281125311,3.093245060777972,110.0,2,-0.18981116120907812,2.9080664889047507,0.14617633655117152,0.7954715248934336,-0.030333213381682968,0.24384790984533689,0.03793433625258846,-0.12972820577326735
discharge,2009-08-25 00:13:33.593000,0.6159885827138503,B0034,480,2285,02285.csv,1.295125492961198,1.7106454419866772,0.1830609281125311,3.115656967833205,110.0,1,-0.19008426716567928,2.9180889105467176,0.14617633655117152,0.7954715248934336,-0.030333213381682968,0.0688014301427912,0.027173277757237147,-0.1406376046597357
discharge,2009-08-25 04:04:24.875000,0.6159885827138503,B0034,482,2287,02287.csv,1.2802601605963335,1.7106454419866772,0.1830609281125311,3.138068874888438,110.0,0,-0.19038858646083204,2.928090325384269,0.14617633655117152,0.7954715248934336,-0.030333213381682968,0.07795998769313704,0.008657412574044997,-0.16917772701754324
discharge,2010-04-14 16:43:39.920999,0.6159885827138503,B0039,0,1109,01109.csv,0.1190383185934176,-2.9718673543855942,-2.5541708922443727,-1.2546649079372523,100.0,46,-0.3352760930883402,-1.2173607181576145,-6.841052550594827,-3.0749766758377546,-0.030333213381682968,0.030052390418546782,-2.6863121235123346,-0.3921908713000117
discharge,2010-04-14 21:10:11.125000,0.6159885827138503,B0039,4,1113,01113.csv,0.4729861500927512,1.3298898535077737,0.16982414246311525,-1.2322530008820192,110.0,45,-0.16800452388075907,-1.205814157704516,0.14617633655117152,0.6392428828254223,-0.030333213381682968,0.030052390418546782,-2.4162599857364855,1.746434416506374
discharge,2010-04-15 00:37:31.545999,0.6159885827138503,B0039,6,1115,01115.csv,0.1628079382920206,1.3298898535077737,0.16982414246311525,-1.209841093826786,110.0,44,-0.20514650797545284,-1.1968314648992735,0.14617633655117152,0.6392428828254223,-0.030333213381682968,0.030052390418546782,-2.472882388907317,1.2566609131887039
discharge,2010-04-15 04:04:41.295999,0.6159885827138503,B0039,8,1117,01117.csv,0.4787632853388766,1.3298898535077737,0.16982414246311525,-1.187429186771553,110.0,43,-0.20525812901084398,-1.1878564771633326,0.14617633655117152,0.6392428828254223,-0.030333213381682968,0.030052390418546782,-2.269565705968074,1.2674342168896136
discharge,2010-04-15 07:31:40.140000,0.6159885827138503,B0039,10,1119,01119.csv,0.4711383364607152,1.3298898535077737,0.16982414246311525,-1.1650172797163199,110.0,42,-0.2053722081987771,-1.178889364180084,0.14617633655117152,0.6392428828254223,-0.030333213381682968,0.030052390418546782,-2.139838870001394,1.1738621157571767
discharge,2010-04-15 10:58:27.500000,0.6159885827138503,B0039,12,1121,01121.csv,0.4668172561120673,1.3298898535077737,0.16982414246311525,-1.1426053726610867,110.0,41,-0.2054923334168614,-1.1699305432999052,0.14617633655117152,0.6392428828254223,-0.030333213381682968,1.6580824684742803,-2.0566511742099807,0.7915601207254853
discharge,2010-04-16 12:15:00.281000,0.6159885827138503,B0039,16,1125,01125.csv,0.4699932676625547,0.7355240114708657,-0.2021068800407286,-1.1201934656058536,110.0,40,0.6165287405864707,-1.1042285707313386,0.14617633655117152,0.1294163701987133,-6.038108247499839,0.016042046229192038,-1.9987695037844528,0.7887282454775228
discharge,2010-04-16 16:48:31.734000,0.6159885827138503,B0039,20,1129,01129.csv,0.4627052684317185,0.710463058007415,-0.14067721495462707,-1.0977815585506205,110.0,39,-0.16360862539079862,-1.0923785665555534,0.14617633655117152,0.1663026036256405,0.473489041938815,1.4339380807929278,-1.9657422598206513,-0.34139211266374814
discharge,2010-04-16 20:15:00.406000,0.6159885827138503,B0039,22,1131,01131.csv,0.4604944782656097,0.710463058007415,-0.14067721495462707,-1.0753696514953874,110.0,38,-0.20568781407517556,-1.0834332394762,0.14617633655117152,0.1663026036256405,-0.030333213381682968,-0.05546793354840102,-1.9454108672538155,-0.35305184853847593
discharge,2010-04-16 23:41:13.936999,0.6159885827138503,B0039,24,1133,01133.csv,0.4412227248835694,0.710463058007415,-0.14067721495462707,-1.0529577444401543,110.0,37,-0.20584619233090196,-1.0744988450622892,0.14617633655117152,0.1663026036256405,-0.030333213381682968,-0.10998919978964089,-1.9465604057536654,-0.2960661178778269
discharge,2010-04-17 03:07:06.639999,0.6159885827138503,B0039,26,1135,01135.csv,0.4435442194396584,0.710463058007415,-0.14067721495462707,-1.0305458373849212,110.0,36,-0.20606405785722298,-1.0655794896504172,0.14617633655117152,0.1663026036256405,-0.030333213381682968,-0.07889383841494614,-1.9455555303740488,-0.2846417919249068
discharge,2010-04-17 06:32:52.968000,0.6159885827138503,B0039,28,1137,01137.csv,0.4126655541164234,0.710463058007415,-0.14067721495462707,-1.0081339303296881,110.0,35,-0.2061307417721027,-1.0566647373510647,0.14617633655117152,0.1663026036256405,-0.030333213381682968,-0.23831130815724735,-1.968445157658548,-0.22067080952433632
discharge,2010-04-21 13:51:46.530999,2.285975454987828,B0039,32,1141,01141.csv,1.7461791006389626,0.5307048700272091,-0.23814195618726824,-0.9857220232744549,110.0,34,3.5552321338043287,-0.7881075124269304,0.14617633655117152,0.023484835855817898,-1.958855250411614,6.038277092407001,-0.966271965840733,4.60341286186615
discharge,2010-04-21 19:29:11.000000,2.285975454987828,B0039,36,1145,01145.csv,1.7695250734505363,0.8666495380565143,-0.4066777193432432,-0.9633101162192218,110.0,33,-0.1235144210241391,-0.7734898522966296,0.14617633655117152,0.02488344767635396,-0.010576718032848157,6.157913948860324,-0.2803441907646472,5.8121934283085945
discharge,2010-04-21 23:57:08.859000,2.285975454987828,B0039,38,1147,01147.csv,1.7715391419501945,0.8666495380565143,-0.4066777193432432,-0.9408982091639887,110.0,32,-0.16709809321665742,-0.7618807219967295,0.14617633655117152,0.02488344767635396,-0.030333213381682968,6.257557586013261,0.1784776696535809,5.854017842489087
discharge,2010-04-22 04:30:34.311999,2.285975454987828,B0039,40,1149,01149.csv,1.770625483958279,0.8666495380565143,-0.4066777193432432,-0.9184863021087556,110.0,31,-0.16367138674275525,-0.7500350501635408,0.14617633655117152,0.02488344767635396,-0.030333213381682968,6.242413121852123,0.4836618148467548,4.774410315822891
discharge,2010-04-22 08:59:11.468000,2.285975454987828,B0039,42,1151,01151.csv,1.7704040639447296,0.8666495380565143,-0.4066777193432432,-0.8960743950535225,110.0,30,-0.16668703780006647,-0.7383975451898109,0.14617633655117152,0.02488344767635396,-0.030333213381682968,6.385926463489797,0.6869489744636604,-0.29895957587951955
discharge,2010-04-22 13:28:29.545999,2.285975454987828,B0039,44,1153,01153.csv,1.769508178880176,0.8666495380565143,-0.4066777193432432,-0.8736624879982893,110.0,29,-0.16625898455153426,-0.7267304922018265,0.14617633655117152,0.02488344767635396,-0.030333213381682968,0.1392609622227962,0.8217902126945005,-0.38494317764547425
discharge,2010-04-23 16:52:59.405999,2.285975454987828,B0039,48,1157,01157.csv,1.7638356274269416,0.8141573508463159,-0.43679604713970005,-0.8512505809430562,110.0,28,0.6968327033887876,-0.655485231162225,0.14617633655117152,-0.01807618564669637,-0.6368981287006525,0.003418836011905404,0.9073563759454866,-0.36591481843936746
discharge,2010-04-23 22:31:01.000000,2.285975454987828,B0039,52,1161,01161.csv,1.7715725869786123,0.7928126077836538,-0.42242822874531505,-0.8288386738878231,110.0,27,-0.12312608522363007,-0.6408407646665752,0.14617633655117152,-0.015394267642132687,0.008066060515288931,0.030208953989113097,0.970303565066658,-0.3658598098993919
discharge,2010-04-24 02:58:55.030999,2.285975454987828,B0039,54,1163,01163.csv,1.7701196454489685,0.7928126077836538,-0.42242822874531505,-0.80642676683259,110.0,26,-0.16713813496299235,-0.6292343984015131,0.14617633655117152,-0.015394267642132687,-0.030333213381682968,0.027684448548139357,1.0111598047132668,-0.36629614380056763
discharge,2010-04-24 07:27:28.202999,2.285975454987828,B0039,56,1165,01165.csv,1.766756975286052,0.7928126077836538,-0.42242822874531505,-0.7840148597773569,110.0,25,-0.16672871134128028,-0.6175997701035101,0.14617633655117152,-0.015394267642132687,-0.030333213381682968,0.012979562270796136,1.035831676029163,-0.3659315967344314
discharge,2010-04-24 11:56:33.140000,2.285975454987828,B0039,58,1167,01167.csv,1.7648743629092642,0.7928126077836538,-0.42242822874531505,-0.7616029527221237,110.0,24,-0.1663964423287145,-0.6059422056648439,0.14617633655117152,-0.015394267642132687,-0.030333213381682968,0.008360473620350941,1.050843210491929,-0.36375430141048953
discharge,2010-04-24 16:24:41.655999,2.285975454987828,B0039,60,1169,01169.csv,1.763838685943225,0.7928126077836538,-0.42242822874531505,-0.7391910456668906,110.0,23,-0.16698661862439643,-0.5943253804044396,0.14617633655117152,-0.015394267642132687,-0.030333213381682968,0.030066708009310165,1.0600607080381201,-0.36376136045503116
discharge,2010-04-24 22:05:41.155999,2.285975454987828,B0039,64,1173,01173.csv,1.7657225752056789,0.7362302518688479,-0.4228896765192678,-0.7167791386116575,110.0,22,-0.12126514869738032,-0.5795524556405884,0.14617633655117152,-0.03747077248234463,-0.34614401472917267,0.0026671922485022263,1.0676430603775595,-0.3716050366338533
discharge,2010-04-25 02:33:59.170999,2.285975454987828,B0039,66,1175,01175.csv,1.7645632809383045,0.7362302518688479,-0.4228896765192678,-0.6943672315564244,110.0,21,-0.16688725695012382,-0.5679287715602176,0.14617633655117152,-0.03747077248234463,-0.030333213381682968,0.004041819989688325,1.0718134533532808,-0.38258969128259973
discharge,2010-04-25 07:02:26.234000,2.285975454987828,B0039,68,1177,01177.csv,1.7608991948479125,0.7362302518688479,-0.4228896765192678,-0.6719553245011913,110.0,20,-0.16679261283668703,-0.5562985543075778,0.14617633655117152,-0.03747077248234463,-0.030333213381682968,0.002630825409521165,1.071798121767518,-0.37638383568529105
discharge,2010-04-25 11:31:04.593000,2.285975454987828,B0039,70,1179,01179.csv,1.7598362095817717,0.7362302518688479,-0.4228896765192678,-0.6495434174459581,110.0,19,-0.16667445416155668,-0.5446601807000241,0.14617633655117152,-0.03747077248234463,-0.030333213381682968,0.006467681081240679,1.0709768731576963,-0.3708375595539824
discharge,2010-04-25 16:00:19.780999,2.285975454987828,B0039,72,1181,01181.csv,1.7590955400143164,0.7362302518688479,-0.4228896765192678,-0.627131510390725,110.0,18,-0.16628921459768836,-0.5329952144567094,0.14617633655117152,-0.03747077248234463,-0.030333213381682968,0.007848675921154395,1.0698642642511216,-0.3670031755738661
discharge,2010-04-25 21:41:58.936999,2.285975454987828,B0039,76,1185,01185.csv,1.7560495443976525,0.8297401907867262,-0.3914598061730956,-0.6047196033354919,110.0,17,-0.1208503380709834,-0.5181936558012951,0.14617633655117152,0.022232313266542042,0.8299440908031133,-0.015229204878127083,1.066798516878506,-0.36583838102081995
discharge,2010-04-26 02:19:22.217999,2.285975454987828,B0039,78,1187,01187.csv,1.7571677199949287,0.8297401907867262,-0.3914598061730956,-0.5823076962802588,110.0,16,-0.16118365267806042,-0.5061762586001596,0.14617633655117152,0.022232313266542042,-0.030333213381682968,-0.004567865039748069,1.0656078215037967,-0.37530733790429244
discharge,2010-04-26 06:50:42.203000,2.285975454987828,B0039,80,1189,01189.csv,1.7558911269459976,0.8297401907867262,-0.3914598061730956,-0.5598957892250257,110.0,15,-0.16498381005431337,-0.49442118181058026,0.14617633655117152,0.022232313266542042,-0.030333213381682968,0.006608517608320391,1.063840020366212,-0.3769362625316045
discharge,2010-04-26 11:20:44.750000,2.285975454987828,B0039,82,1191,01191.csv,1.7533419072229914,0.8297401907867262,-0.3914598061730956,-0.5374838821697926,110.0,14,-0.1657938288585734,-0.4827220196700702,0.14617633655117152,0.022232313266542042,-0.030333213381682968,-0.00034887439501180836,1.0607165040635735,-0.37429340588609183
discharge,2010-04-26 15:51:07.953000,2.285975454987828,B0039,84,1193,01193.csv,1.7506673845335168,0.8297401907867262,-0.3914598061730956,-0.5150719751145595,110.0,13,-0.16557776248024844,-0.4710079427206002,0.14617633655117152,0.022232313266542042,-0.030333213381682968,-0.009401668309596682,1.0565935750480497,-0.36982374810069346
discharge,2010-04-26 21:35:15.343000,2.285975454987828,B0039,88,1197,01197.csv,1.7510006664162403,0.7988580039652398,-0.41905850600120775,-0.49266006805932633,110.0,12,-0.11929977728842033,-0.4560993506709462,0.14617633655117152,-0.010521614600964886,-0.49319539200949664,0.006417476605712556,1.0540992403104632,-0.3674988994889031
discharge,2010-04-27 02:05:41.234000,2.285975454987828,B0039,90,1199,01199.csv,1.7496058853847871,0.7988580039652398,-0.41905850600120775,-0.4702481610040932,110.0,11,-0.16554964539925807,-0.4443833328323164,0.14617633655117152,-0.010521614600964886,-0.030333213381682968,-0.005346228826280799,1.0513721721920188,-0.370659715267662
discharge,2010-04-27 06:36:05.468000,2.285975454987828,B0039,92,1201,01201.csv,1.7477359172183355,0.7988580039652398,-0.41905850600120775,-0.4478362539488601,110.0,10,-0.16556697798973463,-0.4326685114421008,0.14617633655117152,-0.010521614600964886,-0.030333213381682968,-0.00812394890842734,1.0481273942050828,-0.3746839435387919
discharge,2010-04-27 11:07:40.968000,2.285975454987828,B0039,94,1203,01203.csv,1.7444225468099093,0.7988580039652398,-0.41905850600120775,-0.425424346893627,110.0,9,-0.16482151969588746,-0.4209022319392127,0.14617633655117152,-0.010521614600964886,-0.030333213381682968,-0.011701107171394774,1.0434362014104073,-0.36909990611015897
discharge,2010-04-27 15:43:29.625000,2.285975454987828,B0039,96,1205,01205.csv,1.743308366083936,0.7988580039652398,-0.41905850600120775,-0.4030124398383939,110.0,8,-0.1621734408743531,-0.40895315865766724,0.14617633655117152,-0.010521614600964886,-0.030333213381682968,-0.004396801549101494,1.0394586513135444,-0.3640512717294366
discharge,2010-04-28 13:22:57.655999,2.285975454987828,B0039,100,1209,01209.csv,1.6556691733888471,0.7912534241951142,-0.4219406508963689,-0.38060053278316075,110.0,7,0.48028694346678696,-0.3526557977283267,0.14617633655117152,-0.01562382733674258,-0.10320578965060959,-0.41621540009776,0.9699407375473521,-0.045302919960726426
discharge,2010-04-28 18:05:58.859000,2.285975454987828,B0039,104,1213,01213.csv,1.64297669457593,0.7521302995525067,-0.43308385894931156,-0.35818862572792765,110.0,6,-0.15764891299407532,-0.3403944015879784,0.14617633655117152,-0.039083477087008794,-0.36595548527220845,-0.46910242060635626,0.9139114610340197,0.05818324284124427
discharge,2010-04-28 21:37:16.375000,2.285975454987828,B0039,106,1215,01215.csv,1.6343822729361266,0.7521302995525067,-0.43308385894931156,-0.33577671867269454,110.0,5,-0.20266644125464417,-0.33124051268255456,0.14617633655117152,-0.039083477087008794,-0.030333213381682968,-0.5005810736588178,0.8700013105300494,0.07808750610378794
discharge,2010-04-29 01:08:33.500000,2.285975454987828,B0039,108,1217,01217.csv,1.62650670621656,0.7521302995525067,-0.43308385894931156,-0.31336481161746144,110.0,4,-0.20267053120206502,-0.3220869061014095,0.14617633655117152,-0.039083477087008794,-0.030333213381682968,-0.5219377229991282,0.8347190432430633,0.013701510645850661
discharge,2010-04-29 04:39:21.155999,2.285975454987828,B0039,110,1219,01219.csv,1.618865991735961,0.7521302995525067,-0.43308385894931156,-0.29095290456222833,110.0,3,-0.20297878354128482,-0.31295457781810365,0.14617633655117152,-0.039083477087008794,-0.030333213381682968,-0.5524898701009254,0.8053678836855873,-0.2697446485721461
discharge,2010-04-29 08:11:08.670999,2.285975454987828,B0039,112,1221,01221.csv,1.6114968339209264,0.7521302995525067,-0.43308385894931156,-0.26854099750699517,110.0,2,-0.2023526450073857,-0.3037790279253638,0.14617633655117152,-0.039083477087008794,-0.030333213381682968,-0.1767280942909592,0.7801779859671505,-0.2861172797670709
discharge,2010-05-04 13:22:01.921000,2.285975454987828,B0039,116,1225,01225.csv,1.3240805773461226,0.8245031148838098,-0.40007351912281486,-0.2461290904517621,110.0,1,4.378657660208141,0.02161829639095794,0.14617633655117152,0.013699735881758776,0.7306378653398508,-1.462770821733204,0.5440942841750627,0.7517179553107592
discharge,2010-05-04 17:26:38.953000,2.285975454987828,B0039,120,1229,01229.csv,1.3153386221697692,0.894640296498363,-0.37848710901198235,-0.22371718339652896,110.0,0,-0.18175105683738887,0.03221594977899949,0.14617633655117152,0.05697523736826558,0.5829040203009249,-1.46346145882796,0.3800352862557963,1.0093488254312435
discharge,2010-04-14 16:43:39.920999,0.6159885827138503,B0040,0,1231,01231.csv,0.6734628137095633,-2.9718673543855942,-2.5541708922443727,-1.2546649079372523,100.0,45,-0.3352760930883402,-1.2173607181576145,-6.841052550594827,-3.0749766758377546,-0.030333213381682968,0.030052390418546782,-1.41728171719078,-0.3921908713000117
discharge,2010-04-14 21:10:11.125000,0.6159885827138503,B0040,4,1235,01235.csv,0.7913062105760345,1.4527909464345843,0.1631053988242905,-1.2322530008820192,110.0,44,-0.16800452388075907,-1.205814157704516,0.14617633655117152,0.6813489662766419,-0.030333213381682968,0.030052390418546782,-1.3273705539785308,0.3198430673515197
discharge,2010-04-15 00:37:31.545999,0.6159885827138503,B0040,6,1237,01237.csv,0.7865824034601745,1.4527909464345843,0.1631053988242905,-1.209841093826786,110.0,43,-0.20514650797545284,-1.1968314648992735,0.14617633655117152,0.6813489662766419,-0.030333213381682968,0.030052390418546782,-1.2710339091030434,0.1778874656021619
discharge,2010-04-15 04:04:41.295999,0.6159885827138503,B0040,8,1239,01239.csv,0.7795871426061582,1.4527909464345843,0.1631053988242905,-1.187429186771553,110.0,42,-0.20525812901084398,-1.1878564771633326,0.14617633655117152,0.6813489662766419,-0.030333213381682968,0.030052390418546782,-1.2388133311094398,0.08963512414143959
discharge,2010-04-15 07:31:40.140000,0.6159885827138503,B0040,10,1241,01241.csv,0.7628241523125163,1.4527909464345843,0.1631053988242905,-1.1650172797163199,110.0,41,-0.2053722081987771,-1.178889364180084,0.14617633655117152,0.6813489662766419,-0.030333213381682968,0.030052390418546782,-1.2301226310431337,0.02553569976337418
discharge,2010-04-15 10:58:27.500000,0.6159885827138503,B0040,12,1243,01243.csv,0.7405021514606399,1.4527909464345843,0.1631053988242905,-1.1426053726610867,109.95442307821139,40,-0.2054923334168614,-1.1699305432999052,0.14617633655117152,0.6813489662766419,-0.030333213381682968,0.3438783485125075,-1.2413598833547197,-0.21504382474613987
discharge,2010-04-16 12:15:00.281000,0.6159885827138503,B0040,16,1247,01247.csv,0.7783970881100656,1.2877737372253972,0.058816472547949465,-1.1201934656058536,110.0,39,0.6165287405864707,-1.1042285707313386,0.14617633655117152,0.5390249026261523,-1.6886745194670636,-0.03037806522046185,-1.2199386250415691,-0.2347378996748951
discharge,2010-04-16 16:48:31.734000,0.6159885827138503,B0040,20,1251,01251.csv,0.7733165409025605,1.254254646933609,0.07952631256280829,-1.0977815585506205,110.0,38,-0.16360862539079862,-1.0923785665555534,0.14617633655117152,0.5418336268541774,0.0036824997723193444,-0.03204804444171771,-1.2095340993184045,-0.2538933738268861
discharge,2010-04-16 20:15:00.406000,0.6159885827138503,B0040,22,1253,01253.csv,0.7589575236409498,1.254254646933609,0.07952631256280829,-1.0753696514953874,110.0,37,-0.20568781407517556,-1.0834332394762,0.14617633655117152,0.5418336268541774,-0.030333213381682968,-0.06651941583808507,-1.2135532709860763,-0.26647336231220586
discharge,2010-04-16 23:41:13.936999,0.6159885827138503,B0040,24,1255,01255.csv,0.7407399462256391,1.254254646933609,0.07952631256280829,-1.0529577444401543,109.98973234253282,36,-0.20584619233090196,-1.0744988450622892,0.14617633655117152,0.5418336268541774,-0.030333213381682968,-0.073328659670174,-1.2301322126680803,-0.24083957868893643
discharge,2010-04-17 03:07:06.639999,0.6159885827138503,B0040,26,1257,01257.csv,0.7446218752617147,1.254254646933609,0.07952631256280829,-1.0305458373849212,110.0,35,-0.20606405785722298,-1.0655794896504172,0.14617633655117152,0.5418336268541774,-0.030333213381682968,0.0493377281370573,-1.2382230389090987,-0.24913225848986778
discharge,2010-04-17 06:32:52.968000,0.6159885827138503,B0040,28,1259,01259.csv,0.7149875629820736,1.254254646933609,0.07952631256280829,-1.0081339303296881,106.16585629186916,34,-0.2061307417721027,-1.0566647373510647,0.14617633655117152,0.5418336268541774,-0.030333213381682968,-0.26678161246889365,-1.2662270612608608,-0.2057590864969256
discharge,2010-04-21 13:51:46.530999,2.285975454987828,B0040,32,1263,01263.csv,1.7075144448533202,1.2626486803362353,0.03777393716282795,-0.9857220232744549,110.0,33,3.5552321338043287,-0.7881075124269304,0.14617633655117152,0.5134454441426437,-0.37386796674294265,4.403239269819197,-0.5276266019253457,3.3082400807945596
discharge,2010-04-21 19:29:11.000000,2.285975454987828,B0040,36,1267,01267.csv,1.730880859428193,1.541502518154408,-0.0799746970249119,-0.9633101162192218,110.0,32,-0.1235144210241391,-0.7734898522966296,0.14617633655117152,0.5313734525130364,0.18833584718047391,4.57984035490976,-0.017398385352928022,4.222943123572801
discharge,2010-04-21 23:57:08.859000,2.285975454987828,B0040,38,1269,01269.csv,1.7328212845233328,1.541502518154408,-0.0799746970249119,-0.9408982091639887,110.0,31,-0.16709809321665742,-0.7618807219967295,0.14617633655117152,0.5313734525130364,-0.030333213381682968,4.674204420297637,0.3242342482378325,4.261330604224548
discharge,2010-04-22 04:30:34.311999,2.285975454987828,B0040,40,1271,01271.csv,1.7317734323431513,1.541502518154408,-0.0799746970249119,-0.9184863021087556,110.0,30,-0.16367138674275525,-0.7500350501635408,0.14617633655117152,0.5313734525130364,-0.030333213381682968,4.651127024767121,0.551189855860263,3.471405025805132
discharge,2010-04-22 08:59:11.468000,2.285975454987828,B0040,42,1273,01273.csv,1.7341296392350067,1.541502518154408,-0.0799746970249119,-0.8960743950535225,110.0,29,-0.16668703780006647,-0.7383975451898109,0.14617633655117152,0.5313734525130364,-0.030333213381682968,4.800881716052938,0.704291313180549,-0.29652594734402304
discharge,2010-04-22 13:28:29.545999,2.285975454987828,B0040,44,1275,01275.csv,1.7334756929990074,1.541502518154408,-0.0799746970249119,-0.8736624879982893,110.0,28,-0.16625898455153426,-0.7267304922018265,0.14617633655117152,0.5313734525130364,-0.030333213381682968,0.15158273134892855,0.805860008998314,-0.38105537273511686
discharge,2010-04-23 16:52:59.405999,2.285975454987828,B0040,48,1279,01279.csv,1.7243057179457877,1.5054375970488587,-0.10306114764964795,-0.8512505809430562,110.0,27,0.6968327033887876,-0.655485231162225,0.14617633655117152,0.5000456985627354,-0.41054028351991906,-0.0007273002010262578,0.8665760424820305,-0.35795792351511274
discharge,2010-04-23 22:31:01.000000,2.285975454987828,B0040,52,1283,01283.csv,1.7318975861687205,1.4744965150311204,-0.10288833978650727,-0.8288386738878231,110.0,26,-0.12312608522363007,-0.6408407646665752,0.14617633655117152,0.4882954265238292,-0.17418921167466667,0.025728354250373477,0.9128457778640594,-0.35852944316088164
discharge,2010-04-24 02:58:55.030999,2.285975454987828,B0040,54,1285,01285.csv,1.7333691208377455,1.4744965150311204,-0.10288833978650727,-0.80642676683259,110.0,25,-0.16713813496299235,-0.6292343984015131,0.14617633655117152,0.4882954265238292,-0.030333213381682968,0.03752216096572831,0.944815007256595,-0.35742666409460905
discharge,2010-04-24 07:27:28.202999,2.285975454987828,B0040,56,1287,01287.csv,1.732175650153278,1.4744965150311204,-0.10288833978650727,-0.7840148597773569,110.0,24,-0.16672871134128028,-0.6175997701035101,0.14617633655117152,0.4882954265238292,-0.030333213381682968,0.020905335625797997,0.9652172426326173,-0.3594476395958996
discharge,2010-04-24 11:56:33.140000,2.285975454987828,B0040,58,1289,01289.csv,1.7334832776102866,1.4744965150311204,-0.10288833978650727,-0.7616029527221237,110.0,23,-0.1663964423287145,-0.6059422056648439,0.14617633655117152,0.4882954265238292,-0.030333213381682968,0.03008789566041418,0.9798164154759106,-0.3594373494807802
discharge,2010-04-24 16:24:41.655999,2.285975454987828,B0040,60,1291,01291.csv,1.732372495746513,1.4744965150311204,-0.10288833978650727,-0.7391910456668906,110.0,22,-0.16698661862439643,-0.5943253804044396,0.14617633655117152,0.4882954265238292,-0.030333213381682968,0.06781476034892474,0.9887017023729704,-0.38603024270980774
discharge,2010-04-24 22:05:41.155999,2.285975454987828,B0040,64,1295,01295.csv,1.7338175297202416,1.4634960321808106,-0.11191824353832773,-0.7167791386116575,110.0,21,-0.12126514869738032,-0.5795524556405884,0.14617633655117152,0.47723464575512764,-0.16619446610655733,0.03904007055911869,0.9957277468313835,-0.38599655734819177
discharge,2010-04-25 02:33:59.170999,2.285975454987828,B0040,66,1297,01297.csv,1.7329630786357868,1.4634960321808106,-0.11191824353832773,-0.6943672315564244,110.0,20,-0.16688725695012382,-0.5679287715602176,0.14617633655117152,0.47723464575512764,-0.030333213381682968,0.02815161712139065,0.9997598545726706,-0.38619488009652675
discharge,2010-04-25 07:02:26.234000,2.285975454987828,B0040,68,1299,01299.csv,1.731883908457334,1.4634960321808106,-0.11191824353832773,-0.6719553245011913,110.0,19,-0.16679261283668703,-0.5562985543075778,0.14617633655117152,0.47723464575512764,-0.030333213381682968,0.02868668305452894,1.0016245502193593,-0.38543997763879695
discharge,2010-04-25 11:31:04.593000,2.285975454987828,B0040,70,1301,01301.csv,1.7306960059812662,1.4634960321808106,-0.11191824353832773,-0.6495434174459581,110.0,18,-0.16667445416155668,-0.5446601807000241,0.14617633655117152,0.47723464575512764,-0.030333213381682968,0.017004555836806455,1.0019613448162676,-0.3821866013662606
discharge,2010-04-25 16:00:19.780999,2.285975454987828,B0040,72,1303,01303.csv,1.7296011601947467,1.4634960321808106,-0.11191824353832773,-0.627131510390725,110.0,17,-0.16628921459768836,-0.5329952144567094,0.14617633655117152,0.47723464575512764,-0.030333213381682968,0.01707915613687423,1.001350538323182,-0.3777124925685
discharge,2010-04-25 21:41:58.936999,2.285975454987828,B0040,76,1307,01307.csv,1.7296187381064656,1.4556900084143376,-0.09852860592148574,-0.6047196033354919,110.0,16,-0.1208503380709834,-0.5181936558012951,0.14617633655117152,0.48437471785344083,0.0576424643231965,0.01039691879197956,1.0009567454416122,-0.37967549934749095
discharge,2010-04-26 02:19:22.217999,2.285975454987828,B0040,78,1309,01309.csv,1.7307198617163877,1.4556900084143376,-0.09852860592148574,-0.5823076962802588,110.0,15,-0.16118365267806042,-0.5061762586001596,0.14617633655117152,0.48437471785344083,-0.030333213381682968,0.019551396188010828,1.0015343428791241,-0.38409970902630464
discharge,2010-04-26 06:50:42.203000,2.285975454987828,B0040,80,1311,01311.csv,1.729274556175907,1.4556900084143376,-0.09852860592148574,-0.5598957892250257,110.0,14,-0.16498381005431337,-0.49442118181058026,0.14617633655117152,0.48437471785344083,-0.030333213381682968,0.017837435629403747,1.0008166807793775,-0.3864084475923272
discharge,2010-04-26 11:20:44.750000,2.285975454987828,B0040,82,1313,01313.csv,1.7297962212599596,1.4556900084143376,-0.09852860592148574,-0.5374838821697926,110.0,13,-0.1657938288585734,-0.4827220196700702,0.14617633655117152,0.48437471785344083,-0.030333213381682968,0.025840299253642465,1.0007362550152252,-0.3875210990655231
discharge,2010-04-26 15:51:07.953000,2.285975454987828,B0040,84,1315,01315.csv,1.7268942069037494,1.4556900084143376,-0.09852860592148574,-0.5150719751145595,110.0,12,-0.16557776248024844,-0.4710079427206002,0.14617633655117152,0.48437471785344083,-0.030333213381682968,0.01738054373030589,0.9984684833479632,-0.3799977313589303
discharge,2010-04-26 21:35:15.343000,2.285975454987828,B0040,88,1319,01319.csv,1.7272191689306016,1.4276725220858033,-0.09313400726532274,-0.49266006805932633,110.0,11,-0.11929977728842033,-0.4560993506709462,0.14617633655117152,0.47770058605116095,-0.11240289176117049,0.0188194767160815,0.9972045723622687,-0.37799955930718937
discharge,2010-04-27 02:05:41.234000,2.285975454987828,B0040,90,1321,01321.csv,1.7285674981160106,1.4276725220858033,-0.09313400726532274,-0.4702481610040932,110.0,10,-0.16554964539925807,-0.4443833328323164,0.14617633655117152,0.47770058605116095,-0.030333213381682968,0.019976700656172103,0.9973907018932878,-0.3813891923621411
discharge,2010-04-27 06:36:05.468000,2.285975454987828,B0040,92,1323,01323.csv,1.726636381605547,1.4276725220858033,-0.09313400726532274,-0.4478362539488601,110.0,9,-0.16556697798973463,-0.4326685114421008,0.14617633655117152,0.47770058605116095,-0.030333213381682968,0.017702512124155655,0.9960414012237505,-0.3808199532180782
discharge,2010-04-27 11:07:40.968000,2.285975454987828,B0040,94,1325,01325.csv,1.7262424141835069,1.4276725220858033,-0.09313400726532274,-0.425424346893627,110.0,8,-0.16482151969588746,-0.4209022319392127,0.14617633655117152,0.47770058605116095,-0.030333213381682968,0.013416233975743107,0.9948412814958831,-0.38459619467862155
discharge,2010-04-27 15:43:29.625000,2.285975454987828,B0040,96,1327,01327.csv,1.72527259276029,1.4276725220858033,-0.09313400726532274,-0.4030124398383939,110.0,7,-0.1621734408743531,-0.40895315865766724,0.14617633655117152,0.47770058605116095,-0.030333213381682968,0.022461256178536226,0.9933012554894979,-0.38175198490129003
discharge,2010-04-28 13:22:57.655999,2.285975454987828,B0040,100,1331,01331.csv,1.666802687745505,1.4780747720864067,-0.09947639385612726,-0.38060053278316075,110.0,6,0.48028694346678696,-0.3526557977283267,0.14617633655117152,0.49225268736718614,0.14894551839928505,-0.2527705122028943,0.94766369541939,-0.16314650800448538
discharge,2010-04-28 18:05:58.859000,2.285975454987828,B0040,104,1335,01335.csv,1.666754853762041,1.5010675654104697,-0.08670037761697783,-0.35818862572792765,110.0,5,-0.15764891299407532,-0.3403944015879784,0.14617633655117152,0.5107546557487528,0.1966771679544459,-0.2593062605981731,0.9172021594025018,-0.1147507962441328
discharge,2010-04-28 21:37:16.375000,2.285975454987828,B0040,106,1337,01337.csv,1.6583274448761054,1.5010675654104697,-0.08670037761697783,-0.33577671867269454,110.0,4,-0.20266644125464417,-0.33124051268255456,0.14617633655117152,0.5107546557487528,-0.030333213381682968,-0.28971684111972984,0.8904645952149196,-0.10145597247984842
discharge,2010-04-29 01:08:33.500000,2.285975454987828,B0040,108,1339,01339.csv,1.65032263550715,1.5010675654104697,-0.08670037761697783,-0.31336481161746144,110.0,3,-0.20267053120206502,-0.3220869061014095,0.14617633655117152,0.5107546557487528,-0.030333213381682968,-0.32534487454036143,0.8665321103365564,-0.13805352042398678
discharge,2010-04-29 04:39:21.155999,2.285975454987828,B0040,110,1341,01341.csv,1.6493406341242296,1.5010675654104697,-0.08670037761697783,-0.29095290456222833,110.0,2,-0.20297878354128482,-0.31295457781810365,0.14617633655117152,0.5107546557487528,-0.030333213381682968,-0.32540189162393934,0.8498278812666883,-0.31972355760726573
discharge,2010-04-29 08:11:08.670999,2.285975454987828,B0040,112,1343,01343.csv,1.641919055037739,1.5010675654104697,-0.08670037761697783,-0.26854099750699517,110.0,1,-0.2023526450073857,-0.3037790279253638,0.14617633655117152,0.5107546557487528,-0.030333213381682968,-0.08643339445553669,0.8330292745994534,-0.31108453326084906
discharge,2010-05-04 13:22:01.921000,2.285975454987828,B0040,116,1347,01347.csv,0.425812451177779,1.5177747432952986,-0.08422259024729922,-0.2461290904517621,63.22731448709421,0,4.378657660208141,0.02161829639095794,0.14617633655117152,0.5190460415744655,0.0708732378473318,-5.779073288544074,-0.10602457879604026,4.286128618701932
discharge,2010-05-04 17:26:38.953000,2.285975454987828,B0040,120,1351,01351.csv,0.5569902643736575,2.055694294381026,0.20504167934827364,-0.22371718339652896,82.705422338859,0,-0.18175105683738887,0.03221594977899949,0.14617633655117152,0.9446092912852583,5.1522002701521314,-5.125550386253145,-0.6319755370942401,5.031801660260031
discharge,2010-06-16 10:39:50.390000,-1.0539982895601272,B0041,0,2996,02996.csv,0.055620243768194,-2.9718673543855942,-2.5541708922443727,-1.2546649079372523,100.0,66,-0.3352760930883402,-1.2173607181576145,-6.841052550594827,-3.0749766758377546,-0.030333213381682968,0.030052390418546782,-2.8314706905895783,-0.3921908713000117
discharge,2010-06-16 14:46:51.593000,-1.0539982895601272,B0041,3,2999,02999.csv,0.0556974726122768,-1.028476443996841,0.8679641679056026,-1.2322530008820192,100.13885024381528,65,-0.18024299594324245,-1.2066589650928394,0.14617633655117152,0.26222407483047055,-0.030333213381682968,0.030052390418546782,-2.8314117671760517,-0.3917242388072969
discharge,2010-06-16 18:07:22.875000,-1.0539982895601272,B0041,5,3001,03001.csv,0.0558390162918539,-1.028476443996841,0.8679641679056026,-1.209841093826786,100.39333255095333,64,-0.20942619338140908,-1.197971693957246,0.14617633655117152,0.26222407483047055,-0.030333213381682968,0.030052390418546782,-2.831264491094905,-0.39124280126416566
discharge,2010-06-16 21:27:32.859000,-1.0539982895601272,B0041,7,3003,03003.csv,0.056148059974053,-1.028476443996841,0.8679641679056026,-1.187429186771553,100.94896420817348,63,-0.2096489752232742,-1.189299801191193,0.14617633655117152,0.26222407483047055,-0.030333213381682968,0.030052390418546782,-2.830930515492967,-0.3902006285312286
discharge,2010-06-17 00:47:36.280999,-1.0539982895601272,B0041,9,3005,03005.csv,0.056470531599139,-1.028476443996841,0.8679641679056026,-1.1650172797163199,101.52873805172216,62,-0.20971761522088433,-1.1806326465637593,0.14617633655117152,0.26222407483047055,-0.030333213381682968,0.030052390418546782,-2.8304618284049754,-0.3891852789523478
discharge,2010-06-17 03:38:47.795999,-1.0539982895601272,B0041,11,3007,03007.csv,0.0440922918408019,-1.028476443996841,0.8679641679056026,-1.1426053726610867,79.27381984257991,61,-0.22783374965492736,-1.1732160274721017,-6.841052550594827,0.26222407483047055,-0.030333213381682968,-0.0239125006415062,-2.8395936155461823,-0.3464674226416741
discharge,2010-06-17 08:10:30.890000,-1.0539982895601272,B0041,15,3011,03011.csv,0.0567719130814178,-1.0935368763871356,0.860881189821553,-1.1201934656058536,102.07059378959855,60,-0.16474208474753996,-1.1614442646677923,0.14617633655117152,0.23187879109219153,-0.4283191152351898,0.03508208374420446,-2.8360072829334246,-0.34541666090362966
discharge,2010-06-17 11:30:34.545999,-1.0539982895601272,B0041,17,3013,03013.csv,0.0569383765007572,-1.0935368763871356,0.860881189821553,-1.0977815585506205,102.36987945981812,59,-0.20971516752856595,-1.1527769410790254,0.14617633655117152,0.23187879109219153,-0.030333213381682968,0.03519873855418172,-2.8334893876661305,-0.34439201862439567
discharge,2010-06-17 14:50:30.920999,-1.0539982895601272,B0041,19,3015,03015.csv,0.0444014841131225,-1.0935368763871356,0.860881189821553,-1.0753696514953874,79.82971865095122,58,-0.2097913284060116,-1.1441148747864012,0.14617633655117152,0.23187879109219153,-0.030333213381682968,-0.02493592759807476,-2.841376083469071,-0.3337557962949692
discharge,2010-06-17 18:10:06.217999,-1.0539982895601272,B0041,21,3017,03017.csv,0.0446343581849161,-1.0935368763871356,0.860881189821553,-1.0529577444401543,80.24840446751136,57,-0.21001180899868852,-1.1354680280107823,0.14617633655117152,0.23187879109219153,-0.030333213381682968,-0.02535535354928669,-2.846456204371521,-0.33376002188120396
discharge,2010-06-17 21:29:54.875000,-1.0539982895601272,B0041,23,3019,03019.csv,0.0447987224365748,-1.0935368763871356,0.860881189821553,-1.0305458373849212,80.54391603043027,56,-0.20987206040116296,-1.1268115345532008,0.14617633655117152,0.23187879109219153,-0.030333213381682968,0.03335934818368012,-2.8497175463863225,-0.33487249171762773
discharge,2010-06-18 02:01:11.045999,-1.0539982895601272,B0041,27,3023,03023.csv,0.0467089878078547,-1.0509268873264819,0.8654170406187799,-1.0081339303296881,83.9783946336547,55,-0.1650237053679784,-1.115059211690384,0.14617633655117152,0.25167482636617544,0.23167917344724723,-0.017054387051866935,-2.8504342961993387,-0.3464098167327846
discharge,2010-06-18 05:20:59.203000,-1.0539982895601272,B0041,29,3025,03025.csv,0.0449537153308952,-1.0509268873264819,0.8654170406187799,-0.9857220232744549,80.82257876870656,54,-0.20987729051295434,-1.1064030792612918,0.14617633655117152,0.25167482636617544,-0.030333213381682968,-0.026050457554515544,-2.852251352430726,-0.3843061362080488
discharge,2010-06-18 08:40:33.875000,-1.0539982895601272,B0041,31,3027,03027.csv,0.0452193290195426,-1.0509268873264819,0.8654170406187799,-0.9633101162192218,81.30012735650921,53,-0.2100183466384277,-1.0977566837712849,0.14617633655117152,0.25167482636617544,-0.030333213381682968,0.03388090319835017,-2.853260067554798,-0.3850426734895036
discharge,2010-06-18 12:00:02.609000,-1.0539982895601272,B0041,33,3029,03029.csv,0.0454022241469497,-1.0509268873264819,0.8654170406187799,-0.9408982091639887,81.62895570211903,52,-0.21008045944606196,-1.08911457585562,0.14617633655117152,0.25167482636617544,-0.030333213381682968,0.03364694071255032,-2.8537930005190524,-0.38570369327731074
discharge,2010-06-18 15:19:35.359000,-1.0539982895601272,B0041,35,3031,03031.csv,0.0456790122497417,-1.0509268873264819,0.8654170406187799,-0.9184863021087556,82.12659484218744,51,-0.21003845118815373,-1.080469568159127,0.14617633655117152,0.25167482636617544,-0.030333213381682968,0.034173221609380224,-2.853937107704572,-0.3863992728351563
discharge,2010-06-18 19:50:33.234000,-1.0539982895601272,B0041,39,3035,03035.csv,0.0455208025703398,-1.0698325935848427,0.9190611082464464,-0.8960743950535225,81.84214862497693,50,-0.16521508560818784,-1.0687304560500774,0.14617633655117152,0.28503001593267624,0.408515595899484,0.02449023269048622,-2.854153888651338,-0.38979621910922835
discharge,2010-06-18 23:09:59.000000,-1.0539982895601272,B0041,41,3037,03037.csv,0.0457285414602425,-1.0698325935848427,0.9190611082464464,-0.8736624879982893,82.21564373364363,49,-0.21011150538965556,-1.0600904911995266,0.14617633655117152,0.28503001593267624,-0.030333213381682968,0.033679522794190626,-2.8541399104125555,-0.3904161313465262
discharge,2010-06-19 02:29:16.280999,-1.0539982895601272,B0041,43,3039,03039.csv,0.045860512192502,-1.0698325935848427,0.9190611082464464,-0.8512505809430562,82.45291477619696,48,-0.2102002603972153,-1.0514566530031653,0.14617633655117152,0.28503001593267624,-0.030333213381682968,0.03305391057548595,-2.854029901668021,-0.3906580276030583
discharge,2010-06-19 05:42:11.468000,-1.0539982895601272,B0041,45,3041,03041.csv,0.045983556030275,-1.0698325935848427,0.9190611082464464,-0.8288386738878231,82.6741360967755,47,-0.21419704904591627,-1.0430987084447312,0.14617633655117152,0.28503001593267624,-0.030333213381682968,0.032773733459442185,-2.8538626835531478,-0.3906821823446425
discharge,2010-06-19 08:49:37.405999,-1.0539982895601272,B0041,47,3043,03043.csv,0.046128762966734,-1.0698325935848427,0.9190611082464464,-0.80642676683259,82.93520459741741,46,-0.21764106722122853,-1.034978500426052,0.14617633655117152,0.28503001593267624,-0.030333213381682968,0.03215777293571356,-2.8536404160435302,-0.39019317185668717
discharge,2010-06-21 15:19:37.905999,-1.0539982895601272,B0041,51,3047,03047.csv,0.0463714545530443,-1.0543288629241845,1.0485251430341087,-0.7840148597773569,83.37154138752885,45,1.7170250039559924,-0.893310560098577,0.14617633655117152,0.38900269161977286,1.324038566578671,0.03403448037396968,-2.85330707091967,-0.39006785247673387
discharge,2010-06-21 19:51:35.109000,-1.0539982895601272,B0041,55,3051,03051.csv,0.0464238542531432,-1.0086254991499435,1.5079562470291754,-0.7616029527221237,83.46575115100505,44,-0.16459450145301116,-0.8815286097923496,0.14617633655117152,0.7543953295866098,4.586490736658854,0.033307303291004946,-2.8530448613548924,-0.39011561250108423
discharge,2010-06-21 23:11:45.359000,-1.0539982895601272,B0041,57,3053,03053.csv,0.0465794695305646,-1.0086254991499435,1.5079562470291754,-0.7391910456668906,83.7455328759287,43,-0.20964619280380117,-0.8728565249591402,0.14617633655117152,0.7543953295866098,-0.030333213381682968,0.03341798863319435,-2.852751324943611,-0.39015090242434197
discharge,2010-06-22 02:31:35.686999,-1.0539982895601272,B0041,59,3055,03055.csv,0.0467260089483965,-1.0086254991499435,1.5079562470291754,-0.7167791386116575,84.00899705354475,42,-0.20985458138847665,-0.8641988249457908,0.14617633655117152,0.7543953295866098,-0.030333213381682968,0.03352797663681002,-2.852443828590965,-0.39026632767668334
discharge,2010-06-22 05:44:45.061999,-1.0539982895601272,B0041,61,3057,03057.csv,0.0468634724324437,-1.0086254991499435,1.5079562470291754,-0.6943672315564244,84.2561435504571,41,-0.21404863940418467,-0.8558306358436594,0.14617633655117152,0.7543953295866098,-0.030333213381682968,0.033491727824491634,-2.85213395029032,-0.3904359132017441
discharge,2010-06-22 09:04:54.280999,-1.0539982895601272,B0041,63,3059,03059.csv,0.0471230704848885,-1.0086254991499435,1.5079562470291754,-0.6719553245011913,84.72287658659177,40,-0.209656977294315,-0.8471592954511956,0.14617633655117152,0.7543953295866098,-0.030333213381682968,0.033570870729398364,-2.8517292988191887,-0.3898986052184028
discharge,2010-06-22 13:36:07.203000,-1.0539982895601272,B0041,67,3063,03063.csv,0.047089685801538,-1.0075238200066639,0.8505741209691349,-0.6495434174459581,84.66285404607642,39,-0.16505769061347822,-0.8354093185500598,0.14617633655117152,0.2571034069235207,-5.7141839591824475,0.03316929506906786,-2.851485002736517,-0.3901992821458213
discharge,2010-06-22 16:55:44.609000,-1.0539982895601272,B0041,69,3065,03065.csv,0.0471681699068244,-1.0075238200066639,0.8505741209691349,-0.627131510390725,84.80396113221846,38,-0.2099897483871525,-0.826760948956272,0.14617633655117152,0.2571034069235207,-0.030333213381682968,0.03280822700356797,-2.851262257539246,-0.39056392008040847
discharge,2010-06-22 20:15:09.718000,-1.0539982895601272,B0041,71,3067,03067.csv,0.0474166233958466,-1.0075238200066639,0.8505741209691349,-0.6047196033354919,85.25065728489565,37,-0.2101183777565494,-0.8181214584971563,0.14617633655117152,0.2571034069235207,-0.030333213381682968,0.033285309297449,-2.8509241977889093,-0.3905017761465806
discharge,2010-06-22 23:34:40.078000,-1.0539982895601272,B0041,73,3069,03069.csv,0.0474736581861432,-1.0075238200066639,0.8505741209691349,-0.5823076962802588,85.35320050734951,36,-0.21006345112251648,-0.8094781765168433,0.14617633655117152,0.2571034069235207,-0.030333213381682968,0.03290880480439675,-2.8506553086977022,-0.3906730609473685
discharge,2010-06-23 02:54:02.359000,-1.0539982895601272,B0041,75,3071,03071.csv,0.047671071688296,-1.0075238200066639,0.8505741209691349,-0.5598957892250257,85.7081315338577,35,-0.2101479592688414,-0.8008407280348644,0.14617633655117152,0.2571034069235207,-0.030333213381682968,0.032617705179479664,-2.850325428411055,-0.39017470814636934
discharge,2010-06-23 07:24:51.045999,-1.0539982895601272,B0041,79,3075,03075.csv,0.0477561486679362,-1.0724331790151425,1.054819051516621,-0.5374838821697926,85.86109199191459,34,-0.16531119415292625,-0.789108250186061,0.14617633655117152,0.38681601385623066,1.6734940966275091,0.033172250408185514,-2.8500405969020095,-0.39022092088197985
discharge,2010-06-23 10:44:16.390000,-1.0539982895601272,B0041,81,3077,03077.csv,0.0478336905290522,-1.0724331790151425,1.054819051516621,-0.5150719751145595,86.00050501110087,33,-0.21011591959354725,-0.7804685900428332,0.14617633655117152,0.38681601385623066,-0.030333213381682968,0.03316783955495437,-2.849791546992683,-0.39065597136117597
discharge,2010-06-23 14:03:18.140000,-1.0539982895601272,B0041,83,3079,03079.csv,0.0479228171589379,-1.0724331790151425,1.054819051516621,-0.49266006805932633,86.16074636181689,32,-0.2103627181192185,-0.7718459661126922,0.14617633655117152,0.38681601385623066,-0.030333213381682968,0.032421995310426305,-2.849557512633787,-0.3907245519587076
discharge,2010-06-23 17:19:43.093000,-1.0539982895601272,B0041,85,3081,03081.csv,0.0481080249716144,-1.0724331790151425,1.054819051516621,-0.4702481610040932,86.4937326993964,31,-0.21200284979632056,-0.7633365585507028,0.14617633655117152,0.38681601385623066,-0.030333213381682968,0.03302200155898929,-2.8492601814295853,-0.39075707268980553
discharge,2010-06-23 20:32:31.952999,-1.0539982895601272,B0041,87,3083,03083.csv,0.0480878273582587,-1.0724331790151425,1.054819051516621,-0.4478362539488601,86.45741927826168,30,-0.21426323090144467,-0.7549831824482196,0.14617633655117152,0.38681601385623066,-0.030333213381682968,0.03200331582748752,-2.849077370831846,-0.39087075598227955
discharge,2010-06-23 23:10:05.078000,-1.0539982895601272,B0041,91,3087,03087.csv,0.0484226192632661,-0.9700245113563335,0.8330962909556157,-0.425424346893627,87.05934383364963,29,-0.23639429202234136,-0.7481574875669638,-6.841052550594827,0.2582700607118462,-1.6555682279091009,0.033172286589023214,-2.8487000603898287,-0.39026358687504703
discharge,2010-06-24 00:22:53.234000,-1.0539982895601272,B0041,93,3089,03089.csv,0.0479864952546282,-0.9700245113563335,0.8330962909556157,-0.4030124398383939,86.27523362648205,28,-0.28958420468407625,-0.7450034300413759,-6.841052550594827,0.2582700607118462,-0.030333213381682968,0.03076770311425433,-2.848781270320994,-0.3905448918739289
discharge,2010-06-24 01:18:04.437000,-1.0539982895601272,B0041,95,3091,03091.csv,0.0482217520049512,-0.9700245113563335,0.8330962909556157,-0.38060053278316075,86.69820327635175,27,-0.3006401693805184,-0.7426125528060163,-6.841052550594827,0.2582700607118462,-0.030333213381682968,0.03145177050798224,-2.848655916059581,-0.39076964506683737
discharge,2010-06-24 02:17:42.484000,-1.0539982895601272,B0041,97,3093,03093.csv,0.0478773156676534,-0.9700245113563335,0.8330962909556157,-0.35818862572792765,86.07893893307902,26,-0.29784892147880715,-0.7400289989981264,-6.841052550594827,0.2582700607118462,-0.030333213381682968,0.02897238917173273,-2.8488351416899484,-0.39037980678514494
discharge,2010-06-24 03:12:12.500000,-1.0539982895601272,B0041,99,3095,03095.csv,0.0482903205557941,-0.9700245113563335,0.8330962909556157,-0.33577671867269454,86.82148312231696,25,-0.30107099460922054,-0.7376678611235649,-6.841052550594827,0.2582700607118462,-0.030333213381682968,0.031000305834418217,-2.848639514449678,-0.39028121187290316
discharge,2010-06-25 18:45:05.405999,-1.0539982895601272,B0041,103,3099,03099.csv,1.2156494086360898,-1.045399540287419,1.402072649714463,-0.31336481161746144,110.0,24,1.1539763357848654,-0.6348665107125538,0.14617633655117152,0.6601081807356649,5.246124825172735,5.494098990162609,-1.9578472833529692,4.069535896344638
discharge,2010-06-26 00:33:10.327999,-1.0539982895601272,B0041,107,3103,03103.csv,1.1476416320946563,-1.083668397936903,1.0456592783247043,-0.29095290456222833,110.0,23,-0.11681513946036619,-0.619786407024541,0.14617633655117152,0.37556677015096235,-3.3646267089997877,5.177781148914898,-1.4158737969710165,4.916947891070641
discharge,2010-06-26 05:11:06.264999,-1.0539982895601272,B0041,109,3105,03105.csv,1.1194574527298191,-1.083668397936903,1.0456592783247043,-0.26854099750699517,110.0,22,-0.1608420636167426,-0.6077454303306961,0.14617633655117152,0.37556677015096235,-0.030333213381682968,5.044743486752326,-1.076061867366607,4.824730509294495
discharge,2010-06-26 09:48:28.984000,-1.0539982895601272,B0041,111,3107,03107.csv,1.0841325641850128,-1.083668397936903,1.0456592783247043,-0.2461290904517621,110.0,21,-0.1611895313132537,-0.5957284389248606,0.14617633655117152,0.37556677015096235,-0.030333213381682968,4.880992258043254,-0.8764724671436409,3.806562833512234
discharge,2010-06-26 14:25:15.640000,-1.0539982895601272,B0041,113,3109,03109.csv,1.0607784232892656,-1.083668397936903,1.0456592783247043,-0.22371718339652896,110.0,20,-0.16156675836677808,-0.5837374870605845,0.14617633655117152,0.37556677015096235,-0.030333213381682968,4.769732995243217,-0.7612314128753288,0.12323828023672283
discharge,2010-06-26 19:01:10.906000,-1.0539982895601272,B0041,115,3111,03111.csv,1.0170312865626592,-1.083668397936903,1.0456592783247043,-0.20130527634129586,110.0,19,-0.16210430925669483,-0.5717836417044642,0.14617633655117152,0.37556677015096235,-0.030333213381682968,-0.8997229406857137,-0.7177818655821409,0.04173886684526386
discharge,2010-06-27 00:48:32.265000,-1.0539982895601272,B0041,119,3115,03115.csv,1.0000374999808574,-1.0594344440116703,1.1736084661459503,-0.17889336928606273,110.0,18,-0.11727081818030086,-0.5567349929846317,0.14617633655117152,0.48174486015423307,1.316476458977349,-0.6609151777760922,-0.7017812769924172,0.02404362601440412
discharge,2010-06-27 05:23:33.859000,-1.0539982895601272,B0041,121,3117,03117.csv,0.991506494786248,-1.0594344440116703,1.1736084661459503,-0.15648146223082962,110.0,17,-0.16266573037682733,-0.5448199018706935,0.14617633655117152,0.48174486015423307,-0.030333213381682968,-0.5689143254338397,-0.6976231324820199,-0.049781094607056715
discharge,2010-06-27 09:58:20.952999,-1.0539982895601272,B0041,123,3119,03119.csv,0.9655644425371016,-1.0594344440116703,1.1736084661459503,-0.13406955517559652,110.0,16,-0.16281740362923722,-0.5329152805836743,0.14617633655117152,0.48174486015423307,-0.030333213381682968,-0.5249911947928754,-0.7146440848475442,-0.09013577989328672
discharge,2010-06-27 14:32:41.170999,-1.0539982895601272,B0041,125,3121,03121.csv,0.9383311962439672,-1.0594344440116703,1.1736084661459503,-0.11165764812036338,110.0,15,-0.1630985325877866,-0.5210300652993033,0.14617633655117152,0.48174486015423307,-0.030333213381682968,-0.5431501445784876,-0.7467695794957929,-0.12816702804556473
discharge,2010-06-27 19:06:37.984000,-1.0539982895601272,B0041,127,3123,03123.csv,0.9298903389240268,-1.0594344440116703,1.1736084661459503,-0.08924574106513028,110.0,14,-0.16334335411028028,-0.509161749757806,0.14617633655117152,0.48174486015423307,-0.030333213381682968,-0.37787364673074275,-0.7746267102106154,-0.1262504190378129
discharge,2010-06-28 00:51:57.734000,-1.0539982895601272,B0041,131,3127,03127.csv,0.9072117399448598,-0.9838653065334222,1.3225125478769095,-0.06683383400989716,110.0,13,-0.11854287550997364,-0.4942009096651447,0.14617633655117152,0.6235005156534706,1.7140799208634974,-0.4044855101088075,-0.8105012572811084,-0.11283395385577281
discharge,2010-06-28 05:24:57.140000,-1.0539982895601272,B0041,133,3129,03129.csv,0.9176870676937324,-0.9838653065334222,1.3225125478769095,-0.04442192695466404,110.0,12,-0.16394384417595453,-0.4823740452493686,0.14617633655117152,0.6235005156534706,-0.030333213381682968,-0.31551266452389887,-0.8264252445856406,-0.20159409971393408
discharge,2010-06-28 09:57:41.468000,-1.0539982895601272,B0041,135,3131,03131.csv,0.9157430721963028,-0.9838653065334222,1.3225125478769095,-0.022010019899430928,110.0,11,-0.16410156342713503,-0.4705580680087232,0.14617633655117152,0.6235005156534706,-0.030333213381682968,-0.20317245644390786,-0.8385244494466361,-0.2870886144254486
discharge,2010-06-28 14:29:46.170999,-1.0539982895601272,B0041,137,3133,03133.csv,0.9111662690050432,-0.9838653065334222,1.3225125478769095,0.00040188715580218915,110.0,10,-0.1645160497970611,-0.4587707022765967,0.14617633655117152,0.6235005156534706,-0.030333213381682968,-0.09711263840322379,-0.8500825568027208,-0.31869977213453166
discharge,2010-06-28 19:01:09.577999,-1.0539982895601272,B0041,139,3135,03135.csv,0.8968901443572698,-0.9838653065334222,1.3225125478769095,0.022813794211035306,110.0,9,-0.16494801517967347,-0.4470131546087569,0.14617633655117152,0.6235005156534706,-0.030333213381682968,-0.12442881456670583,-0.8686802391476492,-0.3216317466981025
discharge,2010-06-29 00:44:00.078000,-1.0539982895601272,B0041,143,3139,03139.csv,0.8862133472800153,-0.9486845634602774,1.0785757432088015,0.04522570126626842,110.0,8,-0.12010406386923654,-0.43216008151950386,0.14617633655117152,0.45232099839350604,-2.0560917164404002,-0.06824572703820253,-0.8892247868260711,-0.27662445613818426
discharge,2010-06-29 05:14:48.968000,-1.0539982895601272,B0041,145,3141,03141.csv,0.8931124136187014,-0.9486845634602774,1.0785757432088015,0.06763760832150154,110.0,7,-0.16530907071707873,-0.4204274570924116,0.14617633655117152,0.45232099839350604,-0.030333213381682968,-0.08498699718042167,-0.8976573603700644,-0.2859993759295721
discharge,2010-06-29 09:44:58.609000,-1.0539982895601272,B0041,147,3143,03143.csv,0.880898507091054,-0.9486845634602774,1.0785757432088015,0.09004951537673465,110.0,6,-0.1657196240324775,-0.40872317267969194,0.14617633655117152,0.45232099839350604,-0.030333213381682968,-0.13306272072895978,-0.9125979396805468,-0.2933208096887021
discharge,2010-06-29 14:14:43.545999,-1.0539982895601272,B0041,149,3145,03145.csv,0.8798879382023741,-0.9486845634602774,1.0785757432088015,0.11246142243196777,110.0,5,-0.16597803340632558,-0.3970367259633061,0.14617633655117152,0.45232099839350604,-0.030333213381682968,-0.11636838969379586,-0.9233293612336245,-0.32841724786937465
discharge,2010-06-29 18:44:01.530999,-1.0539982895601272,B0041,151,3147,03147.csv,0.8682347537115443,-0.9486845634602774,1.0785757432088015,0.13487332948720088,110.0,4,-0.16625995734186724,-0.38536974012589864,0.14617633655117152,0.45232099839350604,-0.030333213381682968,-0.10408982705595501,-0.9393746909026864,-0.3138927067001139
discharge,2010-06-30 00:24:32.875000,-1.0539982895601272,B0041,155,3151,03151.csv,0.8443569490395516,-0.8961457019346782,1.019414297934898,0.157285236542434,110.0,3,-0.12155966674211556,-0.3706171455976289,0.14617633655117152,0.42770335088880235,-0.33579947841610397,-0.165886661499742,-0.9682896638100877,-0.23480176540850534
discharge,2010-06-30 04:53:18.500000,-1.0539982895601272,B0041,157,3153,03153.csv,0.8657093203148538,-0.8961457019346782,1.019414297934898,0.1796971435976671,110.0,2,-0.1665984501770045,-0.35897352552406525,0.14617633655117152,0.42770335088880235,-0.030333213381682968,-0.09822754639631327,-0.9712750598735018,-0.26603864953683437
discharge,2010-06-30 09:21:28.343000,-1.0539982895601272,B0041,159,3155,03155.csv,0.848696904019178,-0.8961457019346782,1.019414297934898,0.20210905065290022,110.0,1,-0.16697273789724193,-0.3473557420933276,0.14617633655117152,0.42770335088880235,-0.030333213381682968,-0.12069043126200642,-0.9862453141304903,-0.2669757734231042
discharge,2010-06-30 13:49:07.171000,-1.0539982895601272,B0041,161,3157,03157.csv,0.8364948433646345,-0.8961457019346782,1.019414297934898,0.22452095770813335,110.0,0,-0.16729716173166043,-0.33576035325979664,0.14617633655117152,0.42770335088880235,-0.030333213381682968,-0.17308027793626582,-1.0055353091850656,-0.2744989148297304
discharge,2010-06-03 20:31:02.968000,0.4489898954864526,B0043,2,739,00739.csv,1.713782642126885,-0.44809157329692706,-0.4794531759950635,-1.2546649079372523,100.0,5,-0.3352760930883402,-1.2173607181576145,-6.841052550594827,-0.5350652726421884,-0.030333213381682968,0.030052390418546782,0.9639216859601518,-0.3921908713000117
discharge,2010-06-04 00:29:30.920999,0.4489898954864526,B0043,4,741,00741.csv,1.6955681658647108,-0.44809157329692706,-0.4794531759950635,-1.2322530008820192,98.93717698998462,4,-0.18561170570754124,-1.2070295608380834,0.14617633655117152,-0.5350652726421884,-0.030333213381682968,0.030052390418546782,0.9500245581483187,-0.2821352753286375
discharge,2010-06-04 04:26:46.875000,0.4489898954864526,B0043,6,743,00743.csv,1.6814906372051954,-0.44809157329692706,-0.4794531759950635,-1.209841093826786,98.11574676228406,3,-0.1863648313243541,-1.1967503908975463,0.14617633655117152,-0.5350652726421884,-0.030333213381682968,0.030052390418546782,0.9300190519286975,-0.253846918680514
discharge,2010-06-04 08:23:18.500000,0.4489898954864526,B0043,8,745,00745.csv,1.6786372409532953,-0.44809157329692706,-0.4794531759950635,-1.187429186771553,97.94924978759427,2,-0.18682852258601337,-1.1865032290215576,0.14617633655117152,-0.5350652726421884,-0.030333213381682968,0.030052390418546782,0.9145049875231964,-0.2547896006507099
discharge,2010-06-04 12:19:17.125000,0.4489898954864526,B0043,10,747,00747.csv,1.6694168550864992,-0.44809157329692706,-0.4794531759950635,-1.1650172797163199,97.41123606052365,1,-0.18717370996424362,-1.1762798950258793,0.14617633655117152,-0.5350652726421884,-0.030333213381682968,0.030052390418546782,0.897127385506433,-0.24436390448275036
discharge,2010-06-04 17:26:07.750000,0.4489898954864526,B0043,14,751,00751.csv,0.0,-0.7769098417255459,-0.6286266695832373,-1.1426053726610867,0.0,0,-0.1426968392904558,-1.162986374755077,0.14617633655117152,-0.7742703791763381,-4.152358928564654,-7.992542964375686,-0.38817530536858624,6.0331891077862725
discharge,2010-06-04 21:08:00.437000,0.4489898954864526,B0043,16,753,00753.csv,1.6611938521224778,-0.7769098417255459,-0.6286266695832373,-1.1201934656058536,96.93142008142048,0,-0.19602241058137498,-1.1533738561961828,0.14617633655117152,-0.7742703791763381,-0.030333213381682968,-0.13086137015638405,0.022399939312347593,6.000214573668988
discharge,2010-06-05 01:02:33.453000,0.4489898954864526,B0043,18,755,00755.csv,1.6506423382064332,-0.7769098417255459,-0.6286266695832373,-1.0977815585506205,96.31573442463558,0,-0.18806919924493792,-1.143212336776428,0.14617633655117152,-0.7742703791763381,-0.030333213381682968,-0.11435531576736399,0.2880662638098343,5.970989580955306
discharge,2010-06-05 04:56:47.468000,0.4489898954864526,B0043,20,757,00757.csv,1.6424273190907783,-0.7769098417255459,-0.6286266695832373,-1.0753696514953874,95.83638430673149,0,-0.1882679539532335,-1.133064537161333,0.14617633655117152,-0.7742703791763381,-0.030333213381682968,-0.13945425750220078,0.45890932065803214,5.936390562337152
discharge,2010-06-05 08:50:47.750000,0.4489898954864526,B0043,22,759,00759.csv,1.6353664801041328,-0.7769098417255459,-0.6286266695832373,-1.0529577444401543,95.42438112656842,0,-0.18841160420369518,-1.122926653554732,0.14617633655117152,-0.7742703791763381,-0.030333213381682968,-0.12934494121944595,0.5674174723816917,5.90379158784941
discharge,2010-06-05 13:56:03.920999,0.4489898954864526,B0043,26,763,00763.csv,1.633232875930849,-0.7649903766345431,-0.6495943753783336,-1.0305458373849212,95.29988434845681,0,-0.14368484925919964,-1.1097013344545554,0.14617633655117152,-0.7855684070498163,-0.24526481687395038,7.67557648528212,0.6381283608410017,-0.29373333779325456
discharge,2010-06-05 17:49:52.625000,0.4489898954864526,B0043,28,765,00765.csv,1.6258840554387932,-0.7649903766345431,-0.6495943753783336,-1.0081339303296881,94.87107731590714,0,-0.18853271266187588,-1.0995718108229364,0.14617633655117152,-0.7855684070498163,-0.030333213381682968,-0.13524057258036531,0.67966201193329,-0.3117263298467726
discharge,2010-06-05 21:43:27.734000,0.4489898954864526,B0043,30,767,00767.csv,1.617976174654771,-0.7649903766345431,-0.6495943753783336,-0.9857220232744549,94.40964885995031,0,-0.18867491941194334,-1.0894521035566702,0.14617633655117152,-0.7855684070498163,-0.030333213381682968,-0.12286514155229676,0.7013176243308558,-0.31221140176141593
discharge,2010-06-06 01:36:58.155999,0.4489898954864526,B0043,32,769,00769.csv,1.6136652707273988,-0.7649903766345431,-0.6495943753783336,-0.9633101162192218,94.15810564662765,0,-0.18872394649033586,-1.079335780572187,0.14617633655117152,-0.7855684070498163,-0.030333213381682968,-0.10458911540744775,0.7124656020631239,-0.31185194082299234
discharge,2010-06-06 05:30:11.906000,0.4489898954864526,B0043,34,771,00771.csv,1.605821026619692,-0.7649903766345431,-0.6495943753783336,-0.9408982091639887,93.70039041980216,0,-0.18889833931698677,-1.0692314957202154,0.14617633655117152,-0.7855684070498163,-0.030333213381682968,-0.1082564079395677,0.7139126518630938,-0.3012904265054173
discharge,2010-06-06 10:34:53.030999,0.4489898954864526,B0043,38,775,00775.csv,1.6033527961961531,-0.6937440443815734,-0.6084332441960656,-0.9184863021087556,93.55636804713559,0,-0.14405143825488015,-1.0560314818289285,0.14617633655117152,-0.7270466539287767,1.08846792248591,-0.1098228673813302,0.7129941620529554,-0.3139644494824935
discharge,2010-06-06 14:28:10.545999,0.4489898954864526,B0043,40,777,00777.csv,1.5951342406182645,-0.6937440443815734,-0.6084332441960656,-0.8960743950535225,93.07681157504477,0,-0.188858956585658,-1.0459244784331525,0.14617633655117152,-0.7270466539287767,-0.030333213381682968,-0.11389428956054247,0.7061113111425432,-0.3157372503773381
discharge,2010-06-06 18:21:14.170999,0.4489898954864526,B0043,42,779,00779.csv,1.5878135544728509,-0.6937440443815734,-0.6084332441960656,-0.8736624879982893,92.64964619447304,0,-0.18900424909122218,-1.035827504408816,0.14617633655117152,-0.7270466539287767,-0.030333213381682968,-0.11114550166628787,0.6959372683620486,-0.3070244277643506
discharge,2010-06-06 22:14:08.156000,0.4489898954864526,B0043,44,781,00781.csv,1.5800601969084245,-0.6937440443815734,-0.6084332441960656,-0.8512505809430562,92.19723423896366,0,-0.18910508563609954,-1.0257374910130364,0.14617633655117152,-0.7270466539287767,-0.030333213381682968,-0.12726038804619186,0.6832389816701,-0.30054274108888124
discharge,2010-06-07 02:06:57.640000,0.4489898954864526,B0043,46,783,00783.csv,1.575565087879128,-0.6937440443815734,-0.6084332441960656,-0.8288386738878231,91.93494257380141,0,-0.1891521671129056,-1.0156507275964415,0.14617633655117152,-0.7270466539287767,-0.030333213381682968,-0.11158234646602443,0.6713438167508983,-0.29631512964378814
discharge,2010-06-07 13:57:40.859000,0.4489898954864526,B0043,50,787,00787.csv,1.5950169012164208,-0.8135803894576552,-0.6547562562847018,-0.80642676683259,93.0699647673482,0,0.11078151193917869,-0.9848598937062961,0.14617633655117152,-0.8081346975249796,-1.5419109660046113,-0.008969776511243862,0.6782548876451739,-0.3170122816248561
discharge,2010-06-07 19:02:43.280999,0.4489898954864526,B0043,54,791,00791.csv,1.5898075522577595,-0.8591021653100541,-0.7363170046526181,-0.7840148597773569,92.7659968760527,0,-0.14382866687323867,-0.9716445021675254,0.14617633655117152,-0.8873656667160101,-1.5601257575398755,0.005116984815191479,0.678887683012942,-0.32563654587822355
discharge,2010-06-07 22:55:54.203000,0.4489898954864526,B0043,56,793,00793.csv,1.5807953202097411,-0.8591021653100541,-0.7363170046526181,-0.7616029527221237,92.24012901938951,0,-0.1889279208292787,-0.9615422592926904,0.14617633655117152,-0.8873656667160101,-0.030333213381682968,-0.002801515446788436,0.6724334696272594,-0.32440370104107746
discharge,2010-06-08 02:49:01.155999,0.4489898954864526,B0043,58,795,00795.csv,1.5704333289187615,-0.8591021653100541,-0.7363170046526181,-0.7391910456668906,91.63550209434842,0,-0.18896943747759906,-0.9514428822634498,0.14617633655117152,-0.8873656667160101,-0.030333213381682968,-0.015013106521740885,0.6602247557911839,-0.30604747412730604
discharge,2010-06-08 06:41:51.625000,0.4489898954864526,B0043,60,797,00797.csv,1.5643368431897875,-0.8591021653100541,-0.7363170046526181,-0.7167791386116575,91.27976936727354,0,-0.18914186378221642,-0.9413554076200085,0.14617633655117152,-0.8873656667160101,-0.030333213381682968,-0.022509504814213703,0.6474341678582057,-0.2824992066208684
discharge,2010-06-08 10:34:18.500000,0.4489898954864526,B0043,62,799,00799.csv,1.558307017802491,-0.8591021653100541,-0.7363170046526181,-0.6943672315564244,90.92792630158505,0,-0.18938866230788767,-0.931284969189654,0.14617633655117152,-0.8873656667160101,-0.030333213381682968,-0.1417946880336733,0.634306523807128,-0.28406796763560455
discharge,2010-06-08 15:38:09.593000,0.4489898954864526,B0043,66,803,00803.csv,1.5537149289772467,-0.6944400077394602,-0.6693509827753191,-0.6719553245011913,90.65997582103022,0,-0.14457478415071134,-0.9181210812524232,0.14617633655117152,-0.7734357324456304,2.249098385876772,-0.13890515691267527,0.622051127819943,-0.3015313331040949
discharge,2010-06-08 19:30:45.250000,0.4489898954864526,B0043,68,805,00805.csv,1.549528250585513,-0.6944400077394602,-0.6693509827753191,-0.6495434174459581,90.41568122445653,0,-0.1892968006243841,-0.9080443017176784,0.14617633655117152,-0.7734357324456304,-0.030333213381682968,-0.11631567362839218,0.6106865471827865,-0.3210850731236
discharge,2010-06-08 23:23:11.561999,0.4489898954864526,B0043,70,807,00807.csv,1.5424430535161062,-0.6944400077394602,-0.6693509827753191,-0.627131510390725,90.00225673903792,0,-0.18939455142422498,-0.8979742698061252,0.14617633655117152,-0.7734357324456304,-0.030333213381682968,-0.10097627558898778,0.5977043560578806,-0.3208923639857566
discharge,2010-06-09 03:15:28.280999,0.4489898954864526,B0043,72,809,00809.csv,1.54256227031715,-0.6944400077394602,-0.6693509827753191,-0.6047196033354919,90.00921309383538,0,-0.18949489633859393,-0.8879111645864505,0.14617633655117152,-0.7734357324456304,-0.030333213381682968,-0.07187919815435033,0.5891405210061834,-0.3328226860106801
discharge,2010-06-09 07:07:20.405999,0.4489898954864526,B0043,74,811,00811.csv,1.5309356452520158,-0.6944400077394602,-0.6693509827753191,-0.5823076962802588,89.33079421040539,0,-0.1897521550773877,-0.8778658176361198,0.14617633655117152,-0.7734357324456304,-0.030333213381682968,-0.09807905453836073,0.5745605130918108,-0.3181921404232214
discharge,2010-06-09 12:10:47.420999,0.4489898954864526,B0043,78,815,00815.csv,1.5247733176952427,-0.7469245412300548,-0.6455185844815784,-0.5598957892250257,88.9712195826028,0,-0.1448266454141364,-0.8647193153868316,0.14617633655117152,-0.7755454334045576,-0.07045322157580763,-0.10542968911932912,0.5601388269962957,-0.30692360074671643
discharge,2010-06-09 16:02:47.125000,0.4489898954864526,B0043,80,817,00817.csv,1.5196742408779502,-0.7469245412300548,-0.6455185844815784,-0.5374838821697926,88.67368612112695,0,-0.18967287703239394,-0.8546684959659342,0.14617633655117152,-0.7755454334045576,-0.030333213381682968,-0.10970082782191588,0.5466339188812803,-0.30402116289484943
discharge,2010-06-09 19:54:38.390000,0.4489898954864526,B0043,82,819,00819.csv,1.5123696925788683,-0.7469245412300548,-0.6455185844815784,-0.5150719751145595,88.24746239126021,0,-0.18976115086966883,-0.8446237699846054,0.14617633655117152,-0.7755454334045576,-0.030333213381682968,-0.11072765941245868,0.5320574840159005,-0.2942069876334423
discharge,2010-06-09 23:46:17.077999,0.4489898954864526,B0043,84,821,00821.csv,1.499914486202397,-0.7469245412300548,-0.6455185844815784,-0.49266006805932633,87.52069540982936,0,-0.18989270911212913,-0.8345881253146249,0.14617633655117152,-0.7755454334045576,-0.030333213381682968,-0.1695913137017526,0.5128368922298672,-0.28985531094304806
discharge,2010-06-10 03:37:32.500000,0.4489898954864526,B0043,86,823,00823.csv,1.492410627118825,-0.7469245412300548,-0.6455185844815784,-0.4702481610040932,87.08284180464526,0,-0.19013607665308457,-0.8245692800208757,0.14617633655117152,-0.7755454334045576,-0.030333213381682968,-0.15029173486394978,0.4942979331187893,-0.2768801919426472
discharge,2010-06-10 08:40:12.436999,0.4489898954864526,B0043,90,827,00827.csv,1.492624987952706,-0.7576149415871345,-0.6360215822834503,-0.4478362539488601,87.09534985721923,0,-0.1453190918304246,-0.8114567707707716,0.14617633655117152,-0.7724601160742164,0.02839384243567867,-0.12044104703206585,0.4821021782697854,-0.28803315301360016
discharge,2010-06-10 12:31:31.375000,0.4489898954864526,B0043,92,829,00829.csv,1.4924024018806028,-0.7576149415871345,-0.6360215822834503,-0.425424346893627,87.08236185823782,0,-0.1900992985069677,-0.8014353867246841,0.14617633655117152,-0.7724601160742164,-0.030333213381682968,-0.09761311597570971,0.4738018481890295,-0.3179918538776618
discharge,2010-06-10 16:22:38.905999,0.4489898954864526,B0043,94,831,00831.csv,1.4853020201751674,-0.7576149415871345,-0.6360215822834503,-0.4030124398383939,86.6680513423708,0,-0.1902186182982964,-0.7914222391840012,0.14617633655117152,-0.7724601160742164,-0.030333213381682968,-0.09665736702276198,0.4628509053225825,-0.3480344074633161
discharge,2010-06-10 20:13:46.030999,0.4489898954864526,B0043,96,833,00833.csv,1.477208127101587,-0.7576149415871345,-0.6360215822834503,-0.38060053278316075,86.19576898435045,0,-0.19022286513861078,-0.7814093847977299,0.14617633655117152,-0.7724601160742164,-0.030333213381682968,-0.07624109544636606,0.44937486632305174,-0.33424106090545497
discharge,2010-06-11 00:04:38.655999,0.4489898954864526,B0043,98,835,00835.csv,1.4694738525181406,-0.7576149415871345,-0.6360215822834503,-0.35818862572792765,85.74447052949809,0,-0.1903745383805604,-0.7714070002376555,0.14617633655117152,-0.7724601160742164,-0.030333213381682968,-0.07731972133131089,0.4344898085906441,-0.30652376680760635
discharge,2010-06-11 12:17:20.515000,-1.0539982895601272,B0043,102,839,00839.csv,0.0570343910426537,-0.6693309107796974,-0.5835179872366599,-0.33577671867269454,3.3279827698494677,0,0.12457478117477615,-0.7396640331318705,0.14617633655117152,-0.6988084658136754,1.3697006420460873,-6.690264510366215,-0.6530847369495996,5.050253214539435
discharge,2010-06-11 16:49:19.670999,-1.0539982895601272,B0043,106,843,00843.csv,0.0571536334895882,-0.5011338691014166,1.4132685744346831,-0.31336481161746144,3.3349406210963752,0,-0.1645740726572745,-0.727880672649807,0.14617633655117152,0.8775781098473423,29.006173356204865,-6.688664335512323,-1.3780434553777696,6.2550621294373405
discharge,2010-06-11 20:08:56.890000,-1.0539982895601272,B0043,108,845,00845.csv,0.0572936600593766,-0.5011338691014166,1.4132685744346831,-0.29095290456222833,3.3431112354057024,0,-0.2099917044385023,-0.7192324380799524,0.14617633655117152,0.8775781098473423,-0.030333213381682968,-6.654770383987913,-1.861242431369414,6.235959564195463
discharge,2010-06-11 23:28:14.920999,-1.0539982895601272,B0043,110,847,00847.csv,0.0574420318527805,-0.5011338691014166,1.4132685744346831,-0.26854099750699517,3.351768797324976,0,-0.2101924152295282,-0.7105980583408568,0.14617633655117152,0.8775781098473423,-0.030333213381682968,-6.616186520311485,-2.1832618785682243,5.004590905635887
discharge,2010-06-16 10:39:50.390000,-1.0539982895601272,B0043,112,849,00849.csv,0.0671306210772112,-0.5011338691014166,1.4132685744346831,-0.2461290904517621,3.917102404182303,0,3.701276792226374,-0.4319595417464712,0.14617633655117152,0.8775781098473423,-0.030333213381682968,-6.534626243753416,-2.3905493917634297,-0.35433747758419754
discharge,2010-06-16 14:46:51.593000,-1.0539982895601272,B0043,115,852,00852.csv,0.0671478192023473,-0.3292194927784114,1.3705059756273976,-0.22371718339652896,3.918105922639857,0,-0.18024299594324245,-0.4212577886816961,0.14617633655117152,0.9112154668481588,0.3421466369699999,0.07739558306187383,-2.528727945546117,-0.34611572393466655
discharge,2010-06-16 18:07:22.875000,-1.0539982895601272,B0043,117,854,00854.csv,0.0673200121169029,-0.3292194927784114,1.3705059756273976,-0.20130527634129586,3.9281534578594868,0,-0.20942619338140908,-0.41257051754610247,0.14617633655117152,0.9112154668481588,-0.030333213381682968,0.07764345590474729,-2.62071560310041,-0.34616959892592775
discharge,2010-06-16 21:27:32.859000,-1.0539982895601272,B0043,119,856,00856.csv,0.0678403805161331,-0.3292194927784114,1.3705059756273976,-0.17889336928606273,3.958517191651562,0,-0.2096489752232742,-0.4038986247800498,0.14617633655117152,0.9112154668481588,-0.030333213381682968,0.0794239200774541,-2.6816436818345992,-0.35421181850908917
discharge,2010-06-17 00:47:36.280999,-1.0539982895601272,B0043,121,858,00858.csv,0.0679960492721063,-0.3292194927784114,1.3705059756273976,-0.15648146223082962,3.9676005346699044,0,-0.20971761522088433,-0.3952314701526159,0.14617633655117152,0.9112154668481588,-0.030333213381682968,0.07945807877212957,-2.722143630153347,-0.3887358514931556
discharge,2010-06-17 03:38:47.795999,-1.0539982895601272,B0043,123,860,00860.csv,0.0682801114788655,-0.3292194927784114,1.3705059756273976,-0.13406955517559652,3.984175694189939,0,-0.22783374965492736,-0.38781485106095825,-6.841052550594827,0.9112154668481588,-0.030333213381682968,0.03543340906700707,-2.748926864307234,-0.3881562529674037
discharge,2010-06-17 08:10:30.890000,-1.0539982895601272,B0043,127,864,00864.csv,0.0684463294312597,-0.535363734438719,1.2764893570454998,-0.11165764812036338,3.9938745876381723,0,-0.16474208474753996,-0.376043088256649,0.14617633655117152,0.7608763138887431,-1.681050457847011,0.03613100381709121,-2.7666555341686743,-0.38845933499100804
discharge,2010-06-17 11:30:34.545999,-1.0539982895601272,B0043,129,866,00866.csv,0.0685136191478808,-0.535363734438719,1.2764893570454998,-0.08924574106513028,3.9978009733400133,0,-0.20971516752856595,-0.36737576466788197,0.14617633655117152,0.7608763138887431,-0.030333213381682968,0.035639928760217106,-2.7784233072679325,-0.38971723611465153
discharge,2010-06-17 14:50:30.920999,-1.0539982895601272,B0043,131,868,00868.csv,0.0688740243561668,-0.535363734438719,1.2764893570454998,-0.06683383400989716,4.01883078187155,0,-0.2097913284060116,-0.3587136983752578,0.14617633655117152,0.7608763138887431,-0.030333213381682968,0.03489110570584518,-2.7859935104013323,-0.38943891935739905
discharge,2010-06-17 18:10:06.217999,-1.0539982895601272,B0043,133,870,00870.csv,0.0565443893216957,-0.535363734438719,1.2764893570454998,-0.04442192695466404,3.2993909456056487,0,-0.21001180899868852,-0.350066851599639,0.14617633655117152,0.7608763138887431,-0.030333213381682968,-0.02355536103401182,-2.800447473666957,-0.34635693648714694
discharge,2010-06-17 21:29:54.875000,-1.0539982895601272,B0043,135,872,00872.csv,0.0691835316418984,-0.535363734438719,1.2764893570454998,-0.022010019899430928,4.0368906733725805,0,-0.20987206040116296,-0.34141035814205745,0.14617633655117152,0.7608763138887431,-0.030333213381682968,0.03428149988973411,-2.800440142736519,-0.3454626356906687
discharge,2010-06-18 02:01:11.045999,-1.0539982895601272,B0043,139,876,00876.csv,0.0591220864554366,-0.39813787405030365,0.9649779960382238,0.00040188715580218915,3.4498007508153608,0,-0.1650237053679784,-0.3296580352792404,0.14617633655117152,0.577719416423948,-2.120207400878771,-0.013596451941050832,-2.808111852224313,-0.3399726869257866
discharge,2010-06-18 05:20:59.203000,-1.0539982895601272,B0043,141,878,00878.csv,0.0695612008414022,-0.39813787405030365,0.9649779960382238,0.022813794211035306,4.058927843677625,0,-0.20987729051295434,-0.3210019028501484,0.14617633655117152,0.577719416423948,-0.030333213381682968,0.03495635187878312,-2.8052615775739187,-0.3383552522048618
discharge,2010-06-18 08:40:33.875000,-1.0539982895601272,B0043,143,880,00880.csv,0.0701789780437661,-0.39813787405030365,0.9649779960382238,0.04522570126626842,4.094975425627529,0,-0.2100183466384277,-0.3123555073601416,0.14617633655117152,0.577719416423948,-0.030333213381682968,0.036161167071438516,-2.8028900480227925,-0.3362977115918837
discharge,2010-06-18 12:00:02.609000,-1.0539982895601272,B0043,145,882,00882.csv,0.0702814818386252,-0.39813787405030365,0.9649779960382238,0.06763760832150154,4.1009565688798535,0,-0.21008045944606196,-0.30371339944447656,0.14617633655117152,0.577719416423948,-0.030333213381682968,0.09435875687697061,-2.801230820839277,-0.35119974395980863
discharge,2010-06-18 15:19:35.359000,-1.0539982895601272,B0043,147,884,00884.csv,0.0578736420287837,-0.39813787405030365,0.9649779960382238,0.09004951537673465,3.376953448248244,0,-0.21003845118815373,-0.29506839174798366,0.14617633655117152,0.577719416423948,-0.030333213381682968,-0.02289170274883619,-2.80959149858166,-0.3381407756557249
discharge,2010-06-18 19:50:33.234000,-1.0539982895601272,B0043,151,888,00888.csv,0.0705661855429337,-0.13317182545878528,1.4564205794864715,0.11246142243196777,4.117569160074917,0,-0.16521508560818784,-0.2833292796389342,0.14617633655117152,1.051543452324806,5.64723506285392,0.0836247478005873,-2.8054812337088424,-0.34518471524453537
discharge,2010-06-18 23:09:59.000000,-1.0539982895601272,B0043,153,890,00890.csv,0.057989410208958,-0.13317182545878528,1.4564205794864715,0.13487332948720088,3.383708574442697,0,-0.21011150538965556,-0.27468931478838315,0.14617633655117152,1.051543452324806,-0.030333213381682968,-0.024117719309770146,-2.8123367793295255,-0.3340917744128773
discharge,2010-06-19 02:29:16.280999,-1.0539982895601272,B0043,155,892,00892.csv,0.0712926644680078,-0.13317182545878528,1.4564205794864715,0.157285236542434,4.159959537198384,0,-0.2102002603972153,-0.26605547659202183,0.14617633655117152,1.051543452324806,-0.030333213381682968,0.035265802734784586,-2.8067571380976264,-0.33228409690814675
discharge,2010-06-19 05:42:11.468000,-1.0539982895601272,B0043,157,894,00894.csv,0.0714654655766428,-0.13317182545878528,1.4564205794864715,0.1796971435976671,4.170042560820361,0,-0.21419704904591627,-0.25769753203358786,0.14617633655117152,1.051543452324806,-0.030333213381682968,0.03559487999877943,-2.8029055349407277,-0.3304525418397139
discharge,2010-06-19 08:49:37.405999,-1.0539982895601272,B0043,159,896,00896.csv,0.0716254973792324,-0.13317182545878528,1.4564205794864715,0.20210905065290022,4.17938048960175,0,-0.21764106722122853,-0.24957732401490892,0.14617633655117152,1.051543452324806,-0.030333213381682968,0.09442786496378594,-2.800215699784827,-0.3414462906573977
discharge,2010-06-21 15:19:37.905999,-1.0539982895601272,B0043,163,900,00900.csv,0.0719259635627201,-0.13306591331982776,1.3871433261023214,0.22452095770813335,4.196912828656999,0,1.7170250039559924,-0.10790938368743361,0.14617633655117152,0.9991331591532088,-0.5862265127905174,0.03641781188853621,-2.7981932291875014,-0.34022718320358364
discharge,2010-06-21 19:51:35.109000,-1.0539982895601272,B0043,167,904,00904.csv,0.0588400951113647,-0.04234309563653717,1.096694519553148,0.24693286476336646,3.43334642707907,0,-0.16459450145301116,-0.09612743338120612,0.14617633655117152,0.8140663065247645,-2.0185087420910652,0.03403463447837211,-2.8068290612408604,-0.3434754632099222
discharge,2010-06-21 23:11:45.359000,-1.0539982895601272,B0043,169,906,00906.csv,0.0721385348010396,-0.04234309563653717,1.096694519553148,0.26934477181859956,4.209316457512505,0,-0.20964619280380117,-0.087455348547997,0.14617633655117152,0.8140663065247645,-0.030333213381682968,0.0340120964149369,-2.8024399510103692,-0.34265789835681104
discharge,2010-06-22 02:31:35.686999,-1.0539982895601272,B0043,171,908,00908.csv,0.0723183571187791,-0.04234309563653717,1.096694519553148,0.29175667887383266,4.219809171892919,0,-0.20985458138847665,-0.07879764853464749,0.14617633655117152,0.8140663065247645,-0.030333213381682968,0.034044964246692365,-2.7993766782047085,-0.3418449980111324
discharge,2010-06-22 05:44:45.061999,-1.0539982895601272,B0043,173,910,00910.csv,0.0593817062666809,-0.04234309563653717,1.096694519553148,0.3141685859290658,3.4649496853921575,0,-0.21404863940418467,-0.0704294594325161,0.14617633655117152,0.8140663065247645,-0.030333213381682968,-0.02726350209319107,-2.8072047933310595,-0.3312355700582836
discharge,2010-06-22 09:04:54.280999,-1.0539982895601272,B0043,175,912,00912.csv,0.0729448848562527,-0.04234309563653717,1.096694519553148,0.33658049298429893,4.256367351563595,0,-0.209656977294315,-0.06175811904005237,0.14617633655117152,0.8140663065247645,-0.030333213381682968,0.03482218621146642,-2.8020752168913363,-0.32960579159034714
discharge,2010-06-22 13:36:07.203000,-1.0539982895601272,B0043,179,916,00916.csv,0.0730691773407958,-0.17269678240271882,1.338433144788904,0.35899240003953203,4.2636198748117495,0,-0.16505769061347822,-0.05000814213891636,0.14617633655117152,0.9470359587077436,1.4661388291457151,0.09666186946843866,-2.798560667631,-0.3414967861015072
discharge,2010-06-22 16:55:44.609000,-1.0539982895601272,B0043,181,918,00918.csv,0.0731705412812827,-0.17269678240271882,1.338433144788904,0.38140430709476514,4.269534507040788,0,-0.2099897483871525,-0.041359772545128695,0.14617633655117152,0.9470359587077436,-0.030333213381682968,0.03488344086275056,-2.7961402969845066,-0.3405466402307373
discharge,2010-06-22 20:15:09.718000,-1.0539982895601272,B0043,183,920,00920.csv,0.0734743029330489,-0.17269678240271882,1.338433144788904,0.40381621414999824,4.287259138175412,0,-0.2101183777565494,-0.03272028208601289,0.14617633655117152,0.9470359587077436,-0.030333213381682968,0.035463628280336314,-2.794294955044798,-0.339493517709262
discharge,2010-06-22 23:34:40.078000,-1.0539982895601272,B0043,185,922,00922.csv,0.0601069759183187,-0.17269678240271882,1.338433144788904,0.4262281212052314,3.5072695008582366,0,-0.21006345112251648,-0.024077000105699853,0.14617633655117152,0.9470359587077436,-0.030333213381682968,0.03344753796828597,-2.8032636177559294,-0.3422636073005111
discharge,2010-06-23 02:54:02.359000,-1.0539982895601272,B0043,187,924,00924.csv,0.0738316250995573,-0.17269678240271882,1.338433144788904,0.4486400282604645,4.308109049810937,0,-0.2101479592688414,-0.015439551623720998,0.14617633655117152,0.9470359587077436,-0.030333213381682968,0.03420341749862965,-2.7987712088995766,-0.34138101069657734
discharge,2010-06-23 07:24:51.045999,-1.0539982895601272,B0043,191,928,00928.csv,0.0604952153074282,-0.1612599440429563,1.3473917646809737,0.4710519353156976,3.529923446555089,0,-0.16531119415292625,-0.003707073774917573,0.14617633655117152,0.9582103260185143,0.09126811810684783,-0.028809105153063324,-2.8059515713706324,-0.3304096209046449
discharge,2010-06-23 10:44:16.390000,-1.0539982895601272,B0043,193,930,00930.csv,0.0606040102376181,-0.1612599440429563,1.3473917646809737,0.4934638423709307,3.536271680427669,0,-0.21011591959354725,0.004932586368310242,0.14617633655117152,0.9582103260185143,-0.030333213381682968,-0.028774319047750234,-2.810655472244414,-0.33014359150127737
discharge,2010-06-23 14:03:18.140000,-1.0539982895601272,B0043,195,932,00932.csv,0.0607343843223521,-0.1612599440429563,1.3473917646809737,0.5158757494261639,3.543879067824953,0,-0.2103627181192185,0.013555210298451236,0.14617633655117152,0.9582103260185143,-0.030333213381682968,-0.029585984573855254,-2.8136919344382805,-0.34114905226379666
discharge,2010-06-23 17:19:43.093000,-1.0539982895601272,B0043,197,934,00934.csv,0.0609965304823779,-0.1612599440429563,1.3473917646809737,0.538287656481397,3.5591754160071507,0,-0.21200284979632056,0.022064617860440665,0.14617633655117152,0.9582103260185143,-0.030333213381682968,0.03421659195614702,-2.8155162324964795,-0.3420126563450276
discharge,2010-06-23 20:32:31.952999,-1.0539982895601272,B0043,199,936,00936.csv,0.0611304592598731,-0.1612599440429563,1.3473917646809737,0.5606995635366301,3.5669902213507845,0,-0.21426323090144467,0.030417993962923832,0.14617633655117152,0.9582103260185143,-0.030333213381682968,-0.02940457428700279,-2.81663024735039,-0.389917491490842
discharge,2010-06-23 23:10:05.078000,-1.0539982895601272,B0043,203,940,00940.csv,0.0612912441098759,-0.18585866095301445,1.2377750239092495,0.5831114705918632,3.576372090792715,0,-0.23639429202234136,0.03724368884417966,-6.841052550594827,0.865771971217697,-1.0334757965212302,0.03377877719351946,-2.8172502496479175,-0.38978394772866354
discharge,2010-06-24 00:22:53.234000,-1.0539982895601272,B0043,205,942,00942.csv,0.0613032906580409,-0.18585866095301445,1.2377750239092495,0.6055233776470963,3.577075012380837,0,-0.28958420468407625,0.040397746369767486,-6.841052550594827,0.865771971217697,-0.030333213381682968,0.033325876632422896,-2.8176543933389966,-0.3901740908323874
discharge,2010-06-24 01:18:04.437000,-1.0539982895601272,B0043,207,944,00944.csv,0.0611516615740909,-0.18585866095301445,1.2377750239092495,0.6279352847023294,3.5682273860703133,0,-0.3006401693805184,0.04278862360512698,-6.841052550594827,0.865771971217697,-0.030333213381682968,0.0320057574670696,-2.8180395111487972,-0.39110705354970277
discharge,2010-06-24 02:17:42.484000,-1.0539982895601272,B0043,209,946,00946.csv,0.0614053871920573,-0.18585866095301445,1.2377750239092495,0.6503471917575625,3.58303239177696,0,-0.29784892147880715,0.045372177413016954,-6.841052550594827,0.865771971217697,-0.030333213381682968,0.03196633904844984,-2.8181026709186012,-0.39121247025827177
discharge,2010-06-24 03:12:12.500000,-1.0539982895601272,B0043,211,948,00948.csv,0.0617578076594285,-0.18585866095301445,1.2377750239092495,0.6727590988127956,3.6035962870288007,0,-0.30107099460922054,0.04773331528757837,-6.841052550594827,0.865771971217697,-0.030333213381682968,0.032989146943204206,-2.8178758906294568,-0.39023639845176084
discharge,2010-06-25 18:45:05.405999,-1.0539982895601272,B0043,215,952,00952.csv,1.5250840516518187,-0.21998183008342925,1.1737323750757866,0.6951710058680288,88.98935105090793,0,1.1539763357848654,0.15053466569858948,0.14617633655117152,0.8041812133353361,-0.7143954736127591,6.882390072864125,-1.701248360972057,5.201152193395595
discharge,2010-06-26 00:33:10.327999,-1.0539982895601272,B0043,219,956,00956.csv,1.552568811301301,-0.1420451756686829,1.089700542117488,0.7175829129232619,90.59309933110829,0,-0.11681513946036619,0.16561476938660236,0.14617633655117152,0.7704863137319319,-0.4105099409382436,7.010995915339395,-0.9358599172519133,6.522885870482579
discharge,2010-06-26 05:11:06.264999,-1.0539982895601272,B0043,221,958,00958.csv,1.5427752626774387,-0.1420451756686829,1.089700542117488,0.739994819978495,90.02164129535015,0,-0.1608420636167426,0.1776557460804474,0.14617633655117152,0.7704863137319319,-0.030333213381682968,6.965859958765462,-0.4330731540817622,6.528388817667126
discharge,2010-06-26 09:48:28.984000,-1.0539982895601272,B0043,223,960,00960.csv,1.533193283126468,-0.1420451756686829,1.089700542117488,0.7624067270337281,89.46252841163702,0,-0.1611895313132537,0.18967273748628283,0.14617633655117152,0.7704863137319319,-0.030333213381682968,6.919816848828538,-0.10519275675419618,5.2513945074246635
discharge,2010-06-26 14:25:15.640000,-1.0539982895601272,B0043,225,962,00962.csv,1.515272194917202,-0.1420451756686829,1.089700542117488,0.7848186340889612,88.41682472852438,0,-0.16156675836677808,0.20166368935055878,0.14617633655117152,0.7704863137319319,-0.030333213381682968,6.8342745156169915,0.09972089373323728,-0.26744920733919697
discharge,2010-06-26 19:01:10.906000,-1.0539982895601272,B0043,227,964,00964.csv,1.5074989761997712,-0.1420451756686829,1.089700542117488,0.8072305411441943,87.96325386566491,0,-0.16210430925669483,0.21361753470667919,0.14617633655117152,0.7704863137319319,-0.030333213381682968,-0.052267234700434276,0.23039924905786555,-0.23200875685861289
discharge,2010-06-27 00:48:32.265000,-1.0539982895601272,B0043,231,968,00968.csv,1.4896288908647644,-0.2253721041866937,1.0154099389849764,0.8296424481994275,86.92052622356267,0,-0.11727081818030086,0.2286661834265117,0.14617633655117152,0.6822428411182263,-1.0347009942162133,-0.2645832891088296,0.3038837852871201,-0.21260675265419723
discharge,2010-06-27 05:23:33.859000,-1.0539982895601272,B0043,233,970,00970.csv,1.4780778852088083,-0.2253721041866937,1.0154099389849764,0.8520543552546606,86.24651976720013,0,-0.16266573037682733,0.2405812745404498,0.14617633655117152,0.6822428411182263,-0.030333213381682968,-0.27281033393665427,0.34406038702047725,-0.2075650661901941
discharge,2010-06-27 09:58:20.952999,-1.0539982895601272,B0043,235,972,00972.csv,1.4700035345334466,-0.2253721041866937,1.0154099389849764,0.8744662623098937,85.77537771704252,0,-0.16281740362923722,0.2524858958274691,0.14617633655117152,0.6822428411182263,-0.030333213381682968,-0.2657527899302553,0.3646842880486805,-0.2286568995770188
discharge,2010-06-27 14:32:41.170999,-1.0539982895601272,B0043,237,974,00974.csv,1.4565623180137075,-0.2253721041866937,1.0154099389849764,0.8968781693651268,84.99107659335638,0,-0.1630985325877866,0.26437111111184014,0.14617633655117152,0.6822428411182263,-0.030333213381682968,-0.24478152034039108,0.36817828913717626,-0.22665043156950732
discharge,2010-06-27 19:06:37.984000,-1.0539982895601272,B0043,239,976,00976.csv,1.445976962830235,-0.2253721041866937,1.0154099389849764,0.91929007642036,84.37341628315885,0,-0.16334335411028028,0.2762394266533374,0.14617633655117152,0.6822428411182263,-0.030333213381682968,-0.25794575272024184,0.3624312979809452,-0.24485463926228698
discharge,2010-06-28 00:51:57.734000,-1.0539982895601272,B0043,243,980,00980.csv,1.4325855992469252,-0.16506097843996123,1.0318433297116414,0.9417019834755931,83.59202410108549,0,-0.11854287550997364,0.2912002667459986,0.14617633655117152,0.7178437853681594,0.3843856268516516,-0.2369798662435363,0.34838274065371005,-0.2363483903617832
discharge,2010-06-28 05:24:57.140000,-1.0539982895601272,B0043,245,982,00982.csv,1.4197344854662963,-0.16506097843996123,1.0318433297116414,0.9641138905308262,82.84215574177709,0,-0.16394384417595453,0.3030271311617748,0.14617633655117152,0.7178437853681594,-0.030333213381682968,-0.24306595974532733,0.3292120011270337,-0.22385943702765773
discharge,2010-06-28 09:57:41.468000,-1.0539982895601272,B0043,247,984,00984.csv,1.401262575071573,-0.16506097843996123,1.0318433297116414,0.9865257975860593,81.76431133253516,0,-0.16410156342713503,0.31484310840242025,0.14617633655117152,0.7178437853681594,-0.030333213381682968,-0.29173923502265353,0.30233796536943974,-0.20638790821836026
discharge,2010-06-28 14:29:46.170999,-1.0539982895601272,B0043,249,986,00986.csv,1.3862945308535968,-0.16506097843996123,1.0318433297116414,1.0089377046412924,80.8909191152234,0,-0.1645160497970611,0.32663047413454654,0.14617633655117152,0.7178437853681594,-0.030333213381682968,-0.2988866529613994,0.2730017491194526,-0.18816470013786313
discharge,2010-06-28 19:01:09.577999,-1.0539982895601272,B0043,251,988,00988.csv,1.384130256052478,-0.16506097843996123,1.0318433297116414,1.0313496116965255,80.7646326919677,0,-0.16494801517967347,0.33838802180238636,0.14617633655117152,0.7178437853681594,-0.030333213381682968,-0.2594657143329303,0.2517929914454854,-0.21207222675993648
discharge,2010-06-29 00:44:00.078000,-1.0539982895601272,B0043,255,992,00992.csv,1.3651743201871416,-0.2422344012738881,1.5150201930156229,1.0537615187517586,79.65854517541945,0,-0.12010406386923654,0.3532410948916394,0.14617633655117152,1.054031110489538,3.8491856553243893,-0.28551470715374677,0.22319097924285125,-0.21776140201980396
discharge,2010-06-29 05:14:48.968000,-1.0539982895601272,B0043,257,994,00994.csv,1.361508332192898,-0.2422344012738881,1.5150201930156229,1.0761734258069917,79.44463310138339,0,-0.16530907071707873,0.3649737193187317,0.14617633655117152,1.054031110489538,-0.030333213381682968,-0.24251710310776078,0.20132592643959016,-0.252435025410378
discharge,2010-06-29 09:44:58.609000,-1.0539982895601272,B0043,259,996,00996.csv,1.351001663879717,-0.2422344012738881,1.5150201930156229,1.0985853328622248,78.83156420601041,0,-0.1657196240324775,0.3766780037314515,0.14617633655117152,1.054031110489538,-0.030333213381682968,-0.2052300443218881,0.17873293520161537,-0.26254416571263145
discharge,2010-06-29 14:14:43.545999,-1.0539982895601272,B0043,261,998,00998.csv,1.3282588067265129,-0.2422344012738881,1.5150201930156229,1.120997239917458,77.5045081025025,0,-0.16597803340632558,0.38836445044783735,0.14617633655117152,1.054031110489538,-0.030333213381682968,-0.24162566218223985,0.14631878728816813,-0.21706677373981043
discharge,2010-06-29 18:44:01.530999,-1.0539982895601272,B0043,263,1000,01000.csv,1.3257206687421472,-0.2422344012738881,1.5150201930156229,1.143409146972691,77.3564065917289,0,-0.16625995734186724,0.4000314362852446,0.14617633655117152,1.054031110489538,-0.030333213381682968,-0.2433757983800965,0.12277282818664295,-0.2347089927847513
discharge,2010-06-30 00:24:32.875000,-1.0539982895601272,B0043,267,1004,01004.csv,1.314290971597844,-0.13330408447914108,1.448077057501651,1.1658210540279241,76.68947854243329,0,-0.12155966674211556,0.4147840308135144,0.14617633655117152,1.0451756465293343,-0.12420269856546248,-0.208143811360145,0.0983549879801441,-0.2260315711920682
discharge,2010-06-30 04:53:18.500000,-1.0539982895601272,B0043,269,1006,01006.csv,1.300326009481109,-0.13330408447914108,1.448077057501651,1.1882329610831572,75.87461662392282,0,-0.1665984501770045,0.426427650887078,0.14617633655117152,1.0451756465293343,-0.030333213381682968,-0.25635558566759364,0.07142155857090267,-0.23205085619362556
discharge,2010-06-30 09:21:28.343000,-1.0539982895601272,B0043,271,1008,01008.csv,1.2881071401556836,-0.13330408447914108,1.448077057501651,1.2106448681383903,75.16164001737596,0,-0.16697273789724193,0.4380454343178157,0.14617633655117152,1.0451756465293343,-0.030333213381682968,-0.2643707770633122,0.044143288876571395,-0.2464978110108576
discharge,2010-06-30 13:49:07.171000,-1.0539982895601272,B0043,273,1010,01010.csv,1.2767801501201566,-0.13330408447914108,1.448077057501651,1.2330567751936234,74.50070497479263,0,-0.16729716173166043,0.4496408231513468,0.14617633655117152,1.0451756465293343,-0.030333213381682968,-0.21093057977226953,0.017315604213708525,-0.22447029638624297
discharge,2010-07-21 15:00:35.093000,-1.0539982895601272,B0045,0,185,00185.csv,1.0819793880779518,-2.9718673543855942,-2.5541708922443727,-1.2546649079372523,100.0,16,-0.3352760930883402,-1.2173607181576145,-6.841052550594827,-3.0749766758377546,-0.030333213381682968,0.030052390418546782,-0.4822221032550676,-0.3921908713000117
discharge,2010-07-21 21:02:56.984000,-1.0539982895601272,B0045,4,189,00189.csv,0.927952404748273,-0.6095021607262976,1.3927555317349312,-1.2322530008820192,85.76433294137931,15,-0.10785105211689362,-1.201661834022281,0.14617633655117152,0.8204348572907113,-0.030333213381682968,0.030052390418546782,-0.5997403147585698,0.5384717073009373
discharge,2010-07-22 01:40:06.217999,-1.0539982895601272,B0045,6,191,00191.csv,0.885193608411576,-0.6095021607262976,1.3927555317349312,-1.209841093826786,81.81242805226174,14,-0.16133058744918732,-1.189654579556253,0.14617633655117152,0.8204348572907113,-0.030333213381682968,0.030052390418546782,-0.7107095356800932,0.49223924733909935
discharge,2010-07-22 06:16:21.780999,-1.0539982895601272,B0045,8,193,00193.csv,0.8581010699478283,-0.6095021607262976,1.3927555317349312,-1.187429186771553,79.30844888571998,13,-0.16189199809863608,-1.177686078609628,0.14617633655117152,0.8204348572907113,-0.030333213381682968,0.030052390418546782,-0.805359853290157,0.4623485980903693
discharge,2010-07-22 10:51:48.203000,-1.0539982895601272,B0045,10,195,00195.csv,0.8409352213456689,-0.6095021607262976,1.3927555317349312,-1.1650172797163199,77.72192618562926,12,-0.162406023935255,-1.1657530602642907,0.14617633655117152,0.8204348572907113,-0.030333213381682968,0.030052390418546782,-0.8815571197348796,0.4361417198242005
discharge,2010-07-22 15:26:29.359000,-1.0539982895601272,B0045,12,197,00197.csv,0.8245471942901911,-0.6095021607262976,1.3927555317349312,-1.1426053726610867,76.20729224379514,11,-0.1628795164264113,-1.1538527265508913,0.14617633655117152,0.8204348572907113,-0.030333213381682968,-1.1750446103849363,-0.9448588963315628,-0.04492414125483964
discharge,2010-07-23 09:59:08.718000,-1.0539982895601272,B0045,16,201,00201.csv,0.7935960418803983,-0.6138248393579531,1.3368294708157433,-1.1201934656058536,73.34668761945244,10,0.3630417282917095,-1.1056486654648467,0.14617633655117152,0.7764324337968235,-0.5247373192213526,-0.5988994417071138,-1.0106749305208704,-0.09735926697435389
discharge,2010-07-23 15:44:51.670999,-1.0539982895601272,B0045,20,205,00205.csv,0.8183676087159205,-0.5823596542479473,1.5843792335350084,-1.0977815585506205,75.6361551553846,9,-0.11830016695264366,-1.0906710714848213,0.14617633655117152,0.9759388414912306,2.236899052082511,-0.28277488508267956,-1.0356522850517764,-0.1847325842513405
discharge,2010-07-23 20:19:02.359000,-1.0539982895601272,B0045,22,207,00207.csv,0.7977644276409412,-0.5823596542479473,1.5843792335350084,-1.0753696514953874,73.73194318036916,8,-0.16319821850806981,-1.078792737402739,0.14617633655117152,0.9759388414912306,-0.030333213381682968,-0.2523967687667607,-1.0680234964464481,-0.22505476358937812
discharge,2010-07-24 00:52:14.625000,-1.0539982895601272,B0045,24,209,00209.csv,0.7993777411831636,-0.5823596542479473,1.5843792335350084,-1.0529577444401543,73.88105078445099,7,-0.16380932570068057,-1.0669565873342117,0.14617633655117152,0.9759388414912306,-0.030333213381682968,-0.1644873599052776,-1.0883733916535354,-0.2744202240028018
discharge,2010-07-24 05:24:46.453000,-1.0539982895601272,B0045,26,211,00211.csv,0.7783107440628891,-0.5823596542479473,1.5843792335350084,-1.0305458373849212,71.93397144519497,6,-0.1642323162219192,-1.0551496358058052,0.14617633655117152,0.9759388414912306,-0.030333213381682968,-0.18639065299761118,-1.1180135086285863,-0.2696577013657025
discharge,2010-07-24 09:56:39.000000,-1.0539982895601272,B0045,28,213,00213.csv,0.7803738231239117,-0.5823596542479473,1.5843792335350084,-1.0081339303296881,72.124647818863,5,-0.16464320426447257,-1.0433710473975943,0.14617633655117152,0.9759388414912306,-0.030333213381682968,-0.03184373816180639,-1.1361995159121288,-0.25274951390087314
discharge,2010-07-27 16:12:05.718000,-1.0539982895601272,B0045,32,217,00217.csv,0.7713058245640294,-0.564356683460842,1.6187739294435683,-0.9857220232744549,71.28655435240697,4,2.611648366421698,-0.8399483044673804,0.14617633655117152,1.008892623686145,0.3257167118802869,-0.1902542235268037,-1.155242145995929,-0.28559958044298095
discharge,2010-07-27 21:56:24.312000,-1.0539982895601272,B0045,36,221,00221.csv,0.795279016979026,-0.5670200399448244,1.2018317671679202,-0.9633101162192218,73.50223356766291,3,-0.11918258094339935,-0.8250316224913329,0.14617633655117152,0.6921960616095872,-3.4244777499665844,0.01841763374585039,-1.1496463681196953,-0.29054248534054644
discharge,2010-07-28 02:29:37.343000,-1.0539982895601272,B0045,38,223,00223.csv,0.7824128169919247,-0.5670200399448244,1.2018317671679202,-0.9408982091639887,72.31309816186214,2,-0.16380132362963978,-0.8131949200492163,0.14617633655117152,0.6921960616095872,-0.030333213381682968,-0.0493641695730751,-1.1557323945242461,-0.31744697313120307
discharge,2010-07-28 07:01:57.686999,-1.0539982895601272,B0045,40,225,00225.csv,0.7649414992231182,-0.5670200399448244,1.2018317671679202,-0.9184863021087556,70.69834302314894,1,-0.16435244144000352,-0.8013962606238798,0.14617633655117152,0.6921960616095872,-0.030333213381682968,-0.03253199975566085,-1.17311986445934,-0.2933413901173016
discharge,2010-07-28 11:33:01.828000,-1.0539982895601272,B0045,42,227,00227.csv,0.7544899426779375,-0.5670200399448244,1.2018317671679202,-0.8960743950535225,69.73237669695607,0,-0.16514954183675823,-0.7896526241050773,0.14617633655117152,0.6921960616095872,-0.030333213381682968,-0.09111577520846141,-1.1926857517389229,-0.25755434115562853
discharge,2010-07-28 16:03:39.015000,-1.0539982895601272,B0045,44,229,00229.csv,0.7504048978314295,-0.5670200399448244,1.2018317671679202,-0.8736624879982893,69.35482377020718,0,-0.16543148671366747,-0.7779284499108116,0.14617633655117152,0.6921960616095872,-0.030333213381682968,-0.0677894674659235,-1.208846449730654,-0.22994877930664176
discharge,2010-07-28 21:45:15.500000,-1.0539982895601272,B0045,48,233,00233.csv,0.7407258109620256,-0.511882931673215,1.594075633075996,-0.8512505809430562,68.46025156522295,0,-0.12087827732817287,-0.7631288198695884,0.14617633655117152,1.0103425987091166,3.665994631829931,-0.22532322514841086,-1.2270051166356062,-0.256355196802071
discharge,2010-07-29 02:14:29.702999,-1.0539982895601272,B0045,50,235,00235.csv,0.0,-0.511882931673215,1.594075633075996,-0.8288386738878231,0.0,0,-0.16629951791791736,-0.751464564852398,0.14617633655117152,1.0103425987091166,-0.030333213381682968,-3.6325949470179295,-1.804263640129946,2.4849263551838674
discharge,2010-07-29 05:57:18.515000,-1.0539982895601272,B0045,52,237,00237.csv,0.7308525593793626,-0.511882931673215,1.594075633075996,-0.80642676683259,67.54773403564208,0,-0.1954353305223338,-0.7418115208448298,0.14617633655117152,1.0103425987091166,-0.030333213381682968,-0.1295254718598166,-1.6314829206378325,2.4524757490098215
discharge,2010-07-29 10:29:29.765000,-1.0539982895601272,B0045,54,239,00239.csv,0.7287255851177903,-0.511882931673215,1.594075633075996,-0.7840148597773569,67.3511522629199,0,-0.16444756670280472,-0.730019427804939,0.14617633655117152,1.0103425987091166,-0.030333213381682968,-0.09055626216109051,-1.5179185952319776,2.4277525638421134
discharge,2010-07-29 14:57:39.920999,-1.0539982895601272,B0045,56,241,00241.csv,0.7161023377036263,-0.511882931673215,1.594075633075996,-0.7616029527221237,66.1844713119465,0,-0.16696946385772074,-0.7184014183710888,0.14617633655117152,1.0103425987091166,-0.030333213381682968,-0.13052547562713399,-1.4518402240406187,2.395023236516321
discharge,2010-07-29 20:36:49.093000,-1.0539982895601272,B0045,60,245,00245.csv,0.7129204834988017,-0.43822600404407547,1.7053550095408936,-0.7391910456668906,65.89039415669895,0,-0.12241920423435605,-0.7037081567089056,0.14617633655117152,1.1228776910864102,1.175315499146034,-0.10011049340442829,-1.4102156409235342,2.368248794557657
discharge,2010-07-30 01:03:48.203000,-1.0539982895601272,B0045,62,247,00247.csv,0.7141991829499618,-0.43822600404407547,1.7053550095408936,-0.7167791386116575,66.0085756549095,0,-0.1677126208919195,-0.6921414465344705,0.14617633655117152,1.1228776910864102,-0.030333213381682968,3.373376629262123,-1.3814903074993206,-0.31926937944660577
discharge,2010-07-30 05:30:13.452999,-1.0539982895601272,B0045,64,249,00249.csv,0.7190570819844222,-0.43822600404407547,1.7053550095408936,-0.6943672315564244,66.45755824071367,0,-0.16806680407289112,-0.6805991852100696,0.14617633655117152,1.1228776910864102,-0.030333213381682968,-0.025164846487755507,-1.3586336462935829,-0.33818110588088884
discharge,2010-07-30 09:56:07.796000,-1.0539982895601272,B0045,66,251,00251.csv,0.7173975428775917,-0.43822600404407547,1.7053550095408936,-0.6719553245011913,66.30417832191702,0,-0.16839009818224226,-0.6690792404992777,0.14617633655117152,1.1228776910864102,-0.030333213381682968,-0.022976679208592827,-1.3446620533380516,-0.37125360741259694
discharge,2010-07-30 14:21:03.875000,-1.0539982895601272,B0045,68,253,00253.csv,0.7071027496463946,-0.43822600404407547,1.7053550095408936,-0.6495434174459581,65.35270056322469,0,-0.16899955265952696,-0.6576013657170379,0.14617633655117152,1.1228776910864102,-0.030333213381682968,-0.012076670506825152,-1.3432022927365133,-0.3526149392568605
discharge,2010-07-30 19:57:28.859000,-1.0539982895601272,B0045,72,257,00257.csv,0.703531206505542,-0.44920969941645955,1.6196236777620507,-0.627131510390725,65.02260710856127,0,-0.12413664743441832,-0.6430266571468608,0.14617633655117152,1.0537514277578943,-0.7510664193301756,-0.013900890551505292,-1.3449541049309008,-0.3350059214219533
discharge,2010-07-31 00:21:41.811999,-1.0539982895601272,B0045,74,259,00259.csv,0.6941108278958862,-0.44920969941645955,1.6196236777620507,-0.6047196033354919,64.15194554943578,0,-0.16945066027221617,-0.6315799217946236,0.14617633655117152,1.0537514277578943,-0.030333213381682968,-0.06398563983147135,-1.353309460920133,-0.30421821263840515
discharge,2010-07-31 04:45:24.170999,-1.0539982895601272,B0045,76,261,00261.csv,0.6914114388869608,-0.44920969941645955,1.6196236777620507,-0.5823076962802588,63.90245937265006,0,-0.16977068034204612,-0.620155277052883,0.14617633655117152,1.0537514277578943,-0.030333213381682968,-0.0993629755923621,-1.3609392553552013,-0.3028461119094774
discharge,2010-07-31 09:08:38.405999,-1.0539982895601272,B0045,78,263,00263.csv,0.6971551798505504,-0.44920969941645955,1.6196236777620507,-0.5598957892250257,64.4333143063834,0,-0.17006486367008694,-0.6087509394416224,0.14617633655117152,1.0537514277578943,-0.030333213381682968,-0.06470658519417073,-1.3616434738355012,-0.3364010415073095
discharge,2010-07-31 13:31:07.296000,-1.0539982895601272,B0045,80,265,00265.csv,0.6832460217432723,-0.44920969941645955,1.6196236777620507,-0.5374838821697926,63.1477853711246,0,-0.17053918249798586,-0.597379343503357,0.14617633655117152,1.0537514277578943,-0.030333213381682968,-0.08162622608246499,-1.372725245220435,-0.3283746955018787
discharge,2010-08-03 15:52:53.045999,-1.0539982895601272,B0045,84,269,00269.csv,0.6822029317493292,-0.4500704621097901,1.5566996289163446,-0.5150719751145595,63.05137965347076,0,2.46498590628487,-0.4040805383719717,0.14617633655117152,1.0057800567996413,-0.5388726817875704,-0.06978997802358813,-1.3809089408356883,-0.33554281106372535
discharge,2010-08-03 21:29:43.953000,-1.0539982895601272,B0045,88,273,00273.csv,0.7289529213213379,-0.44808488170631033,1.5607597520245065,-0.49266006805932633,67.37216340287807,0,-0.12386548704802287,-0.38948711191800345,0.14617633655117152,1.0096164893289514,0.01081449723753824,0.19315593108659407,-1.350695824300481,-0.22896492626270382
discharge,2010-08-04 01:56:12.734000,-1.0539982895601272,B0045,90,275,00275.csv,0.7139321758287004,-0.44808488170631033,1.5607597520245065,-0.4702481610040932,65.98389800169325,0,-0.16802986901296024,-0.3779423010096873,0.14617633655117152,1.0096164893289514,-0.030333213381682968,0.13547693792774387,-1.3420141485969594,-0.21959757431667556
discharge,2010-08-04 06:20:57.078000,-1.0539982895601272,B0045,92,277,00277.csv,0.6957731747455482,-0.44808488170631033,1.5607597520245065,-0.4478362539488601,64.3055849688165,0,-0.16912230338327033,-0.36647289956609724,0.14617633655117152,1.0096164893289514,-0.030333213381682968,0.02358291904968481,-1.3500811666212151,-0.21894173538745737
discharge,2010-08-04 10:44:49.390000,-1.0539982895601272,B0045,94,279,00279.csv,0.7018312962317095,-0.44808488170631033,1.5607597520245065,-0.425424346893627,64.86549595722481,0,-0.16966656973672717,-0.3550410681912436,0.14617633655117152,1.0096164893289514,-0.030333213381682968,0.11705416830647601,-1.3508370040889117,-0.24009148524272228
discharge,2010-08-04 15:07:58.828000,-1.0539982895601272,B0045,96,281,00281.csv,0.6911808244378487,-0.44808488170631033,1.5607597520245065,-0.4030124398383939,63.88114524673849,0,-0.17011504136261332,-0.34364019428731185,0.14617633655117152,1.0096164893289514,-0.030333213381682968,0.0720798905275277,-1.3594669030726665,-0.26184355497516454
discharge,2010-08-04 20:41:59.500000,-1.0539982895601272,B0045,100,285,00285.csv,0.6843279752855028,-0.42069986052090724,1.5834506136033795,-0.38060053278316075,63.247782982368605,0,-0.12564618322008994,-0.32916968720390233,0.14617633655117152,1.0373117297640697,0.2664334757193386,-0.17884684567753684,-1.3704486982369046,-0.29616434887330256
discharge,2010-08-05 01:04:03.311999,-1.0539982895601272,B0045,102,287,00287.csv,0.6741394908812485,-0.42069986052090724,1.5834506136033795,-0.35818862572792765,62.306130625907976,0,-0.17080150400591412,-0.3178161990120028,0.14617633655117152,1.0373117297640697,-0.030333213381682968,-0.15622596342101921,-1.3855434191010896,-0.30086342902703433
discharge,2010-08-05 05:25:07.905999,-1.0539982895601272,B0045,104,289,00289.csv,0.6670070174301739,-0.42069986052090724,1.5834506136033795,-0.33577671867269454,61.64692458837479,0,-0.17142093751557627,-0.3065054695895694,0.14617633655117152,1.0373117297640697,-0.030333213381682968,-0.10460835031996048,-1.4010484409131716,-0.2747822683831142
discharge,2010-08-05 09:45:36.390000,-1.0539982895601272,B0045,106,291,00291.csv,0.6804085117374855,-0.42069986052090724,1.5834506136033795,-0.31336481161746144,62.88553360948731,0,-0.17179865617868856,-0.2952208136439293,0.14617633655117152,1.0373117297640697,-0.030333213381682968,-0.07023239899723639,-1.401160162776936,-0.31279298722501186
discharge,2010-08-05 14:05:44.828000,-1.0539982895601272,B0045,108,293,00293.csv,0.6617864063235485,-0.42069986052090724,1.5834506136033795,-0.29095290456222833,61.164418991304274,0,-0.1720083418310883,-0.28395063205321425,0.14617633655117152,1.0373117297640697,-0.030333213381682968,-0.10754937798774378,-1.4154427812910266,-0.3128625792058376
discharge,2010-08-05 19:37:08.125000,-1.0539982895601272,B0045,112,297,00297.csv,0.6623168733492338,-0.33476114089472947,1.4499861790153172,-0.26854099750699517,61.21344645259701,0,-0.1272923609064228,-0.26959375868689006,0.14617633655117152,0.9692633078443386,-0.7545912297380091,-0.07298644298255604,-1.4245597957000546,-0.3236772335808465
discharge,2010-08-05 23:56:22.437000,-1.0539982895601272,B0045,114,299,00299.csv,0.6679358357181778,-0.33476114089472947,1.4499861790153172,-0.2461290904517621,61.73276894901958,0,-0.1725745118927274,-0.25836265915222567,0.14617633655117152,0.9692633078443386,-0.030333213381682968,0.0010117093714861062,-1.4263506966850446,-0.32798857305141815
discharge,2010-08-06 04:15:03.234000,-1.0539982895601272,B0045,116,301,00301.csv,0.6488990885270688,-0.33476114089472947,1.4499861790153172,-0.22371718339652896,59.97333180993264,0,-0.17292508628610276,-0.24715575935721568,0.14617633655117152,0.9692633078443386,-0.030333213381682968,-0.05471482727406852,-1.4420691278402848,-0.2947503406960656
discharge,2010-08-06 08:33:24.750000,-1.0539982895601272,B0045,118,303,00303.csv,0.6503639129625527,-0.33476114089472947,1.4499861790153172,-0.20130527634129586,60.10871557524503,0,-0.17312676985700148,-0.23596278154281972,0.14617633655117152,0.9692633078443386,-0.030333213381682968,-0.11059301737324642,-1.4514304625234442,-0.32166376625135873
discharge,2010-08-06 12:51:21.000000,-1.0539982895601272,B0045,120,305,00305.csv,0.6572077690202801,-0.33476114089472947,1.4499861790153172,-0.17889336928606273,60.74124666901059,0,-0.17339105786604284,-0.22478804722005752,0.14617633655117152,0.9692633078443386,-0.030333213381682968,0.00861877716004077,-1.4524496846127983,-0.3237013198554796
discharge,2010-08-06 18:20:37.375000,-1.0539982895601272,B0045,124,309,00309.csv,0.6363517458476216,-0.36991391785002947,2.0374552075886347,-0.15648146223082962,58.81366621762071,0,-0.12861999340399063,-0.2105228187696345,0.14617633655117152,1.4005475329258432,4.637179105342369,-0.09149611063439597,-1.4690417190489582,-0.2930805701172932
discharge,2010-08-06 22:37:51.968000,-1.0539982895601272,B0045,126,311,00311.csv,0.6536449360948587,-0.36991391785002947,2.0374552075886347,-0.13406955517559652,60.41195824035112,0,-0.17382679939982879,-0.19937816317445065,0.14617633655117152,1.4005475329258432,-0.030333213381682968,-0.036846469515980376,-1.4669088625783526,-0.32458821226434903
discharge,2010-08-07 02:54:46.295999,-1.0539982895601272,B0045,128,313,00313.csv,0.6391428272150887,-0.36991391785002947,2.0374552075886347,-0.11165764812036338,59.07162689582044,0,-0.17403877584119315,-0.1882481400646703,0.14617633655117152,1.4005475329258432,-0.030333213381682968,-0.015618825264039632,-1.4765516552530118,-0.31408447911717785
discharge,2010-08-07 07:11:08.670999,-1.0539982895601272,B0045,130,315,00315.csv,0.6482206049496236,-0.36991391785002947,2.0374552075886347,-0.08924574106513028,59.910624184914894,0,-0.17437301135487207,-0.17714118884082095,0.14617633655117152,1.4005475329258432,-0.030333213381682968,0.020019091862623586,-1.4760540972423006,-0.31517625285944434
discharge,2010-08-07 11:26:50.984000,-1.0539982895601272,B0045,132,317,00317.csv,0.6287957471922729,-0.36991391785002947,2.0374552075886347,-0.06683383400989716,58.11531662440237,0,-0.17479206882158332,-0.16606316466294618,0.14617633655117152,1.4005475329258432,-0.030333213381682968,-0.10295056382703989,-1.4905430064007015,-0.30827560007648
discharge,2010-08-10 15:39:28.920999,-1.0539982895601272,B0045,136,321,00321.csv,0.6380571850193401,-0.3717228392814995,1.9294864167342662,-0.04442192695466404,58.97128836740565,0,2.5345692696190314,0.03203889851805259,0.14617633655117152,1.3181079527135962,-0.8365478511267082,0.038035928144155275,-1.4931360652807038,-0.3098474375521307
discharge,2010-08-10 21:13:49.640000,-1.0539982895601272,B0045,140,325,00325.csv,0.6554825047832906,-0.3189343206979167,1.8740459648632242,-0.022010019899430928,60.58179222320509,0,-0.1254364871074666,0.046523880678444256,0.14617633655117152,1.2964033974461902,-0.24657525837175162,0.03865445561721942,-1.4815697473726206,-0.30478570121805293
discharge,2010-08-11 01:35:02.781000,-1.0539982895601272,B0045,142,327,00327.csv,0.6484934835397033,-0.3189343206979167,1.8740459648632242,0.00040188715580218915,59.93584449808227,0,-0.17133153398461462,0.05784078152187791,0.14617633655117152,1.2964033974461902,-0.030333213381682968,0.07382487950212781,-1.4791912933784988,-0.30296257329225335
discharge,2010-08-11 05:54:59.280999,-1.0539982895601272,B0045,144,329,00329.csv,0.6454071687844921,-0.3189343206979167,1.8740459648632242,0.022813794211035306,59.650597404725545,0,-0.1721332159906792,0.06910234319565452,0.14617633655117152,1.2964033974461902,-0.030333213381682968,0.01688207385997638,-1.4799604278409997,-0.3048739681886727
discharge,2010-08-11 10:14:04.421000,-1.0539982895601272,B0045,146,331,00331.csv,0.6427008031845645,-0.3189343206979167,1.8740459648632242,0.04522570126626842,59.400466429057396,0,-0.17267045305296802,0.08032682002442866,0.14617633655117152,1.2964033974461902,-0.030333213381682968,0.0951450310310501,-1.4825380641989376,-0.3364098610927061
discharge,2010-08-11 14:32:46.655999,-1.0539982895601272,B0045,148,333,00333.csv,0.6352454880802477,-0.3189343206979167,1.8740459648632242,0.06763760832150154,58.711422332056586,0,-0.172910044495051,0.09153475813665261,0.14617633655117152,1.2964033974461902,-0.030333213381682968,0.016890215561496714,-1.4899446820145226,-0.3285890003457416
discharge,2010-08-12 12:34:22.109000,-1.0539982895601272,B0045,152,337,00337.csv,0.6156760019587869,-0.35996035397551845,1.8105486195087803,0.09004951537673465,56.90274775497204,0,0.49417207439634825,0.14879059338674502,0.14617633655117152,1.2325748578115558,-0.669413112328944,-0.15629064795774159,-1.5098133890558942,-0.2798157734290849
discharge,2010-08-12 18:04:47.218000,-1.0539982895601272,B0045,156,341,00341.csv,0.6170833682807023,-0.3081130081512193,2.0914955824342796,0.11246142243196777,57.03282105742334,0,-0.12790102039625495,0.16310545170156945,0.14617633655117152,1.4651934154330177,2.3332597839849227,-0.1169853018629436,-1.521985413237751,-0.27204748556317493
discharge,2010-08-12 22:24:12.484000,-1.0539982895601272,B0045,158,343,00343.csv,0.6434227390858672,-0.3081130081512193,2.0914955824342796,0.13487332948720088,59.46719005699871,0,-0.17245993060360212,0.17434446064838283,0.14617633655117152,1.4651934154330177,-0.030333213381682968,0.02076283636964712,-1.5100039045516898,-0.2761551277790149
discharge,2010-08-13 02:42:32.030999,-1.0539982895601272,B0045,160,345,00345.csv,0.6278124433742752,-0.3081130081512193,2.0914955824342796,0.157285236542434,58.02443653658993,0,-0.17314736604769607,0.1855360167318651,0.14617633655117152,1.4651934154330177,-0.030333213381682968,-0.03964331271116685,-1.5139264441455416,-0.2909653267725776
discharge,2010-08-13 06:59:39.343000,-1.0539982895601272,B0045,162,347,00347.csv,0.6290078315253372,-0.3081130081512193,2.0914955824342796,0.1796971435976671,58.13491813764755,0,-0.17390296027727448,0.19667541503090608,0.14617633655117152,1.4651934154330177,-0.030333213381682968,0.0008525413407652794,-1.515629423349915,-0.29663877195081445
discharge,2010-08-13 11:16:29.327999,-1.0539982895601272,B0045,164,349,00349.csv,0.0,-0.3081130081512193,2.0914955824342796,0.20210905065290022,0.0,0,-0.17408420459221297,0.20780230224722623,0.14617633655117152,1.4651934154330177,-0.030333213381682968,-2.852063061073552,-1.9966798446061518,2.014084848141706
discharge,2010-08-16 10:57:07.937000,-1.0539982895601272,B0045,168,353,00353.csv,0.6266355568292261,-0.28924366430948373,2.050986933838244,0.22452095770813335,57.91566491320995,0,2.36386545003997,0.3941208807530833,0.14617633655117152,1.4417693075640434,-0.2561466362883261,0.074768296388046,-1.839275001840391,2.02257987343477
discharge,2010-08-16 16:33:48.968000,-1.0539982895601272,B0045,172,357,00357.csv,0.6495813516716594,-0.32108341076239116,1.7510589651949429,0.24693286476336646,60.03638875464973,0,-0.12396879222658617,0.40870717617160396,0.14617633655117152,1.2024626593650565,-2.3492646861700908,0.05888221720535335,-1.7168314505514781,2.02911252515333
discharge,2010-08-16 20:54:56.609000,-1.0539982895601272,B0045,174,359,00359.csv,0.6337485177966306,-0.32108341076239116,1.7510589651949429,0.26934477181859956,58.57306754451517,0,-0.17138906521431965,0.4200201057016527,0.14617633655117152,1.2024626593650565,-0.030333213381682968,0.057840466873445816,-1.6472824187052306,2.034636632304424
discharge,2010-08-17 01:14:42.109000,-1.0539982895601272,B0045,176,361,00361.csv,0.6298550929085645,-0.32108341076239116,1.7510589651949429,0.29175667887383266,58.213224747973314,0,-0.17224827843962906,0.43127372474938114,0.14617633655117152,1.2024626593650565,-0.030333213381682968,0.0340186082283733,-1.6038869700297893,2.0354111520719473
discharge,2010-08-17 05:33:53.718000,-1.0539982895601272,B0045,178,363,00363.csv,0.6183063778386736,-0.32108341076239116,1.7510589651949429,0.3141685859290658,57.1458555173629,0,-0.17260278587707154,0.4425028725640311,0.14617633655117152,1.2024626593650565,-0.030333213381682968,2.9244812128111426,-1.5837680123468956,-0.29361283202056687
discharge,2010-08-17 09:52:05.375000,-1.0539982895601272,B0045,180,365,00365.csv,0.6069476168507777,-0.32108341076239116,1.7510589651949429,0.33658049298429893,56.09604245132347,0,-0.17322989720130366,0.4536887316186704,0.14617633655117152,1.2024626593650565,-0.030333213381682968,-0.0621112083564686,-1.5790217857588065,-0.2544787411615328
discharge,2010-07-21 15:00:35.093000,-1.0539982895601272,B0046,0,553,00553.csv,1.7282392323598248,-2.9718673543855942,-2.5541708922443727,-1.2546649079372523,100.0,19,-0.3352760930883402,-1.2173607181576145,-6.841052550594827,-3.0749766758377546,-0.030333213381682968,0.030052390418546782,0.997011588623072,-0.3921908713000117
discharge,2010-07-21 21:02:56.984000,-1.0539982895601272,B0046,4,557,00557.csv,1.5161488467923143,-0.1707172360678338,0.8084440055928209,-1.2322530008820192,87.72794983493625,18,-0.10785105211689362,-1.201661834022281,0.14617633655117152,0.546532481841113,-0.030333213381682968,0.030052390418546782,0.8351926511214925,0.8893026752316845
discharge,2010-07-22 01:40:06.217999,-1.0539982895601272,B0046,6,559,00559.csv,1.503121190703977,-0.1707172360678338,0.8084440055928209,-1.209841093826786,86.9741389131376,17,-0.16133058744918732,-1.189654579556253,0.14617633655117152,0.546532481841113,-0.030333213381682968,0.030052390418546782,0.7173736280477041,0.6877151826530465
discharge,2010-07-22 06:16:21.780999,-1.0539982895601272,B0046,8,561,00561.csv,1.48586566102824,-0.1707172360678338,0.8084440055928209,-1.187429186771553,85.97569324932893,16,-0.16189199809863608,-1.177686078609628,0.14617633655117152,0.546532481841113,-0.030333213381682968,0.030052390418546782,0.6256621338497039,0.5814292601873989
discharge,2010-07-22 10:51:48.203000,-1.0539982895601272,B0046,10,563,00563.csv,1.4694562316392716,-0.1707172360678338,0.8084440055928209,-1.1650172797163199,85.02620494460146,15,-0.162406023935255,-1.1657530602642907,0.14617633655117152,0.546532481841113,-0.030333213381682968,0.030052390418546782,0.5520012093785446,0.5168375006837395
discharge,2010-07-22 15:26:29.359000,-1.0539982895601272,B0046,12,565,00565.csv,1.458955459264481,-0.1707172360678338,0.8084440055928209,-1.1426053726610867,84.41860547699463,14,-0.1628795164264113,-1.1538527265508913,0.14617633655117152,0.546532481841113,-0.030333213381682968,-1.2305244727448403,0.49488213546209187,-0.1915799880558121
discharge,2010-07-23 09:59:08.718000,-1.0539982895601272,B0046,16,569,00569.csv,1.4556853555098297,-0.2048847382558129,0.9404932887857543,-1.1201934656058536,84.22938955749567,13,0.3630417282917095,-1.1056486654648467,0.14617633655117152,0.6333891685683449,1.0193844107238947,-0.252990576859674,0.4543077566084522,-0.22293654805707014
discharge,2010-07-23 15:44:51.670999,-1.0539982895601272,B0046,20,573,00573.csv,1.456232262380321,-0.22820272523668794,0.9121535672688967,-1.0977815585506205,84.26103487952349,12,-0.11830016695264366,-1.0906710714848213,0.14617633655117152,0.6029787881198718,-0.38925357694927515,-0.18944504718754102,0.42767544510749556,-0.2828352670515
discharge,2010-07-23 20:19:02.359000,-1.0539982895601272,B0046,22,575,00575.csv,1.4440592236675138,-0.22820272523668794,0.9121535672688967,-1.0753696514953874,83.55667413565902,11,-0.16319821850806981,-1.078792737402739,0.14617633655117152,0.6029787881198718,-0.030333213381682968,-0.16565278357855637,0.4006328881404754,-0.31473176729338653
discharge,2010-07-24 00:52:14.625000,-1.0539982895601272,B0046,24,577,00577.csv,1.428294264765868,-0.22820272523668794,0.9121535672688967,-1.0529577444401543,82.64447641404387,10,-0.16380932570068057,-1.0669565873342117,0.14617633655117152,0.6029787881198718,-0.030333213381682968,-0.16263587477646987,0.3705763011587473,-0.28337912565019424
discharge,2010-07-24 05:24:46.453000,-1.0539982895601272,B0046,26,579,00579.csv,1.4199848948034668,-0.22820272523668794,0.9121535672688967,-1.0305458373849212,82.1636766609301,9,-0.1642323162219192,-1.0551496358058052,0.14617633655117152,0.6029787881198718,-0.030333213381682968,-0.1523774357060974,0.3441987633391087,-0.2530888718280074
discharge,2010-07-24 09:56:39.000000,-1.0539982895601272,B0046,28,581,00581.csv,1.4043226018516568,-0.22820272523668794,0.9121535672688967,-1.0081339303296881,81.2574194334267,8,-0.16464320426447257,-1.0433710473975943,0.14617633655117152,0.6029787881198718,-0.030333213381682968,-0.21038801245314365,0.31466385365803984,-0.21881750219704624
discharge,2010-07-27 16:12:05.718000,-1.0539982895601272,B0046,32,585,00585.csv,1.4234351301615986,-0.16969473967738408,0.9683930059196344,-0.9857220232744549,82.36331542005146,7,2.611648366421698,-0.8399483044673804,0.14617633655117152,0.6680251640898542,0.7437282682887376,-0.12347823483154473,0.3095562298762073,-0.2695139155830892
discharge,2010-07-27 21:56:24.312000,-1.0539982895601272,B0046,36,589,00589.csv,1.4339948857967295,-0.22654126337139932,1.0173308394977465,-0.9633101162192218,82.97432779828061,6,-0.11918258094339935,-0.8250316224913329,0.14617633655117152,0.6832482398838876,0.14767546961809744,-0.01706099973169371,0.31420794084225684,-0.29645428548056707
discharge,2010-07-28 02:29:37.343000,-1.0539982895601272,B0046,38,591,00591.csv,1.4185177047756572,-0.22654126337139932,1.0173308394977465,-0.9408982091639887,82.0787815838865,5,-0.16380132362963978,-0.8131949200492163,0.14617633655117152,0.6832482398838876,-0.030333213381682968,-0.015713847863568973,0.30550043216138983,-0.3009933859171505
discharge,2010-07-28 07:01:57.686999,-1.0539982895601272,B0046,40,593,00593.csv,1.4056313337829422,-0.22654126337139932,1.0173308394977465,-0.9184863021087556,81.33314575110198,4,-0.16435244144000352,-0.8013962606238798,0.14617633655117152,0.6832482398838876,-0.030333213381682968,-0.037139801366699504,0.2898634914813278,-0.2856062355753048
discharge,2010-07-28 11:33:01.828000,-1.0539982895601272,B0046,42,595,00595.csv,1.3890214025155618,-0.22654126337139932,1.0173308394977465,-0.8960743950535225,80.37205593457811,3,-0.16514954183675823,-0.7896526241050773,0.14617633655117152,0.6832482398838876,-0.030333213381682968,-0.041575905783701475,0.2667659587862894,-0.2439954302491381
discharge,2010-07-28 16:03:39.015000,-1.0539982895601272,B0046,44,597,00597.csv,1.3723339082737365,-0.22654126337139932,1.0173308394977465,-0.8736624879982893,79.40647814133249,2,-0.16543148671366747,-0.7779284499108116,0.14617633655117152,0.6832482398838876,-0.030333213381682968,-0.2091637244284837,0.23863551973576777,-0.1855082595318547
discharge,2010-07-28 21:45:15.500000,-1.0539982895601272,B0046,48,601,00601.csv,1.3615778905990563,-0.15118234000337313,0.8848603201123653,-0.8512505809430562,78.78410957838801,1,-0.12087827732817287,-0.7631288198695884,0.14617633655117152,0.6118897775077671,-0.8613724593010341,-0.3089475708367471,0.21167535785555272,-0.19285487319909997
discharge,2010-07-29 02:14:29.702999,-1.0539982895601272,B0046,50,603,00603.csv,0.0,-0.15118234000337313,0.8848603201123653,-0.8288386738878231,0.0,0,-0.16629951791791736,-0.751464564852398,0.14617633655117152,0.6118897775077671,-0.030333213381682968,-6.6103425285679185,-0.8451433238025065,4.891490853263237
discharge,2010-07-29 05:57:18.515000,-1.0539982895601272,B0046,52,605,00605.csv,1.4100282016237429,-0.15118234000337313,0.8848603201123653,-0.80642676683259,81.58755889937873,0,-0.1954353305223338,-0.7418115208448298,0.14617633655117152,0.6118897775077671,-0.030333213381682968,0.05063510064571664,-0.4738776606052686,4.896071448222097
discharge,2010-07-29 10:29:29.765000,-1.0539982895601272,B0046,54,607,00607.csv,1.3395671374926488,-0.15118234000337313,0.8848603201123653,-0.7840148597773569,77.51051546628393,0,-0.16444756670280472,-0.730019427804939,0.14617633655117152,0.6118897775077671,-0.030333213381682968,-0.2014539553075354,-0.2801270082087765,4.851043967086681
discharge,2010-07-29 14:57:39.920999,-1.0539982895601272,B0046,56,609,00609.csv,1.3291515487117478,-0.15118234000337313,0.8848603201123653,-0.7616029527221237,76.90784492242184,0,-0.16696946385772074,-0.7184014183710888,0.14617633655117152,0.6118897775077671,-0.030333213381682968,-0.17209377953047494,-0.15890670488520414,4.812057843592046
discharge,2010-07-29 20:36:49.093000,-1.0539982895601272,B0046,60,613,00613.csv,1.3181687033905718,-0.13289999008469075,1.0451875887057498,-0.7391910456668906,76.27235157662044,0,-0.12241920423435605,-0.7037081567089056,0.14617633655117152,0.7402964873612853,1.4940323510869589,-0.17315560988071002,-0.08647276823151072,4.772909431517868
discharge,2010-07-30 01:03:48.203000,-1.0539982895601272,B0046,62,615,00615.csv,1.312423708466101,-0.13289999008469075,1.0451875887057498,-0.7167791386116575,75.93993261419321,0,-0.1677126208919195,-0.6921414465344705,0.14617633655117152,0.7402964873612853,-0.030333213381682968,6.17379786212838,-0.04256674500864708,-0.0546527882387167
discharge,2010-07-30 05:30:13.452999,-1.0539982895601272,B0046,64,617,00617.csv,1.2993237532162487,-0.13289999008469075,1.0451875887057498,-0.6943672315564244,75.1819382923096,0,-0.16806680407289112,-0.6805991852100696,0.14617633655117152,0.7402964873612853,-0.030333213381682968,-0.48817960220264156,-0.023290956471948936,-0.26019171893470566
discharge,2010-07-30 09:56:07.796000,-1.0539982895601272,B0046,66,619,00619.csv,1.2877483042174591,-0.13289999008469075,1.0451875887057498,-0.6719553245011913,74.51215549939245,0,-0.16839009818224226,-0.6690792404992777,0.14617633655117152,0.7402964873612853,-0.030333213381682968,-0.21252302195023726,-0.019272169442971252,-0.2539790480340141
discharge,2010-07-30 14:21:03.875000,-1.0539982895601272,B0046,68,621,00621.csv,1.2865282739749122,-0.13289999008469075,1.0451875887057498,-0.6495434174459581,74.4415616707313,0,-0.16899955265952696,-0.6576013657170379,0.14617633655117152,0.7402964873612853,-0.030333213381682968,-0.16947657988627576,-0.017523826497428695,-0.2703701280648106
discharge,2010-07-30 19:57:28.859000,-1.0539982895601272,B0046,72,625,00625.csv,1.2719636386987183,-0.08622828751547641,1.0803722381597667,-0.627131510390725,73.59881750641172,0,-0.12413664743441832,-0.6430266571468608,0.14617633655117152,0.7848569014676366,0.4808568442151463,-0.1862437303688559,-0.027470667385872914,-0.2626403204967879
discharge,2010-07-31 00:21:41.811999,-1.0539982895601272,B0046,74,627,00627.csv,1.2714495345417192,-0.08622828751547641,1.0803722381597667,-0.6047196033354919,73.56907022678904,0,-0.16945066027221617,-0.6315799217946236,0.14617633655117152,0.7848569014676366,-0.030333213381682968,-0.16175677447316947,-0.034494141508021985,-0.2914595325970022
discharge,2010-07-31 04:45:24.170999,-1.0539982895601272,B0046,76,629,00629.csv,1.2615423884659074,-0.08622828751547641,1.0803722381597667,-0.5823076962802588,72.99581937758316,0,-0.16977068034204612,-0.620155277052883,0.14617633655117152,0.7848569014676366,-0.030333213381682968,-0.14681052900495015,-0.04673532852729125,-0.29715611659502605
discharge,2010-07-31 09:08:38.405999,-1.0539982895601272,B0046,78,631,00631.csv,1.2421201619204132,-0.08622828751547641,1.0803722381597667,-0.5598957892250257,71.8720035202742,0,-0.17006486367008694,-0.6087509394416224,0.14617633655117152,0.7848569014676366,-0.030333213381682968,-0.183543029118366,-0.0697147268324667,-0.25216079329795604
discharge,2010-07-31 13:31:07.296000,-1.0539982895601272,B0046,80,633,00633.csv,1.2402537441669796,-0.08622828751547641,1.0803722381597667,-0.5374838821697926,71.76400818499386,0,-0.17053918249798586,-0.597379343503357,0.14617633655117152,0.7848569014676366,-0.030333213381682968,-0.18656891193148661,-0.08645834941297749,-0.26022061100275334
discharge,2010-08-03 15:52:53.045999,-1.0539982895601272,B0046,84,637,00637.csv,1.2851130012242886,-0.11922414786991375,1.3300957559099973,-0.5150719751145595,74.35967064985157,0,2.46498590628487,-0.4040805383719717,0.14617633655117152,0.9612566116511204,1.9699344099735923,0.0916074628781588,-0.06339442603692856,-0.2281758363944735
discharge,2010-08-03 21:29:43.953000,-1.0539982895601272,B0046,88,641,00641.csv,1.3043327841699193,-0.13195700957070672,0.998823327354369,-0.49266006805932633,75.47177264277919,0,-0.12386548704802287,-0.38948711191800345,0.14617633655117152,0.7055554291412636,-2.803112458918794,0.183986150297418,-0.033354328874695666,-0.1548685149377091
discharge,2010-08-04 01:56:12.734000,-1.0539982895601272,B0046,90,643,00643.csv,1.2778639041619957,-0.13195700957070672,0.998823327354369,-0.4702481610040932,73.94022078859626,0,-0.16802986901296024,-0.3779423010096873,0.14617633655117152,0.7055554291412636,-0.030333213381682968,0.10645701302817677,-0.03352260074878914,-0.15311918400924973
discharge,2010-08-04 06:20:57.078000,-1.0539982895601272,B0046,92,645,00645.csv,1.272346459165154,-0.13195700957070672,0.998823327354369,-0.4478362539488601,73.62096840191668,0,-0.16912230338327033,-0.36647289956609724,0.14617633655117152,0.7055554291412636,-0.030333213381682968,0.17154836890934447,-0.037844435748982413,-0.19268786698334445
discharge,2010-08-04 10:44:49.390000,-1.0539982895601272,B0046,94,647,00647.csv,1.2477883952768762,-0.13195700957070672,0.998823327354369,-0.425424346893627,72.19998087724714,0,-0.16966656973672717,-0.3550410681912436,0.14617633655117152,0.7055554291412636,-0.030333213381682968,0.06532375769020587,-0.05946276399582146,-0.21668451235509503
discharge,2010-08-04 15:07:58.828000,-1.0539982895601272,B0046,96,649,00649.csv,1.2352499196655526,-0.13195700957070672,0.998823327354369,-0.4030124398383939,71.47447509213643,0,-0.17011504136261332,-0.34364019428731185,0.14617633655117152,0.7055554291412636,-0.030333213381682968,-0.20336771587473643,-0.0834414834295373,-0.16147015389825103
discharge,2010-08-04 20:41:59.500000,-1.0539982895601272,B0046,100,653,00653.csv,1.229251291851949,-0.08996770724383796,1.3164456948732306,-0.38060053278316075,71.12738033226265,0,-0.12564618322008994,-0.32916968720390233,0.14617633655117152,0.962156143099602,2.940400657436348,-0.32142067080561465,-0.10400407895221155,-0.20608132662182294
discharge,2010-08-05 01:04:03.311999,-1.0539982895601272,B0046,102,655,00655.csv,1.223890910501634,-0.08996770724383796,1.3164456948732306,-0.35818862572792765,70.81721601878415,0,-0.17080150400591412,-0.3178161990120028,0.14617633655117152,0.962156143099602,-0.030333213381682968,-0.22260712285939052,-0.12180229461889111,-0.22727014409100615
discharge,2010-08-05 05:25:07.905999,-1.0539982895601272,B0046,104,657,00657.csv,1.205423323571373,-0.08996770724383796,1.3164456948732306,-0.33577671867269454,69.74863786221466,0,-0.17142093751557627,-0.3065054695895694,0.14617633655117152,0.962156143099602,-0.030333213381682968,-0.2832295996922986,-0.1477580157892899,-0.25900279544791677
discharge,2010-08-05 09:45:36.390000,-1.0539982895601272,B0046,106,659,00659.csv,1.1957824090008151,-0.08996770724383796,1.3164456948732306,-0.31336481161746144,69.19079179611226,0,-0.17179865617868856,-0.2952208136439293,0.14617633655117152,0.962156143099602,-0.030333213381682968,-0.21339912651479498,-0.1724175737673587,-0.249806477340467
discharge,2010-08-05 14:05:44.828000,-1.0539982895601272,B0046,108,661,00661.csv,1.190072949669846,-0.08996770724383796,1.3164456948732306,-0.29095290456222833,68.8604290069761,0,-0.1720083418310883,-0.28395063205321425,0.14617633655117152,0.962156143099602,-0.030333213381682968,-0.18143099185065079,-0.1932134343175955,-0.24558068915902598
discharge,2010-08-05 19:37:08.125000,-1.0539982895601272,B0046,112,665,00665.csv,1.179201763233652,-0.031270127639464,1.3621084324261956,-0.26854099750699517,68.2313965077341,0,-0.1272923609064228,-0.26959375868689006,0.14617633655117152,1.0192675249607412,0.588834709398772,-0.2042405157719815,-0.21537174769005998,-0.2477611458917923
discharge,2010-08-05 23:56:22.437000,-1.0539982895601272,B0046,114,667,00667.csv,1.169504032514554,-0.031270127639464,1.3621084324261956,-0.2461290904517621,67.67026292521172,0,-0.1725745118927274,-0.25836265915222567,0.14617633655117152,1.0192675249607412,-0.030333213381682968,-0.22454460687593508,-0.23754304957637412,-0.2722607198425849
discharge,2010-08-06 04:15:03.234000,-1.0539982895601272,B0046,116,669,00669.csv,1.16772376849918,-0.031270127639464,1.3621084324261956,-0.22371718339652896,67.56725264850695,0,-0.17292508628610276,-0.24715575935721568,0.14617633655117152,1.0192675249607412,-0.030333213381682968,-0.1464275598186855,-0.25368220835695243,-0.2865807232767702
discharge,2010-08-06 08:33:24.750000,-1.0539982895601272,B0046,118,671,00671.csv,1.1579256145829042,-0.031270127639464,1.3621084324261956,-0.20130527634129586,67.00030834283368,0,-0.17312676985700148,-0.23596278154281972,0.14617633655117152,1.0192675249607412,-0.030333213381682968,-0.14716363195148618,-0.27191736056119836,-0.2877830781790844
discharge,2010-08-06 12:51:21.000000,-1.0539982895601272,B0046,120,673,00673.csv,1.1499812813376982,-0.031270127639464,1.3621084324261956,-0.17889336928606273,66.54063047553063,0,-0.17339105786604284,-0.22478804722005752,0.14617633655117152,1.0192675249607412,-0.030333213381682968,-0.15762557073075623,-0.29013542922005175,-0.2961867124073638
discharge,2010-08-06 18:20:37.375000,-1.0539982895601272,B0046,124,677,00677.csv,1.150285902223034,0.0029400582707325086,1.2356645324495807,-0.15648146223082962,66.5582565587506,0,-0.12861999340399063,-0.2105228187696345,0.14617633655117152,0.9366711574177004,-0.9133033667776959,-0.10530914640724387,-0.3020483912464432,-0.31285249491528094
discharge,2010-08-06 22:37:51.968000,-1.0539982895601272,B0046,126,679,00679.csv,1.1349452274085248,0.0029400582707325086,1.2356645324495807,-0.13406955517559652,65.6706089155732,0,-0.17382679939982879,-0.19937816317445065,0.14617633655117152,0.9366711574177004,-0.030333213381682968,-0.13172501500947628,-0.3216948648989095,-0.28928874493319884
discharge,2010-08-07 02:54:46.295999,-1.0539982895601272,B0046,128,681,00681.csv,1.1380960963513609,0.0029400582707325086,1.2356645324495807,-0.11165764812036338,65.85292562750975,0,-0.17403877584119315,-0.1882481400646703,0.14617633655117152,0.9366711574177004,-0.030333213381682968,-0.10864129167609383,-0.3323884905311632,-0.311034487322528
discharge,2010-08-07 07:11:08.670999,-1.0539982895601272,B0046,130,683,00683.csv,1.123711172150547,0.0029400582707325086,1.2356645324495807,-0.08924574106513028,65.0205799700644,0,-0.17437301135487207,-0.17714118884082095,0.14617633655117152,0.9366711574177004,-0.030333213381682968,-0.1301129772176022,-0.35049286269422997,-0.29683205432678317
discharge,2010-08-07 11:26:50.984000,-1.0539982895601272,B0046,132,685,00685.csv,0.0,0.0029400582707325086,1.2356645324495807,-0.06683383400989716,0.0,0,-0.17479206882158332,-0.16606316466294618,0.14617633655117152,0.9366711574177004,-0.030333213381682968,-5.353264174341639,-1.219922137502362,3.9526043948024303
discharge,2010-08-10 15:39:28.920999,-1.0539982895601272,B0046,136,689,00689.csv,1.214119211354098,-0.02011168211602565,1.3615611930163682,-0.04442192695466404,70.25180244845376,0,2.5345692696190314,0.03203889851805259,0.14617633655117152,1.0231379474109736,0.9130439379966966,0.32887021989572385,-0.8732031957660327,4.023474704898574
discharge,2010-08-10 21:13:49.640000,-1.0539982895601272,B0046,140,693,00693.csv,1.211944797522819,-0.035784084257188084,1.0661386216439988,-0.022010019899430928,70.12598573335063,0,-0.1254364871074666,0.046523880678444256,0.14617633655117152,0.7934505308479678,-2.483414388008889,0.39050439777080354,-0.6437162505743605,4.100337222079326
discharge,2010-08-11 01:35:02.781000,-1.0539982895601272,B0046,142,695,00695.csv,1.1971248679331925,-0.035784084257188084,1.0661386216439988,0.00040188715580218915,69.26846963765415,0,-0.17133153398461462,0.05784078152187791,0.14617633655117152,0.7934505308479678,-0.030333213381682968,0.3063791176538612,-0.5020321389388467,4.1537770363745645
discharge,2010-08-11 05:54:59.280999,-1.0539982895601272,B0046,144,697,00697.csv,1.1822892151870987,-0.035784084257188084,1.0661386216439988,0.022813794211035306,68.41004376302357,0,-0.1721332159906792,0.06910234319565452,0.14617633655117152,0.7934505308479678,-0.030333213381682968,0.3042691577063451,-0.4188952459957059,4.200058590832293
discharge,2010-08-11 10:14:04.421000,-1.0539982895601272,B0046,146,699,00699.csv,1.1645336676778395,-0.035784084257188084,1.0661386216439988,0.04522570126626842,67.38266588750717,0,-0.17267045305296802,0.08032682002442866,0.14617633655117152,0.7934505308479678,-0.030333213381682968,5.481491892232582,-0.3770176289143973,-0.21387055259218485
discharge,2010-08-11 14:32:46.655999,-1.0539982895601272,B0046,148,701,00701.csv,1.1535559567518647,-0.035784084257188084,1.0661386216439988,0.06763760832150154,66.74746962992741,0,-0.172910044495051,0.09153475813665261,0.14617633655117152,0.7934505308479678,-0.030333213381682968,-0.25345759101066384,-0.357474899024572,-0.18999754897840435
discharge,2010-08-12 12:34:22.109000,-1.0539982895601272,B0046,152,705,00705.csv,1.1601987101282063,0.017064498013805007,1.2985982536019525,0.09004951537673465,67.13183501476311,0,0.49417207439634825,0.14879059338674502,0.14617633655117152,0.9897429886522294,2.190561661358183,-0.21218248240382626,-0.33937818036336953,-0.23985596820268307
discharge,2010-08-12 18:04:47.218000,-1.0539982895601272,B0046,156,709,00709.csv,1.1711716308206082,-0.0373030904110612,1.2633810907733982,0.11246142243196777,67.76675409812515,0,-0.12790102039625495,0.16310545170156945,0.14617633655117152,0.9422028045550964,-0.5422378681296204,-0.09144044909515679,-0.3189416745702866,-0.29837781663757484
discharge,2010-08-12 22:24:12.484000,-1.0539982895601272,B0046,158,711,00711.csv,1.1563410270783216,-0.0373030904110612,1.2633810907733982,0.13487332948720088,66.90862037076866,0,-0.17245993060360212,0.17434446064838283,0.14617633655117152,0.9422028045550964,-0.030333213381682968,-0.09141681359232531,-0.3166326666089986,-0.3327461328571517
discharge,2010-08-13 02:42:32.030999,-1.0539982895601272,B0046,160,713,00713.csv,1.141082456193516,-0.0373030904110612,1.2633810907733982,0.157285236542434,66.0257234546993,0,-0.17314736604769607,0.1855360167318651,0.14617633655117152,0.9422028045550964,-0.030333213381682968,-0.07972791409249716,-0.3267351839710173,-0.29904229190274784
discharge,2010-08-13 06:59:39.343000,-1.0539982895601272,B0046,162,715,00715.csv,1.1352383596118123,-0.0373030904110612,1.2633810907733982,0.1796971435976671,65.68757023654074,0,-0.17390296027727448,0.19667541503090608,0.14617633655117152,0.9422028045550964,-0.030333213381682968,-0.055696330635366505,-0.33792907517372656,-0.2675903789533763
discharge,2010-08-13 11:16:29.327999,-1.0539982895601272,B0046,164,717,00717.csv,0.0,-0.0373030904110612,1.2633810907733982,0.20210905065290022,0.0,0,-0.17408420459221297,0.20780230224722623,0.14617633655117152,0.9422028045550964,-0.030333213381682968,-5.401094216925652,-1.2115462791553595,4.007734066543887
discharge,2010-08-16 10:57:07.937000,-1.0539982895601272,B0046,168,721,00721.csv,1.2530847858282803,0.022355040668756158,1.4545258317465743,0.22452095770813335,72.50644253210565,0,2.36386545003997,0.3941208807530833,0.14617633655117152,1.1098298780130187,1.7960072667688725,0.41350597473395856,-0.8378896641097385,4.1029355296785095
discharge,2010-08-16 16:33:48.968000,-1.0539982895601272,B0046,172,725,00725.csv,1.2050453590356518,0.02368666959590869,0.9614221150743042,0.24693286476336646,69.72676794231909,0,-0.12396879222658617,0.40870717617160396,0.14617633655117152,0.7370041742767081,-3.929656803133568,0.2580481337027199,-0.625437971650502,4.149895525303511
discharge,2010-08-16 20:54:56.609000,-1.0539982895601272,B0046,174,727,00727.csv,1.19119860196273,0.02368666959590869,0.9614221150743042,0.26934477181859956,68.92556190477215,0,-0.17138906521431965,0.4200201057016527,0.14617633655117152,0.7370041742767081,-0.030333213381682968,0.26465714621728115,-0.4943681921930301,4.192842518834386
discharge,2010-08-17 01:14:42.109000,-1.0539982895601272,B0046,176,729,00729.csv,1.17463817374538,0.02368666959590869,0.9614221150743042,0.29175667887383266,67.96733645153222,0,-0.17224827843962906,0.43127372474938114,0.14617633655117152,0.7370041742767081,-0.030333213381682968,0.21449162913987893,-0.41962347537586775,4.223186287381913
discharge,2010-08-17 05:33:53.718000,-1.0539982895601272,B0046,178,731,00731.csv,1.1555432048235512,0.02368666959590869,0.9614221150743042,0.3141685859290658,66.86245649253746,0,-0.17260278587707154,0.4425028725640311,0.14617633655117152,0.7370041742767081,-0.030333213381682968,5.439405548399183,-0.3843625828558034,-0.0765882709528244
discharge,2010-08-17 09:52:05.375000,-1.0539982895601272,B0046,180,733,00733.csv,1.1538041170229467,0.02368666959590869,0.9614221150743042,0.33658049298429893,66.76182876878015,0,-0.17322989720130366,0.4536887316186704,0.14617633655117152,0.7370041742767081,-0.030333213381682968,-0.43470236482279123,-0.3621821957503094,-0.20171224011462677
discharge,2010-07-21 15:00:35.093000,-1.0539982895601272,B0048,0,369,00369.csv,1.6579955793677608,-2.9718673543855942,-2.5541708922443727,-1.2546649079372523,100.0,19,-0.3352760930883402,-1.2173607181576145,-6.841052550594827,-3.0749766758377546,-0.030333213381682968,0.030052390418546782,0.8362298549816766,-0.3921908713000117
discharge,2010-07-21 21:02:56.984000,-1.0539982895601272,B0048,4,373,00373.csv,1.5076933476098775,-0.2546863764211239,1.345515953659736,-1.2322530008820192,90.93470250293444,18,-0.10785105211689362,-1.201661834022281,0.14617633655117152,0.9209151766671314,-0.030333213381682968,0.030052390418546782,0.7215535230862122,0.5159659954605923
discharge,2010-07-22 01:40:06.217999,-1.0539982895601272,B0048,6,375,00375.csv,1.4989223343608031,-0.2546863764211239,1.345515953659736,-1.209841093826786,90.40568943690329,17,-0.16133058744918732,-1.189654579556253,0.14617633655117152,0.9209151766671314,-0.030333213381682968,0.030052390418546782,0.638410601280913,0.3718712614333847
discharge,2010-07-22 06:16:21.780999,-1.0539982895601272,B0048,8,377,00377.csv,1.4782919502497789,-0.2546863764211239,1.345515953659736,-1.187429186771553,89.16139274710805,16,-0.16189199809863608,-1.177686078609628,0.14617633655117152,0.9209151766671314,-0.030333213381682968,0.030052390418546782,0.5672415898931351,0.3122528117415646
discharge,2010-07-22 10:51:48.203000,-1.0539982895601272,B0048,10,379,00379.csv,1.461856891390611,-0.2546863764211239,1.345515953659736,-1.1650172797163199,88.17013203063286,15,-0.162406023935255,-1.1657530602642907,0.14617633655117152,0.9209151766671314,-0.030333213381682968,0.030052390418546782,0.5072560994046393,0.28001836278816516
discharge,2010-07-22 15:26:29.359000,-1.0539982895601272,B0048,12,381,00381.csv,1.4509592706473475,-0.2546863764211239,1.345515953659736,-1.1426053726610867,87.51285520318686,14,-0.1628795164264113,-1.1538527265508913,0.14617633655117152,0.9209151766671314,-0.030333213381682968,-0.939130333099292,0.45895119744818924,-0.1873167413562042
discharge,2010-07-23 09:59:08.718000,-1.0539982895601272,B0048,16,385,00385.csv,1.451746997147108,-0.2534518728555336,1.0904524651165501,-1.1201934656058536,87.56036597520355,13,0.3630417282917095,-1.1056486654648467,0.14617633655117152,0.7282763994816436,-2.1403640638916137,-0.23184484223359378,0.4273489424127784,-0.21844372982712448
discharge,2010-07-23 15:44:51.670999,-1.0539982895601272,B0048,20,389,00389.csv,1.444392866287476,-0.22177192266913018,1.2923608753316083,-1.0977815585506205,87.1168104584611,12,-0.11830016695264366,-1.0906710714848213,0.14617633655117152,0.8933094468594838,1.868883449648797,-0.2252121025871448,0.4006697795156896,-0.27923637082445185
discharge,2010-07-23 20:19:02.359000,-1.0539982895601272,B0048,22,391,00391.csv,1.432738323965376,-0.22177192266913018,1.2923608753316083,-1.0753696514953874,86.41388082058207,11,-0.16319821850806981,-1.078792737402739,0.14617633655117152,0.8933094468594838,-0.030333213381682968,-0.1831942031924917,0.37399158629727824,-0.30053969471353387
discharge,2010-07-24 00:52:14.625000,-1.0539982895601272,B0048,24,393,00393.csv,1.417241201438662,-0.22177192266913018,1.2923608753316083,-1.0529577444401543,85.47919060068271,10,-0.16380932570068057,-1.0669565873342117,0.14617633655117152,0.8933094468594838,-0.030333213381682968,-0.17880351590294163,0.3443822600246172,-0.26789294955839116
discharge,2010-07-24 05:24:46.453000,-1.0539982895601272,B0048,26,395,00395.csv,1.4057559944573452,-0.22177192266913018,1.2923608753316083,-1.0305458373849212,84.78647421927377,9,-0.1642323162219192,-1.0551496358058052,0.14617633655117152,0.8933094468594838,-0.030333213381682968,-0.1815541369607541,0.31587982260906805,-0.23020566899904232
discharge,2010-07-24 09:56:39.000000,-1.0539982895601272,B0048,28,397,00397.csv,1.3902706269897065,-0.22177192266913018,1.2923608753316083,-1.0081339303296881,83.85249299155882,8,-0.16464320426447257,-1.0433710473975943,0.14617633655117152,0.8933094468594838,-0.030333213381682968,-0.2577320867554637,0.28506330231436183,-0.20926172051305558
discharge,2010-07-27 16:12:05.718000,-1.0539982895601272,B0048,32,401,00401.csv,1.4196659307880326,-0.2376355550921765,1.0390836275109523,-0.9857220232744549,85.62543522156977,7,2.611648366421698,-0.8399483044673804,0.14617633655117152,0.6954575260157768,-2.2125410481446326,-0.08569986018771462,0.28694673696264583,-0.2556695614229759
discharge,2010-07-27 21:56:24.312000,-1.0539982895601272,B0048,36,405,00405.csv,1.4190563985232272,-0.19834506756910444,1.0300529980376651,-0.9633101162192218,85.58867201952084,6,-0.11918258094339935,-0.8250316224913329,0.14617633655117152,0.7037074932289844,0.06543462266423436,-0.03399572676894007,0.28773730426371125,-0.28458268360056077
discharge,2010-07-28 02:29:37.343000,-1.0539982895601272,B0048,38,407,00407.csv,1.404272356704056,-0.19834506756910444,1.0300529980376651,-0.9408982091639887,84.69699040087572,5,-0.16380132362963978,-0.8131949200492163,0.14617633655117152,0.7037074932289844,-0.030333213381682968,-0.03065763836070015,0.27698454532123756,-0.2882888502393841
discharge,2010-07-28 07:01:57.686999,-1.0539982895601272,B0048,40,409,00409.csv,1.3916140490958342,-0.19834506756910444,1.0300529980376651,-0.9184863021087556,83.93351987262203,4,-0.16435244144000352,-0.8013962606238798,0.14617633655117152,0.7037074932289844,-0.030333213381682968,-0.03614918169226018,0.26015811034856934,-0.2706436553894436
discharge,2010-07-28 11:33:01.828000,-1.0539982895601272,B0048,42,411,00411.csv,1.3749618350294734,-0.19834506756910444,1.0300529980376651,-0.8960743950535225,82.92916170221541,3,-0.16514954183675823,-0.7896526241050773,0.14617633655117152,0.7037074932289844,-0.030333213381682968,-0.041611448535532135,0.2362353208843317,-0.22966438385911175
discharge,2010-07-28 16:03:39.015000,-1.0539982895601272,B0048,44,413,00413.csv,1.3545155713071164,-0.19834506756910444,1.0300529980376651,-0.8736624879982893,81.69597001118846,2,-0.16543148671366747,-0.7779284499108116,0.14617633655117152,0.7037074932289844,-0.030333213381682968,-0.2749308428613214,0.20468687634858057,-0.17730387368781458
discharge,2010-07-28 21:45:15.500000,-1.0539982895601272,B0048,48,417,00417.csv,1.3440223073315984,-0.17895399336712356,1.428928067519127,-0.8512505809430562,81.06308147360146,1,-0.12087827732817287,-0.7631288198695884,0.14617633655117152,1.0131484572529867,3.5538980962911757,-0.3211987756558725,0.17564851775102314,-0.1783179409033343
discharge,2010-07-29 02:14:29.702999,-1.0539982895601272,B0048,50,419,00419.csv,0.0,-0.17895399336712356,1.428928067519127,-0.8288386738878231,0.0,0,-0.16629951791791736,-0.751464564852398,0.14617633655117152,1.0131484572529867,-0.030333213381682968,-6.543656905515498,-0.8691612172055262,4.83130202579014
discharge,2010-07-29 05:57:18.515000,-1.0539982895601272,B0048,52,421,00421.csv,1.372384475860572,-0.17895399336712356,1.428928067519127,-0.80642676683259,82.7737113981872,0,-0.1954353305223338,-0.7418115208448298,0.14617633655117152,1.0131484572529867,-0.030333213381682968,-0.05996549231623892,-0.5186106826269311,4.811716853515075
discharge,2010-07-29 10:29:29.765000,-1.0539982895601272,B0048,54,423,00423.csv,1.318410575267441,-0.17895399336712356,1.428928067519127,-0.7840148597773569,79.51834080101634,0,-0.16444756670280472,-0.730019427804939,0.14617633655117152,1.0131484572529867,-0.030333213381682968,-0.23467655636994136,-0.32609087869022396,4.759248698652556
discharge,2010-07-29 14:57:39.920999,-1.0539982895601272,B0048,56,425,00425.csv,1.3112727599578604,-0.17895399336712356,1.428928067519127,-0.7616029527221237,79.08783209529936,0,-0.16696946385772074,-0.7184014183710888,0.14617633655117152,1.0131484572529867,-0.030333213381682968,-0.17237676770867116,-0.20319029298795874,4.7193535099806265
discharge,2010-07-29 20:36:49.093000,-1.0539982895601272,B0048,60,429,00429.csv,1.2970172419001187,-0.02462173794073768,1.3343553269945916,-0.7391910456668906,78.22802774870527,0,-0.12241920423435605,-0.7037081567089056,0.14617633655117152,1.000808110657164,-0.16245121468014392,-0.189988710659701,-0.13213312438467623,4.676198183950885
discharge,2010-07-30 01:03:48.203000,-1.0539982895601272,B0048,62,431,00431.csv,1.2995219526631718,-0.02462173794073768,1.3343553269945916,-0.7167791386116575,78.3790963519164,0,-0.1677126208919195,-0.6921414465344705,0.14617633655117152,1.000808110657164,-0.030333213381682968,6.113401891467354,-0.08285065550993223,-0.12985917809213257
discharge,2010-07-30 05:30:13.452999,-1.0539982895601272,B0048,64,433,00433.csv,1.2826154066729571,-0.02462173794073768,1.3343553269945916,-0.6943672315564244,77.35939845883387,0,-0.16806680407289112,-0.6805991852100696,0.14617633655117152,1.000808110657164,-0.030333213381682968,-0.3901764646099902,-0.06289489044012223,-0.2742709296769512
discharge,2010-07-30 09:56:07.796000,-1.0539982895601272,B0048,66,435,00435.csv,1.2752890152407,-0.02462173794073768,1.3343553269945916,-0.6719553245011913,76.91751601213574,0,-0.16839009818224226,-0.6690792404992777,0.14617633655117152,1.000808110657164,-0.030333213381682968,-0.17180916346711875,-0.055180875538876746,-0.2702951751979417
discharge,2010-07-30 14:21:03.875000,-1.0539982895601272,B0048,68,437,00437.csv,1.2735572473264072,-0.02462173794073768,1.3343553269945916,-0.6495434174459581,76.81306652289445,0,-0.16899955265952696,-0.6576013657170379,0.14617633655117152,1.000808110657164,-0.030333213381682968,-0.14650226068077143,-0.051359488647338844,-0.2889039552828968
discharge,2010-07-30 19:57:28.859000,-1.0539982895601272,B0048,72,441,00441.csv,1.2594114333938535,-0.10924460809237839,1.3798319717932528,-0.627131510390725,75.9598788480547,0,-0.12413664743441832,-0.6430266571468608,0.14617633655117152,1.0027447860907286,-0.00953603496012124,-0.14598871142224742,-0.05960475145433658,-0.2671093867546604
discharge,2010-07-31 00:21:41.811999,-1.0539982895601272,B0048,74,443,00443.csv,1.2631632585495876,-0.10924460809237839,1.3798319717932528,-0.6047196033354919,76.18616564896189,0,-0.16945066027221617,-0.6315799217946236,0.14617633655117152,1.0027447860907286,-0.030333213381682968,-0.1401506932934129,-0.06223905734239837,-0.3116484274023675
discharge,2010-07-31 04:45:24.170999,-1.0539982895601272,B0048,76,445,00445.csv,1.2491717310136363,-0.10924460809237839,1.3798319717932528,-0.5823076962802588,75.3422835717077,0,-0.16977068034204612,-0.620155277052883,0.14617633655117152,1.0027447860907286,-0.030333213381682968,-0.1265048475861123,-0.07467039919933685,-0.3005219192819282
discharge,2010-07-31 09:08:38.405999,-1.0539982895601272,B0048,78,447,00447.csv,1.233984347835307,-0.10924460809237839,1.3798319717932528,-0.5598957892250257,74.4262749063456,0,-0.17006486367008694,-0.6087509394416224,0.14617633655117152,1.0027447860907286,-0.030333213381682968,-0.1633038875086119,-0.09454550224297725,-0.26384415097881364
discharge,2010-07-31 13:31:07.296000,-1.0539982895601272,B0048,80,449,00449.csv,1.240031992028868,-0.10924460809237839,1.3798319717932528,-0.5374838821697926,74.79103125846248,0,-0.17053918249798586,-0.597379343503357,0.14617633655117152,1.0027447860907286,-0.030333213381682968,-0.12688673990461763,-0.10318139026679875,-0.2862536037817001
discharge,2010-08-03 15:52:53.045999,-1.0539982895601272,B0048,84,453,00453.csv,1.30370857198071,-0.06884375249690966,1.2153632093551268,-0.5150719751145595,78.63160723732749,0,2.46498590628487,-0.4040805383719717,0.14617633655117152,0.8937363253715913,-1.200375258093541,0.23741708738884068,-0.060355227857580254,-0.15455965702239918
discharge,2010-08-03 21:29:43.953000,-1.0539982895601272,B0048,88,457,00457.csv,1.315055963470538,-0.11057970839772994,1.3158156744130933,-0.49266006805932633,79.31601144389089,0,-0.12386548704802287,-0.38948711191800345,0.14617633655117152,0.9537643140346109,0.6316742961614541,0.27297361228940215,-0.023146715654881654,-0.06730277610055309
discharge,2010-08-04 01:56:12.734000,-1.0539982895601272,B0048,90,459,00459.csv,1.2888738300982074,-0.11057970839772994,1.3158156744130933,-0.4702481610040932,77.73686770562382,0,-0.16802986901296024,-0.3779423010096873,0.14617633655117152,0.9537643140346109,-0.030333213381682968,0.21590669181126595,-0.01831726463379967,-0.07483607069282008
discharge,2010-08-04 06:20:57.078000,-1.0539982895601272,B0048,92,461,00461.csv,1.2877137595885193,-0.11057970839772994,1.3158156744130933,-0.4478362539488601,77.66689945455462,0,-0.16912230338327033,-0.36647289956609724,0.14617633655117152,0.9537643140346109,-0.030333213381682968,0.2815716429488417,-0.015982731454477855,-0.1476383356568976
discharge,2010-08-04 10:44:49.390000,-1.0539982895601272,B0048,94,463,00463.csv,1.2673379985315465,-0.11057970839772994,1.3158156744130933,-0.425424346893627,76.4379600466014,0,-0.16966656973672717,-0.3550410681912436,0.14617633655117152,0.9537643140346109,-0.030333213381682968,0.15787784245749334,-0.029972502697546796,-0.2379323136271914
discharge,2010-08-04 15:07:58.828000,-1.0539982895601272,B0048,96,465,00465.csv,1.250594345697306,-0.11057970839772994,1.3158156744130933,-0.4030124398383939,75.42808685739632,0,-0.17011504136261332,-0.34364019428731185,0.14617633655117152,0.9537643140346109,-0.030333213381682968,-0.21858704294967685,-0.05207394819031849,-0.1840263160648483
discharge,2010-08-04 20:41:59.500000,-1.0539982895601272,B0048,100,469,00469.csv,1.2487131179395878,-0.11878855278975566,1.4127815447485244,-0.38060053278316075,75.31462287829238,0,-0.12564618322008994,-0.32916968720390233,0.14617633655117152,1.0240266644529281,0.7329964585305861,-0.280513133643417,-0.06824356850832658,-0.2268486420847389
discharge,2010-08-05 01:04:03.311999,-1.0539982895601272,B0048,102,471,00471.csv,1.248002326082933,-0.11878855278975566,1.4127815447485244,-0.35818862572792765,75.27175232631383,0,-0.17080150400591412,-0.3178161990120028,0.14617633655117152,1.0240266644529281,-0.030333213381682968,-0.1612761539349316,-0.079565629376013,-0.245389693532545
discharge,2010-08-05 05:25:07.905999,-1.0539982895601272,B0048,104,473,00473.csv,1.2300895244599586,-0.11878855278975566,1.4127815447485244,-0.33577671867269454,74.19136334060828,0,-0.17142093751557627,-0.3065054695895694,0.14617633655117152,1.0240266644529281,-0.030333213381682968,-0.23969939122642953,-0.10078062858887628,-0.2793540864542443
discharge,2010-08-05 09:45:36.390000,-1.0539982895601272,B0048,106,475,00475.csv,1.2244197121500937,-0.11878855278975566,1.4127815447485244,-0.31336481161746144,73.84939546201917,0,-0.17179865617868856,-0.2952208136439293,0.14617633655117152,1.0240266644529281,-0.030333213381682968,-0.17085759460280886,-0.11924986707846924,-0.2881932282742207
discharge,2010-08-05 14:05:44.828000,-1.0539982895601272,B0048,108,477,00477.csv,1.2186682845116386,-0.11878855278975566,1.4127815447485244,-0.29095290456222833,73.50250505350263,0,-0.1720083418310883,-0.28395063205321425,0.14617633655117152,1.0240266644529281,-0.030333213381682968,-0.11940055878809454,-0.13595086859577732,-0.2748200578842837
discharge,2010-08-05 19:37:08.125000,-1.0539982895601272,B0048,112,481,00481.csv,1.2037865236033616,-0.09446236923620804,1.4872477682182097,-0.26854099750699517,72.60492962607286,0,-0.1272923609064228,-0.26959375868689006,0.14617633655117152,1.0897473266373698,0.6714168756008975,-0.180258928046685,-0.15843923030540333,-0.25404692301364695
discharge,2010-08-05 23:56:22.437000,-1.0539982895601272,B0048,114,483,00483.csv,1.1947642300832226,-0.09446236923620804,1.4872477682182097,-0.2461290904517621,72.06076089411644,0,-0.1725745118927274,-0.25836265915222567,0.14617633655117152,1.0897473266373698,-0.030333213381682968,-0.2191669044713259,-0.18031522502667366,-0.26668098097356835
discharge,2010-08-06 04:15:03.234000,-1.0539982895601272,B0048,116,485,00485.csv,1.2052091893871495,-0.09446236923620804,1.4872477682182097,-0.22371718339652896,72.69073599380337,0,-0.17292508628610276,-0.24715575935721568,0.14617633655117152,1.0897473266373698,-0.030333213381682968,-0.08641795749740773,-0.1869300143589453,-0.289760974811321
discharge,2010-08-06 08:33:24.750000,-1.0539982895601272,B0048,118,487,00487.csv,1.1955746593628465,-0.09446236923620804,1.4872477682182097,-0.20130527634129586,72.10964095686865,0,-0.17312676985700148,-0.23596278154281972,0.14617633655117152,1.0897473266373698,-0.030333213381682968,-0.10497767746250657,-0.19869074655089128,-0.3097690848810966
discharge,2010-08-06 12:51:21.000000,-1.0539982895601272,B0048,120,489,00489.csv,1.1888497102149884,-0.09446236923620804,1.4872477682182097,-0.17889336928606273,71.70403377482644,0,-0.17339105786604284,-0.22478804722005752,0.14617633655117152,1.0897473266373698,-0.030333213381682968,-0.1095349468309459,-0.2116621797848609,-0.33409809482651237
discharge,2010-08-06 18:20:37.375000,-1.0539982895601272,B0048,124,493,00493.csv,1.1915605250807406,-0.04499771186551453,1.7992217469095275,-0.15648146223082962,71.8675332979546,0,-0.12861999340399063,-0.2105228187696345,0.14617633655117152,1.3449420229767919,2.651577013641957,-0.02718021104693015,-0.21824152722784174,-0.33915598048047957
discharge,2010-08-06 22:37:51.968000,-1.0539982895601272,B0048,126,495,00495.csv,1.1726587153109655,-0.04499771186551453,1.7992217469095275,-0.13406955517559652,70.72749348090134,0,-0.17382679939982879,-0.19937816317445065,0.14617633655117152,1.3449420229767919,-0.030333213381682968,-0.07342841033641549,-0.23704930260359947,-0.2907334527790534
discharge,2010-08-07 02:54:46.295999,-1.0539982895601272,B0048,128,497,00497.csv,1.1841133872494156,-0.04499771186551453,1.7992217469095275,-0.11165764812036338,71.41836817809553,0,-0.17403877584119315,-0.1882481400646703,0.14617633655117152,1.3449420229767919,-0.030333213381682968,-0.06870172231176039,-0.24084823032369712,-0.31687588907762715
discharge,2010-08-07 07:11:08.670999,-1.0539982895601272,B0048,130,499,00499.csv,1.1576825122317769,-0.04499771186551453,1.7992217469095275,-0.08924574106513028,69.82422188804827,0,-0.17437301135487207,-0.17714118884082095,0.14617633655117152,1.3449420229767919,-0.030333213381682968,-0.14732912581599067,-0.2635468553916937,-0.2732059251769151
discharge,2010-08-07 11:26:50.984000,-1.0539982895601272,B0048,132,501,00501.csv,0.0,-0.04499771186551453,1.7992217469095275,-0.06683383400989716,0.0,0,-0.17479206882158332,-0.16606316466294618,0.14617633655117152,1.3449420229767919,-0.030333213381682968,-5.53521588122327,-1.1619581326340043,4.10505784494058
discharge,2010-08-10 15:39:28.920999,-1.0539982895601272,B0048,136,505,00505.csv,1.259355851168598,-0.10223441977295328,1.7527447997548766,-0.04442192695466404,75.95652647329885,0,2.5345692696190314,0.03203889851805259,0.14617633655117152,1.2877751515537779,-0.5964277483648163,0.34741729701732454,-0.8000462551039116,4.180775627681582
discharge,2010-08-10 21:13:49.640000,-1.0539982895601272,B0048,140,509,00509.csv,1.265883375278026,-0.0548172668646918,1.6846333971912908,-0.022010019899430928,76.35022620269845,0,-0.1254364871074666,0.046523880678444256,0.14617633655117152,1.2544146505128948,-0.3650140712777783,0.46645762969429766,-0.553791354672205,4.274771918383307
discharge,2010-08-11 01:35:02.781000,-1.0539982895601272,B0048,142,511,00511.csv,1.247259867318412,-0.0548172668646918,1.6846333971912908,0.00040188715580218915,75.22697182305073,0,-0.17133153398461462,0.05784078152187791,0.14617633655117152,1.2544146505128948,-0.030333213381682968,0.325655021242503,-0.40383062842514517,4.332692984054341
discharge,2010-08-11 05:54:59.280999,-1.0539982895601272,B0048,144,513,00513.csv,1.232808747256218,-0.0548172668646918,1.6846333971912908,0.022813794211035306,74.3553699779056,0,-0.1721332159906792,0.06910234319565452,0.14617633655117152,1.2544146505128948,-0.030333213381682968,0.3817349021414292,-0.3148826048965718,4.390875749262661
discharge,2010-08-11 10:14:04.421000,-1.0539982895601272,B0048,146,515,00515.csv,1.2319592783041904,-0.0548172668646918,1.6846333971912908,0.04522570126626842,74.3041352844843,0,-0.17267045305296802,0.08032682002442866,0.14617633655117152,1.2544146505128948,-0.030333213381682968,5.797126079035763,-0.25623204321637294,-0.2614847377783039
discharge,2010-08-11 14:32:46.655999,-1.0539982895601272,B0048,148,517,00517.csv,1.220785786262778,-0.0548172668646918,1.6846333971912908,0.06763760832150154,73.63021961302799,0,-0.172910044495051,0.09153475813665261,0.14617633655117152,1.2544146505128948,-0.030333213381682968,-0.15050260876356902,-0.22565672568845152,-0.24370323727572182
discharge,2010-08-12 12:34:22.109000,-1.0539982895601272,B0048,152,521,00521.csv,1.2275441303266783,-0.11259390894912102,1.8125856502287139,0.09004951537673465,74.03784096907994,0,0.49417207439634825,0.14879059338674502,0.14617633655117152,1.329103702041546,0.7247397495092994,-0.14942208953725397,-0.2001167561918293,-0.30900274001979183
discharge,2010-08-12 18:04:47.218000,-1.0539982895601272,B0048,156,525,00525.csv,1.2386788414290355,-0.07119998783265155,1.7168534577597487,0.11246142243196777,74.70941761505647,0,-0.12790102039625495,0.16310545170156945,0.14617633655117152,1.272518171985714,-0.5926861531614241,-0.010117288481949847,-0.17459464168971697,-0.3352927148438525
discharge,2010-08-12 22:24:12.484000,-1.0539982895601272,B0048,158,527,00527.csv,1.2283577755407058,-0.07119998783265155,1.7168534577597487,0.13487332948720088,74.08691499702988,0,-0.17245993060360212,0.17434446064838283,0.14617633655117152,1.272518171985714,-0.030333213381682968,0.009216407994969244,-0.16545457868129526,-0.33626199385318123
discharge,2010-08-13 02:42:32.030999,-1.0539982895601272,B0048,160,529,00529.csv,1.2095481507570451,-0.07119998783265155,1.7168534577597487,0.157285236542434,72.95243520602625,0,-0.17314736604769607,0.1855360167318651,0.14617633655117152,1.272518171985714,-0.030333213381682968,-0.07485905128697427,-0.17371241256454242,-0.3004193726578049
discharge,2010-08-13 06:59:39.343000,-1.0539982895601272,B0048,162,531,00531.csv,1.2082142070681048,-0.07119998783265155,1.7168534577597487,0.1796971435976671,72.87198000424283,0,-0.17390296027727448,0.19667541503090608,0.14617633655117152,1.272518171985714,-0.030333213381682968,-0.028797950558442757,-0.1802353962831567,-0.279690514191815
discharge,2010-08-13 11:16:29.327999,-1.0539982895601272,B0048,164,533,00533.csv,0.0,-0.07119998783265155,1.7168534577597487,0.20210905065290022,0.0,0,-0.17408420459221297,0.20780230224722623,0.14617633655117152,1.272518171985714,-0.030333213381682968,-5.716353014610992,-1.1064171598949797,4.275826263727421
discharge,2010-08-16 10:57:07.937000,-1.0539982895601272,B0048,168,537,00537.csv,1.2998734542832149,-0.0082334064042849,1.7373284263331965,0.22452095770813335,78.40029674740703,0,2.36386545003997,0.3941208807530833,0.14617633655117152,1.3121987341487928,0.3691491018945717,0.31651789937777614,-0.7321051601021891,4.343817849955669
discharge,2010-08-16 16:33:48.968000,-1.0539982895601272,B0048,172,541,00541.csv,1.2691220651743778,-0.06637006470821613,1.4842831308147182,0.24693286476336646,76.54556387046152,0,-0.12396879222658617,0.40870717617160396,0.14617633655117152,1.0982899521220615,-2.1643726162599126,0.220879040553547,-0.5060262629762896,4.38378751721031
discharge,2010-08-16 20:54:56.609000,-1.0539982895601272,B0048,174,543,00543.csv,1.2555144634690785,-0.06637006470821613,1.4842831308147182,0.26934477181859956,75.7248378157824,0,-0.17138906521431965,0.4200201057016527,0.14617633655117152,1.0982899521220615,-0.030333213381682968,0.2452308604157209,-0.3656892116579686,4.424127473221903
discharge,2010-08-17 01:14:42.109000,-1.0539982895601272,B0048,176,545,00545.csv,1.2519876926897655,-0.06637006470821613,1.4842831308147182,0.29175667887383266,75.512124897654,0,-0.17224827843962906,0.43127372474938114,0.14617633655117152,1.0982899521220615,-0.030333213381682968,0.23496575211280477,-0.27482200333488205,4.460353864685213
discharge,2010-08-17 05:33:53.718000,-1.0539982895601272,B0048,178,547,00547.csv,1.2374982003019996,-0.06637006470821613,1.4842831308147182,0.3141685859290658,74.63820867205759,0,-0.17260278587707154,0.4425028725640311,0.14617633655117152,1.0982899521220615,-0.030333213381682968,5.823054997206532,-0.22529893541632748,-0.19067742502445345
discharge,2010-08-17 09:52:05.375000,-1.0539982895601272,B0048,180,549,00549.csv,1.2231273969878986,-0.06637006470821613,1.4842831308147182,0.33658049298429893,73.77145103452632,0,-0.17322989720130366,0.4536887316186704,0.14617633655117152,1.0982899521220615,-0.030333213381682968,-0.3292128673927124,-0.20324807137688142,-0.24138175025177946
discharge,2010-08-23 17:51:09.217999,-1.0539982895601272,B0052,0,4381,04381.csv,0.8606591508342232,-2.9718673543855942,-2.5541708922443727,-1.2546649079372523,100.0,3,-0.3352760930883402,-1.2173607181576145,-6.841052550594827,-3.0749766758377546,-0.030333213381682968,0.030052390418546782,-0.9888052594299301,-0.3921908713000117
discharge,2010-08-23 22:33:35.875000,-1.0539982895601272,B0052,4,4385,04385.csv,1.4183095114360322,-0.34026544117354923,0.6371068769575156,-1.2322530008820192,110.0,2,-0.1580102718779645,-1.2051242661976662,0.14617633655117152,0.35170524411959,-0.030333213381682968,0.030052390418546782,-0.5633338802889193,2.977246816410823
discharge,2010-08-24 02:28:54.311999,-1.0539982895601272,B0052,6,4387,04387.csv,1.3707123028693164,-0.34026544117354923,0.6371068769575156,-1.209841093826786,110.0,1,-0.18759408544004674,-1.1949299502285857,0.14617633655117152,0.35170524411959,-0.030333213381682968,0.030052390418546782,-0.316001611825637,2.2493738085202257
discharge,2010-08-24 06:23:38.343000,-1.0539982895601272,B0052,8,4389,04389.csv,1.3515647352626494,-0.34026544117354923,0.6371068769575156,-1.187429186771553,110.0,0,-0.1879539798717139,-1.184760477350484,0.14617633655117152,0.35170524411959,-0.030333213381682968,0.030052390418546782,-0.16572248284339844,1.840433679547811
discharge,2010-09-17 15:17:48.765000,-1.0539982895601272,B0053,0,6672,06672.csv,1.06914178861943,-2.9718673543855942,-2.5541708922443727,-1.2546649079372523,100.0,55,-0.3352760930883402,-1.2173607181576145,-6.841052550594827,-3.0749766758377546,-0.030333213381682968,0.030052390418546782,-0.5116062740493762,-0.3921908713000117
discharge,2010-09-17 20:11:19.795999,-1.0539982895601272,B0053,4,6676,06676.csv,1.1540727934432229,0.6467400892098816,0.5364451994265617,-1.2322530008820192,107.9438485828398,54,-0.1510607713163292,-1.204644550315679,0.14617633655117152,0.6544941940557287,-0.030333213381682968,0.030052390418546782,-0.44680633073863607,0.12097965404423425
discharge,2010-09-17 23:56:44.390000,-1.0539982895601272,B0053,6,6678,06678.csv,1.1501525413826983,0.6467400892098816,0.5364451994265617,-1.209841093826786,107.57717578955325,53,-0.19380581597216823,-1.194879022827793,0.14617633655117152,0.6544941940557287,-0.030333213381682968,0.030052390418546782,-0.406597409457141,0.01748347720325446
discharge,2010-09-18 03:41:26.687000,-1.0539982895601272,B0053,8,6680,06680.csv,1.1305863853936766,0.6467400892098816,0.5364451994265617,-1.187429186771553,105.74709523360688,52,-0.19424825205950735,-1.1851440361846737,0.14617633655117152,0.6544941940557287,-0.030333213381682968,0.030052390418546782,-0.3947198829707028,-0.05666918881713082
discharge,2010-09-18 07:25:38.640000,-1.0539982895601272,B0053,10,6682,06682.csv,1.121790272357562,0.6467400892098816,0.5364451994265617,-1.1650172797163199,104.92436871316349,51,-0.1945656570839019,-1.1754309596385284,0.14617633655117152,0.6544941940557287,-0.030333213381682968,0.030052390418546782,-0.3935127162790191,-0.10117803777752167
discharge,2010-09-18 11:09:35.655999,-1.0539982895601272,B0053,12,6684,06684.csv,1.1135982401443856,0.6467400892098816,0.5364451994265617,-1.1426053726610867,104.1581436623445,50,-0.1947219014540174,-1.1657286684582018,0.14617633655117152,0.6544941940557287,-0.030333213381682968,0.23816286646591517,-0.3989582262812861,-0.24169413858658717
discharge,2010-09-18 16:05:06.280999,-1.0539982895601272,B0053,16,6688,06688.csv,1.0864654057095062,0.6475777794368273,0.5491570907197942,-1.1201934656058536,101.62032924673592,49,-0.14980979132671537,-1.1529261469331862,0.14617633655117152,0.6644402444992822,0.08639134948595294,-0.2864327352034285,-0.4232901479594496,-0.19231078391974019
discharge,2010-09-18 19:49:23.327999,-1.0539982895601272,B0053,18,6690,06690.csv,1.0647493568993147,0.6475777794368273,0.5491570907197942,-1.0977815585506205,99.58916284379949,48,-0.19451237270497143,-1.1432093922287891,0.14617633655117152,0.6644402444992822,-0.030333213381682968,-0.3697387932934776,-0.4560801572447317,-0.15966600744730383
discharge,2010-09-18 23:33:26.125000,-1.0539982895601272,B0053,20,6692,06692.csv,1.0809288094959644,0.6475777794368273,0.5491570907197942,-1.0753696514953874,101.10247499461738,47,-0.19466143088056517,-1.1335029268356225,0.14617633655117152,0.6644402444992822,-0.030333213381682968,-0.2024056984514144,-0.46559570085335833,-0.19005232591696436
discharge,2010-09-19 03:17:11.311999,-1.0539982895601272,B0053,22,6694,06694.csv,1.0852752041846463,0.6475777794368273,0.5491570907197942,-1.0529577444401543,101.50900617083249,46,-0.19484563543877756,-1.1238091768673015,0.14617633655117152,0.6644402444992822,-0.030333213381682968,-0.14088271482937906,-0.46862322095061426,-0.2417712335529903
discharge,2010-09-19 07:00:37.453000,-1.0539982895601272,B0053,24,6696,06696.csv,1.0504799933740894,0.6475777794368273,0.5491570907197942,-1.0305458373849212,98.25450698457513,45,-0.1950448608362139,-1.1141291791947605,0.14617633655117152,0.6644402444992822,-0.030333213381682968,-0.2654180740936289,-0.4971893248019974,-0.25923442022315313
discharge,2010-09-19 11:55:48.484000,-1.0539982895601272,B0053,28,6700,06700.csv,1.0853550177054303,0.679194192840859,0.45997085875764154,-1.0081339303296881,101.51647136596691,44,-0.15001474894759548,-1.1013408056541933,0.14617633655117152,0.6090562918285551,-0.6785777669885921,0.024854418736173306,-0.4896247414679686,-0.2611448464403839
discharge,2010-09-19 15:38:44.765000,-1.0539982895601272,B0053,30,6702,06702.csv,1.0508395690790722,0.679194192840859,0.45997085875764154,-0.9857220232744549,98.28813916590133,43,-0.19535720312285457,-1.0916823686037702,0.14617633655117152,0.6090562918285551,-0.030333213381682968,-0.03506240092649776,-0.5109159924349099,-0.2360818353687542
discharge,2010-09-19 19:22:11.656000,-1.0539982895601272,B0053,32,6704,06704.csv,1.060906788333118,0.679194192840859,0.45997085875764154,-0.9633101162192218,99.22975601796037,42,-0.19503701567898707,-1.0820018293892169,0.14617633655117152,0.6090562918285551,-0.030333213381682968,-0.06367511622447496,-0.5174291575219582,-0.24167032762960672
discharge,2010-09-19 23:05:17.437000,-1.0539982895601272,B0053,34,6706,06706.csv,1.070582461063814,0.679194192840859,0.45997085875764154,-0.9408982091639887,100.13475036330253,41,-0.19525783099881858,-1.0723365327974923,0.14617633655117152,0.6090562918285551,-0.030333213381682968,-0.038727587749564106,-0.5143890042270116,-0.2665880711450046
discharge,2010-09-20 02:48:11.609000,-1.0539982895601272,B0053,36,6708,06708.csv,1.024036665663697,0.679194192840859,0.45997085875764154,-0.9184863021087556,95.78118417633111,40,-0.19537926373439055,-1.062679618565238,0.14617633655117152,0.6090562918285551,-0.030333213381682968,-0.09373467151097227,-0.5478753546249132,-0.19550561656954332
discharge,2010-09-20 07:42:50.203000,-1.0539982895601272,B0053,40,6712,06712.csv,1.0670957253433857,0.6359770115447974,0.5182614407592393,-0.8960743950535225,99.80862563807496,39,-0.15035404721994863,-1.049914666386902,0.14617633655117152,0.6365940387877999,0.29682943485974134,-0.05542339308207944,-0.5373467492391351,-0.23235351091950943
discharge,2010-09-20 11:25:31.155999,-1.0539982895601272,B0053,42,6714,06714.csv,1.0279237850447498,0.6359770115447974,0.5182614407592393,-0.8736624879982893,96.1447579719146,38,-0.19551753744039096,-1.0402672970265765,0.14617633655117152,0.6365940387877999,-0.030333213381682968,-0.07722145985050681,-0.5602147563336146,-0.20129859791517268
discharge,2010-09-20 15:08:29.702999,-1.0539982895601272,B0053,44,6716,06716.csv,1.0325426399701008,0.6359770115447974,0.5182614407592393,-0.8512505809430562,96.57677316152899,37,-0.19533350025621607,-1.0306072237950386,0.14617633655117152,0.6365940387877999,-0.030333213381682968,-0.10272645755568138,-0.571936039336329,-0.19981810207941567
discharge,2010-09-20 18:51:21.780999,-1.0539982895601272,B0053,46,6718,06718.csv,1.055948784653705,0.6359770115447974,0.5182614407592393,-0.8288386738878231,98.76601924027672,36,-0.1954011674425728,-1.0209518215500986,0.14617633655117152,0.6365940387877999,-0.030333213381682968,-0.03845108342082112,-0.5618920047120596,-0.2304321200477532
discharge,2010-09-20 22:33:25.109000,-1.0539982895601272,B0053,48,6720,06720.csv,1.0445313831308718,0.6359770115447974,0.5182614407592393,-0.80642676683259,97.69811583921553,35,-0.1959111033317709,-1.0113316195821676,0.14617633655117152,0.6365940387877999,-0.030333213381682968,0.12599269294484775,-0.5639071345582355,-0.2535325812399085
discharge,2010-09-21 16:21:05.187000,-1.0539982895601272,B0053,52,6724,06724.csv,1.035313906812183,0.7109241453999571,0.4846431604779362,-0.7840148597773569,96.83597796220008,34,0.33480664551908196,-0.9650765931807189,0.14617633655117152,0.6399201296496564,0.00888927903271322,-0.11872532703978073,-0.5722832269662528,-0.29708543065339643
discharge,2010-09-21 21:16:13.531000,-1.0539982895601272,B0053,56,6728,06728.csv,1.076341053101982,0.6982666230183475,0.5202225506560304,-0.7616029527221237,100.67336854280555,33,-0.15004285556836228,-0.9522901598072547,0.14617633655117152,0.661997499549338,0.2297781934280486,0.25670432413501565,-0.5465647417655622,-0.23969728026590575
discharge,2010-09-22 00:59:48.890000,-1.0539982895601272,B0053,58,6730,06730.csv,1.0352223140423542,0.6982666230183475,0.5202225506560304,-0.7391910456668906,96.82741101899349,32,-0.19494843850568844,-0.9426035062142024,0.14617633655117152,0.661997499549338,-0.030333213381682968,0.042596537054168604,-0.5607915144518487,-0.2446936347074748
discharge,2010-09-22 04:42:50.280999,-1.0539982895601272,B0053,60,6732,06732.csv,1.0514287056908256,0.6982666230183475,0.5202225506560304,-0.7167791386116575,98.3432428591649,31,-0.19530375139080705,-0.9329413794533381,0.14617633655117152,0.661997499549338,-0.030333213381682968,0.008892901694880042,-0.5579110132634292,-0.24732917116539244
discharge,2010-09-22 08:25:42.578000,-1.0539982895601272,B0053,62,6734,06734.csv,1.060332934638968,0.6982666230183475,0.5202225506560304,-0.6943672315564244,99.17608178127273,30,-0.19539887664314795,-0.9232858190771975,0.14617633655117152,0.661997499549338,-0.030333213381682968,0.10402294573358252,-0.5491970054698481,-0.24284955723551774
discharge,2010-09-22 12:07:52.000000,-1.0539982895601272,B0053,64,6736,06736.csv,1.0236966462748538,0.6982666230183475,0.5202225506560304,-0.6719553245011913,95.74938115521057,29,-0.1958473587397179,-0.913661216894758,0.14617633655117152,0.661997499549338,-0.030333213381682968,-0.024330573985005426,-0.5713401139186195,-0.21545590944883367
discharge,2010-09-22 17:02:11.859000,-1.0539982895601272,B0053,68,6740,06740.csv,1.0465884668750889,0.736687945550489,0.4983184703433883,-0.6495434174459581,97.89052097818906,28,-0.1505500195087712,-0.9009097924539251,0.14617633655117152,0.6601670108584519,-0.051772274946578406,-0.10922604209069937,-0.5686363775858122,-0.270111945261627
discharge,2010-09-22 20:44:38.686999,-1.0539982895601272,B0053,70,6742,06742.csv,1.0031121684812232,0.736687945550489,0.4983184703433883,-0.627131510390725,93.82405394297886,27,-0.1956652880984971,-0.8912726221484295,0.14617633655117152,0.6601670108584519,-0.030333213381682968,-0.12026229843884195,-0.6000050669644605,-0.1931687080114524
discharge,2010-09-23 00:27:12.936999,-1.0539982895601272,B0053,72,6744,06744.csv,1.0461578935615607,0.736687945550489,0.4983184703433883,-0.6047196033354919,97.85024818012697,26,-0.19558765230860578,-0.8816300927353128,0.14617633655117152,0.6601670108584519,-0.030333213381682968,0.005378553804263682,-0.5880748614862401,-0.19920084408928107
discharge,2010-09-23 04:09:08.968000,-1.0539982895601272,B0053,74,6746,06746.csv,1.0156263513525603,0.736687945550489,0.4983184703433883,-0.5823076962802588,94.99454255398868,25,-0.19598743158325413,-0.8720151596171584,0.14617633655117152,0.6601670108584519,-0.030333213381682968,-0.17922900769220712,-0.6034160902992382,-0.22884855842061153
discharge,2010-09-23 07:51:17.217999,-1.0539982895601272,B0053,76,6748,06748.csv,1.0250054893129452,0.736687945550489,0.4983184703433883,-0.5598957892250257,95.87180112345271,24,-0.19585961813221714,-0.8623914036862202,0.14617633655117152,0.6601670108584519,-0.030333213381682968,0.03617937398077707,-0.6064875604251098,-0.2292609880160638
discharge,2010-09-23 12:44:52.045999,-1.0539982895601272,B0053,80,6752,06752.csv,0.9801331625592912,0.7268248431412759,0.5943411854659196,-0.5374838821697926,91.6747594184795,23,-0.1510210538369253,-0.8496724941932133,0.14617633655117152,0.7290800619908472,0.7771862215063146,-0.2810395780726844,-0.642771517412341,-0.18186471457985023
discharge,2010-09-23 16:27:06.734000,-1.0539982895601272,B0053,82,6754,06754.csv,1.036777776420363,0.7268248431412759,0.5943411854659196,-0.5150719751145595,96.9728980249796,22,-0.195792275191871,-0.8400440896579996,0.14617633655117152,0.7290800619908472,-0.030333213381682968,0.18764854247997595,-0.6237425912880901,-0.1744811416789029
discharge,2010-09-23 20:08:35.109000,-1.0539982895601272,B0053,84,6756,06756.csv,1.026830062058722,0.7268248431412759,0.5943411854659196,-0.49266006805932633,96.04245881967212,21,-0.19627671953711845,-0.8304491257483811,0.14617633655117152,0.7290800619908472,-0.030333213381682968,-0.06042546098534143,-0.6186464639257393,-0.20532889258958154
discharge,2010-09-23 23:50:11.265000,-1.0539982895601272,B0053,86,6758,06758.csv,1.0150379662805102,0.7268248431412759,0.5943411854659196,-0.4702481610040932,94.93950915446085,20,-0.19619532853742117,-0.8208485435134082,0.14617633655117152,0.7290800619908472,-0.030333213381682968,0.027298029842224892,-0.6242460796828667,-0.20524363935380743
discharge,2010-09-24 03:31:49.968000,-1.0539982895601272,B0053,88,6760,06760.csv,0.9904614739486176,0.7268248431412759,0.5943411854659196,-0.4478362539488601,92.64079699172441,19,-0.19616868634795598,-0.8112461221993095,0.14617633655117152,0.7290800619908472,-0.030333213381682968,-0.1316557809595112,-0.6467303221464838,-0.18731878200711177
discharge,2010-09-24 08:25:18.515000,-1.0539982895601272,B0053,92,6764,06764.csv,1.0145765174582757,0.7365528047087664,0.46133583262753985,-0.425424346893627,94.89634847856672,18,-0.15108675450124848,-0.7985317479461881,0.14617633655117152,0.6321149468951799,-1.145981619761761,0.19128934790878607,-0.643320724169026,-0.24409765857638924
discharge,2010-09-24 12:07:03.170999,-1.0539982895601272,B0053,94,6766,06766.csv,0.9811308944080388,0.7365528047087664,0.46133583262753985,-0.4030124398383939,91.76808023517266,17,-0.19610641664742817,-0.7889250282276149,0.14617633655117152,0.6321149468951799,-0.030333213381682968,-0.23044296422386623,-0.6665657188588912,-0.2295960249652826
discharge,2010-09-24 15:48:49.405999,-1.0539982895601272,B0053,96,6768,06768.csv,1.0041687429386437,0.7365528047087664,0.46133583262753985,-0.38060053278316075,93.92287848324726,16,-0.1960898999439308,-0.7793171683803497,0.14617633655117152,0.6321149468951799,-0.030333213381682968,-0.07603025334112229,-0.6644851581920854,-0.26421297048236136
discharge,2010-09-24 19:30:22.280999,-1.0539982895601272,B0053,98,6770,06770.csv,1.007820487960787,0.7365528047087664,0.46133583262753985,-0.35818862572792765,94.2644370174861,15,-0.19622964853099614,-0.7697189552143252,0.14617633655117152,0.6321149468951799,-0.030333213381682968,-0.0037342209158282283,-0.6603119400623663,-0.2761741328445529
discharge,2010-09-24 23:11:34.280999,-1.0539982895601272,B0053,100,6772,06772.csv,0.982454133084564,0.7365528047087664,0.46133583262753985,-0.33577671867269454,91.89184667014047,14,-0.19644800569828572,-0.7601358149877394,0.14617633655117152,0.6321149468951799,-0.030333213381682968,-0.007431742073591367,-0.6768836026116176,-0.2615120429689692
discharge,2010-09-28 11:41:33.436999,-1.0539982895601272,B0053,104,6776,06776.csv,1.1096775355538029,0.6725403971517483,0.515214821405394,-0.31336481161746144,103.7914285425805,13,2.8467150923508413,-0.5404866913622831,0.14617633655117152,0.6483274162033139,0.16108121241070633,0.47524127683562073,-0.5908635366962588,0.062342537697713335
discharge,2010-09-28 16:37:32.109000,-1.0539982895601272,B0053,108,6780,06780.csv,1.1136801589914762,0.7583040370213561,0.5245128168067797,-0.29095290456222833,104.16580577488772,12,-0.1495164134254302,-0.5276639183044525,0.14617633655117152,0.6882995789688265,0.4395478657805325,0.6505447960416781,-0.5304629381402266,0.14572277048298396
discharge,2010-09-28 20:21:33.968000,-1.0539982895601272,B0053,110,6782,06782.csv,1.0385009100572404,0.7583040370213561,0.5245128168067797,-0.26854099750699517,97.13406782071854,11,-0.19467124258074597,-0.5179581302014542,0.14617633655117152,0.6882995789688265,-0.030333213381682968,0.19076885333233165,-0.5475555031057073,0.11494857285295042
discharge,2010-09-29 00:05:26.905999,-1.0539982895601272,B0053,112,6784,06784.csv,1.0768815902180078,0.7583040370213561,0.5245128168067797,-0.2461290904517621,100.72392658120417,10,-0.1947645582457878,-0.5082587835694884,0.14617633655117152,0.6882995789688265,-0.030333213381682968,0.35334267504772665,-0.529667178065385,0.07622884037964385
discharge,2010-09-29 03:48:21.015000,-1.0539982895601272,B0053,114,6786,06786.csv,1.0721705505837382,0.7583040370213561,0.5245128168067797,-0.22371718339652896,100.28328908256586,9,-0.19537992271801602,-0.4986019148261017,0.14617633655117152,0.6882995789688265,-0.030333213381682968,0.4500347712555946,-0.5213360174121915,-0.12935497702059995
discharge,2010-09-29 07:31:12.015000,-1.0539982895601272,B0053,116,6788,06788.csv,1.0124588999851116,0.7583040370213561,0.5245128168067797,-0.20130527634129586,94.69828144052694,8,-0.19541244356359497,-0.4889472909585853,0.14617633655117152,0.6882995789688265,-0.030333213381682968,-0.42504953145928626,-0.561340202971376,-0.061258311835082596
discharge,2010-09-29 12:25:41.905999,-1.0539982895601272,B0053,120,6792,06792.csv,1.0279944857549583,0.7105239038551027,0.5962026926912579,-0.17889336928606273,96.15137081886914,7,-0.15044508255624942,-0.47618862284286023,0.14617633655117152,0.7242300204909687,0.3875503330222423,-0.37106118558697426,-0.5761564495222262,-0.15265666525342717
discharge,2010-09-29 16:08:13.420999,-1.0539982895601272,B0053,122,6794,06794.csv,1.0304147279049998,0.7105239038551027,0.5962026926912579,-0.15648146223082962,96.37774323979627,6,-0.19561626102010457,-0.4665480682555814,0.14617633655117152,0.7242300204909687,-0.030333213381682968,-0.007800815570327369,-0.5841873712350681,-0.14637059054856882
discharge,2010-09-29 19:50:59.780999,-1.0539982895601272,B0053,124,6796,06796.csv,1.0556163273995052,0.7105239038551027,0.5962026926912579,-0.13406955517559652,98.73492352802053,5,-0.1954609790010189,-0.4568967947324479,0.14617633655117152,0.7242300204909687,-0.030333213381682968,-0.0694950052152844,-0.5703132147491843,-0.18849712434356272
discharge,2010-09-29 23:33:00.890000,-1.0539982895601272,B0053,126,6798,06798.csv,1.0011115418162628,0.7105239038551027,0.5962026926912579,-0.11165764812036338,93.63692940194454,4,-0.19593431456790095,-0.4472781950089535,0.14617633655117152,0.7242300204909687,-0.030333213381682968,-0.302590536193627,-0.6026493797029632,-0.21591605573412864
discharge,2010-09-30 03:15:20.437000,-1.0539982895601272,B0053,128,6800,06800.csv,1.0466839215498662,0.7105239038551027,0.5962026926912579,-0.08924574106513028,97.89944913681062,3,-0.19574144897594276,-0.43764628199960054,0.14617633655117152,0.7242300204909687,-0.030333213381682968,0.19026728131181317,-0.5894363922375928,-0.21369820250767585
discharge,2010-09-30 08:08:36.328000,-1.0539982895601272,B0053,132,6804,06804.csv,1.047181656018543,0.7285020815657917,0.49948766705241954,-0.06683383400989716,97.94600371675267,2,-0.15121913909091156,-0.42494104609960665,0.14617633655117152,0.6579089282277127,-0.79437579978207,0.11987177547034343,-0.5802479766711943,-0.20732643787694446
discharge,2010-09-30 11:50:17.687000,-1.0539982895601272,B0053,134,6806,06806.csv,1.0102740078425778,0.7285020815657917,0.49948766705241954,-0.04442192695466404,94.49392200328569,1,-0.1961409039941202,-0.41533670700217146,0.14617633655117152,0.6579089282277127,-0.030333213381682968,-0.0642307720100725,-0.6022818530969974,-0.18158747437645828
discharge,2010-09-30 15:32:33.078000,-1.0539982895601272,B0053,136,6808,06808.csv,0.0,0.7285020815657917,0.49948766705241954,-0.022010019899430928,0.0,0,-0.1957849216651526,-0.40570779486162367,0.14617633655117152,0.6579089282277127,-0.030333213381682968,-4.911520966941439,-1.3877814644375401,3.5338410902814408
discharge,2010-09-03 12:10:27.155999,-1.0539982895601272,B0054,0,6809,06809.csv,0.7399351039859233,-2.9718673543855942,-2.5541708922443727,-1.2546649079372523,100.0,102,-0.3352760930883402,-1.2173607181576145,-6.841052550594827,-3.0749766758377546,-0.030333213381682968,0.030052390418546782,-1.265132311308448,-0.3921908713000117
discharge,2010-09-03 17:08:51.655999,-1.0539982895601272,B0054,4,6813,06813.csv,1.1665440238116096,0.736931087987761,1.2055730794187511,-1.2322530008820192,110.0,101,-0.1479910199512674,-1.2044326489753583,0.14617633655117152,1.1957346210083408,-0.030333213381682968,0.030052390418546782,-0.9396418278517379,2.185467593446642
discharge,2010-09-03 20:58:26.280999,-1.0539982895601272,B0054,6,6815,06815.csv,1.1052521456138635,0.736931087987761,1.2055730794187511,-1.209841093826786,110.0,100,-0.1911904358200137,-1.1944865848596533,0.14617633655117152,1.1957346210083408,-0.030333213381682968,0.030052390418546782,-0.7694121336301756,1.578742641196461
discharge,2010-09-04 00:47:52.686999,-1.0539982895601272,B0054,8,6817,06817.csv,1.0960302257185877,0.736931087987761,1.2055730794187511,-1.187429186771553,110.0,99,-0.1912764083976402,-1.1845464553302598,0.14617633655117152,1.1957346210083408,-0.030333213381682968,0.030052390418546782,-0.6629617336490369,1.2645000431936442
discharge,2010-09-04 04:35:34.640000,-1.0539982895601272,B0054,10,6819,06819.csv,1.0754450685609742,0.736931087987761,1.2055730794187511,-1.1650172797163199,110.0,98,-0.19236901012106739,-1.1746817468177817,0.14617633655117152,1.1957346210083408,-0.030333213381682968,0.030052390418546782,-0.6077006902988894,1.054469365503742
discharge,2010-09-04 08:24:28.609000,-1.0539982895601272,B0054,12,6821,06821.csv,1.0655493528023796,0.736931087987761,1.2055730794187511,-1.1426053726610867,110.0,97,-0.1916157066699934,-1.164765038650619,0.14617633655117152,1.1957346210083408,-0.030333213381682968,1.5543246614737398,-0.5784101446627243,-0.05453806351567339
discharge,2010-09-04 13:22:53.125000,-1.0539982895601272,B0054,16,6825,06825.csv,1.0568368579972396,0.7613120191596706,1.1223994565512698,-1.1201934656058536,110.0,96,-0.14799085258769007,-1.151836957915451,0.14617633655117152,1.1421245522717254,-0.57975385056241,-0.4835111019492572,-0.5655305002037224,-0.2180861461672973
discharge,2010-09-04 17:07:33.061999,-1.0539982895601272,B0054,18,6827,06827.csv,1.0449064445364842,0.7613120191596706,1.1223994565512698,-1.0977815585506205,110.0,95,-0.19427293819762287,-1.1421036753275247,0.14617633655117152,1.1421245522717254,-0.030333213381682968,-0.25243917487374595,-0.5660466370244757,-0.2264563366354933
discharge,2010-09-04 20:50:47.984000,-1.0539982895601272,B0054,20,6829,06829.csv,1.0458363976936966,0.7613120191596706,1.1223994565512698,-1.0753696514953874,110.0,94,-0.1951622140845886,-1.1324317784122322,0.14617633655117152,1.1421245522717254,-0.030333213381682968,-0.2049160131895564,-0.5656812004045826,-0.28064189977331916
discharge,2010-09-05 00:38:30.420999,-1.0539982895601272,B0054,22,6831,06831.csv,1.018187920878015,0.7613120191596706,1.1223994565512698,-1.0529577444401543,110.0,93,-0.19236394739377377,-1.1225667204256202,0.14617633655117152,1.1421245522717254,-0.030333213381682968,-0.23798097375417035,-0.586532578152211,-0.23969238637289253
discharge,2010-09-05 04:25:36.515000,-1.0539982895601272,B0054,24,6833,06833.csv,1.0226409233672231,0.7613120191596706,1.1223994565512698,-1.0305458373849212,110.0,92,-0.19274410327852065,-1.1127279041543559,0.14617633655117152,1.1421245522717254,-0.030333213381682968,-0.17081145205845968,-0.5970359822863296,-0.2510146240311837
discharge,2010-09-05 09:19:29.795999,-1.0539982895601272,B0054,28,6837,06837.csv,1.03890961861509,0.6654100199257259,0.8733225016406033,-1.0081339303296881,110.0,91,-0.15082803134161335,-1.0999956705446354,0.14617633655117152,0.9167187029012341,-2.3697627774576873,-0.053868979687657116,-0.5916256995205232,-0.28224936143208035
discharge,2010-09-05 13:06:35.670999,-1.0539982895601272,B0054,30,6839,06839.csv,1.0173250354350074,0.6654100199257259,0.8733225016406033,-0.9857220232744549,110.0,90,-0.1927463940779455,-1.0901570124045714,0.14617633655117152,0.9167187029012341,-0.030333213381682968,-0.09906228205915721,-0.6044872679697341,-0.2812356507789457
discharge,2010-09-05 16:52:47.405999,-1.0539982895601272,B0054,32,6841,06841.csv,1.033183911994548,0.6654100199257259,0.8733225016406033,-0.9633101162192218,110.0,89,-0.19331271058271474,-1.0803574464293557,0.14617633655117152,0.9167187029012341,-0.030333213381682968,-0.029176691789110705,-0.6009617747612509,-0.3104733641983825
discharge,2010-09-05 20:39:20.327999,-1.0539982895601272,B0054,34,6843,06843.csv,1.0095232119739597,0.6654100199257259,0.8733225016406033,-0.9408982091639887,110.0,88,-0.19309108982566733,-1.0705425822329238,0.14617633655117152,0.9167187029012341,-0.030333213381682968,-0.010509027170587121,-0.6166638877371045,-0.2908942843934642
discharge,2010-09-06 00:25:33.420999,-1.0539982895601272,B0054,36,6845,06845.csv,0.9862483259626476,0.6654100199257259,0.8733225016406033,-0.9184863021087556,110.0,87,-0.1932985055990894,-1.0607420357043305,0.14617633655117152,0.9167187029012341,-0.030333213381682968,-0.14030940209237786,-0.6448900397099266,-0.21378631349615798
discharge,2010-09-06 05:23:13.750000,-1.0539982895601272,B0054,40,6849,06849.csv,1.0080048320000436,0.6166685778498963,0.8398023676639997,-0.8960743950535225,110.0,86,-0.14845305847668014,-1.047845860500176,0.14617633655117152,0.8726237591289944,-0.51382624580802,-0.11461974678496466,-0.6471078784772302,-0.2469372749201985
discharge,2010-09-06 09:08:34.203000,-1.0539982895601272,B0054,42,6851,06851.csv,1.0153387761254196,0.6166685778498963,0.8398023676639997,-0.8736624879982893,110.0,85,-0.19384913176848456,-1.0380833230509623,0.14617633655117152,0.8726237591289944,-0.030333213381682968,0.020754271556320345,-0.6429908466865694,-0.24836042709563988
discharge,2010-09-06 12:53:22.312000,-1.0539982895601272,B0054,44,6853,06853.csv,1.0106786853355956,0.6166685778498963,0.8398023676639997,-0.8512505809430562,110.0,84,-0.19418745724004452,-1.0283441398126805,0.14617633655117152,0.8726237591289944,-0.030333213381682968,-0.07529955002859892,-0.64380167567925,-0.29517110991759604
discharge,2010-09-06 16:38:35.375000,-1.0539982895601272,B0054,46,6855,06855.csv,1.010409656585336,0.6166685778498963,0.8398023676639997,-0.8288386738878231,110.0,83,-0.19392643282076097,-1.0185869383645425,0.14617633655117152,0.8726237591289944,-0.030333213381682968,0.034202033580228164,-0.6445474896328576,-0.29451966970012494
discharge,2010-09-06 20:24:10.250000,-1.0539982895601272,B0054,48,6857,06857.csv,0.9801433323963482,0.6166685778498963,0.8398023676639997,-0.80642676683259,110.0,82,-0.19369827442397436,-1.0088139874095765,0.14617633655117152,0.8726237591289944,-0.030333213381682968,0.001473566113699161,-0.6681370442541477,-0.27170614054695424
discharge,2010-09-09 16:02:55.593000,-1.0539982895601272,B0054,52,6861,06861.csv,1.1016641723624383,0.6408382828513799,0.7427439883195146,-0.7840148597773569,110.0,81,2.212053442753808,-0.8329748139092441,0.14617633655117152,0.8084202009579882,-0.7421770468872104,0.4684924647047047,-0.5911464662013564,-0.0008052348174003988
discharge,2010-09-09 21:02:00.109000,-1.0539982895601272,B0054,56,6865,06865.csv,1.0826512239001271,0.6652224151635481,0.6360425013698094,-0.7616029527221237,110.0,80,-0.14757244364438069,-0.8200178508949122,0.14617633655117152,0.736998023621701,-0.8353040131988476,0.34515683690016563,-0.5543257535775927,0.05382797708822302
discharge,2010-09-10 00:49:20.092999,-1.0539982895601272,B0054,58,6867,06867.csv,1.0575008387868343,0.6652224151635481,0.6360425013698094,-0.7391910456668906,110.0,79,-0.19259881079387692,-0.8101690052536522,0.14617633655117152,0.736998023621701,-0.030333213381682968,0.24923724008722462,-0.548967641005287,0.038816419119486564
discharge,2010-09-10 04:36:05.546000,-1.0539982895601272,B0054,60,6869,06869.csv,1.0385517331615322,0.6652224151635481,0.6360425013698094,-0.7167791386116575,110.0,78,-0.19296001275349187,-0.800345092960493,0.14617633655117152,0.736998023621701,-0.030333213381682968,0.16179167127289165,-0.5598531950980112,0.008158685017213544
discharge,2010-09-10 08:21:56.953000,-1.0539982895601272,B0054,62,6871,06871.csv,1.0073294901291132,0.6652224151635481,0.6360425013698094,-0.6943672315564244,110.0,77,-0.1935253460077046,-0.7905602049595484,0.14617633655117152,0.736998023621701,-0.030333213381682968,0.15731680387468208,-0.5909319153931938,-0.07651335973422803
discharge,2010-09-10 12:07:58.578000,-1.0539982895601272,B0054,64,6873,06873.csv,1.0160400308540347,0.6652224151635481,0.6360425013698094,-0.6719553245011913,110.0,76,-0.19341846344313618,-0.7807679389803914,0.14617633655117152,0.736998023621701,-0.030333213381682968,-0.3707731419669679,-0.6050051671992213,-0.12992555106959727
discharge,2010-09-10 17:05:18.030999,-1.0539982895601272,B0054,68,6877,06877.csv,1.0158319636440951,0.670964598019985,0.6021215446322065,-0.6495434174459581,110.0,75,-0.14867142612511375,-0.7678868374391766,0.14617633655117152,0.7135208507682418,-0.29989269093857074,-0.2827433362761459,-0.6145460844387249,-0.21626485319952396
discharge,2010-09-10 20:50:57.920999,-1.0539982895601272,B0054,70,6879,06879.csv,1.0015383803216271,0.670964598019985,0.6021215446322065,-0.627131510390725,110.0,74,-0.19364581640270695,-0.7581102653684603,0.14617633655117152,0.7135208507682418,-0.030333213381682968,-0.23192024735344674,-0.6318122938452915,-0.2718898054255136
discharge,2010-09-11 00:36:11.406000,-1.0539982895601272,B0054,72,6881,06881.csv,0.981248861591824,0.670964598019985,0.6021215446322065,-0.6047196033354919,110.0,73,-0.19392201859594882,-0.748352759211555,0.14617633655117152,0.7135208507682418,-0.030333213381682968,-0.23819501737464902,-0.6588034263672874,-0.26992569069987493
discharge,2010-09-11 04:20:54.625000,-1.0539982895601272,B0054,74,6883,06883.csv,0.9987416030110134,0.670964598019985,0.6021215446322065,-0.5823076962802588,110.0,72,-0.19423860773336413,-0.7386171068319012,0.14617633655117152,0.7135208507682418,-0.030333213381682968,-0.010149407410178939,-0.6634510500800826,-0.2692819300251597
discharge,2010-09-11 08:05:50.875000,-1.0539982895601272,B0054,76,6885,06885.csv,0.9584014230949642,0.670964598019985,0.6021215446322065,-0.5598957892250257,110.0,71,-0.19410230055985747,-0.7288720453277526,0.14617633655117152,0.7135208507682418,-0.030333213381682968,-0.23976667268670881,-0.6973278768720744,-0.20375291708640428
discharge,2010-09-11 13:02:19.545999,-1.0539982895601272,B0054,80,6889,06889.csv,0.9800846133894624,0.5833461209133669,0.5832245512822115,-0.5374838821697926,110.0,70,-0.1492026171990922,-0.7160276112840502,0.14617633655117152,0.665568885312987,-0.5843184901468915,-0.1372888575608955,-0.7033687700140072,-0.24399689843286967
discharge,2010-09-11 16:46:28.437000,-1.0539982895601272,B0054,82,6891,06891.csv,0.9720372198962766,0.5833461209133669,0.5832245512822115,-0.5150719751145595,110.0,69,-0.194597686278052,-0.7063167456756527,0.14617633655117152,0.665568885312987,-0.030333213381682968,-0.10804906233962268,-0.7135359646720025,-0.2665536146183573
discharge,2010-09-11 20:31:10.015000,-1.0539982895601272,B0054,84,6893,06893.csv,0.9693202807518412,0.5833461209133669,0.5832245512822115,-0.49266006805932633,110.0,68,-0.19425577296026336,-0.6965822781915015,0.14617633655117152,0.665568885312987,-0.030333213381682968,-0.025787933134600993,-0.7223870418076086,-0.263767621559744
discharge,2010-09-12 00:15:17.875000,-1.0539982895601272,B0054,86,6895,06895.csv,0.9479786388506264,0.5833461209133669,0.5832245512822115,-0.4702481610040932,110.0,67,-0.194608470779026,-0.6868721570245716,0.14617633655117152,0.665568885312987,-0.030333213381682968,-0.2075802652391684,-0.7445708262319858,-0.2851732177983162
discharge,2010-09-12 03:59:48.265000,-1.0539982895601272,B0054,88,6897,06897.csv,0.9638519569071228,0.5833461209133669,0.5832245512822115,-0.4478362539488601,110.0,66,-0.194372801941707,-0.6771457679139027,0.14617633655117152,0.665568885312987,-0.030333213381682968,0.05556754395534782,-0.7472491252218008,-0.2899105989635984
discharge,2010-09-12 08:55:06.671000,-1.0539982895601272,B0054,92,6901,06901.csv,0.9682336695484696,0.6498244077284147,0.5816668086595832,-0.425424346893627,110.0,65,-0.14993760479867282,-0.6643520692031145,0.14617633655117152,0.6899165793021557,0.25455973759283573,-0.02542449718178711,-0.7456915356455482,-0.3103275923154604
discharge,2010-09-12 12:39:18.217999,-1.0539982895601272,B0054,94,6903,06903.csv,0.9407020864603765,0.6498244077284147,0.5816668086595832,-0.4030124398383939,110.0,64,-0.1945699039451367,-0.6546392858128246,0.14617633655117152,0.6899165793021557,-0.030333213381682968,-0.11663429537535527,-0.7656589581630646,-0.28186757932629125
discharge,2010-09-12 16:23:34.703000,-1.0539982895601272,B0054,96,6905,06905.csv,0.9618442077038964,0.6498244077284147,0.5816668086595832,-0.38060053278316075,110.0,63,-0.19451825134016468,-0.6449229369037279,0.14617633655117152,0.6899165793021557,-0.030333213381682968,-0.004944759997277743,-0.7628397354330807,-0.2926799541723642
discharge,2010-09-12 20:07:24.765000,-1.0539982895601272,B0054,98,6907,06907.csv,0.9332340144199704,0.6498244077284147,0.5816668086595832,-0.35818862572792765,110.0,62,-0.19479464183835152,-0.635225666906912,0.14617633655117152,0.6899165793021557,-0.030333213381682968,-0.03897045562846548,-0.7827890181114522,-0.25923903560698175
discharge,2010-09-12 23:51:17.062000,-1.0539982895601272,B0054,100,6909,06909.csv,0.9313454737145216,0.6498244077284147,0.5816668086595832,-0.33577671867269454,110.0,61,-0.1947712632386441,-0.6255267831127477,0.14617633655117152,0.6899165793021557,-0.030333213381682968,-0.12211764249648552,-0.7975294427911765,-0.24759246142086272
discharge,2010-09-14 12:06:05.296000,-1.0539982895601272,B0054,104,6913,06913.csv,0.9976429099116704,0.6750585495300166,0.5714536291283706,-0.31336481161746144,110.0,60,1.0296600094678592,-0.5313068430629025,0.14617633655117152,0.6918737030458075,-0.007580958907371157,0.1677235450481859,-0.7567733326440611,-0.15499873310741014
discharge,2010-09-14 17:03:04.921000,-1.0539982895601272,B0054,108,6917,06917.csv,0.9833315262972036,0.6491376561498237,0.6046146430127175,-0.29095290456222833,110.0,59,-0.148878831427852,-0.5184400584667471,0.14617633655117152,0.7070270602788293,0.14573838608029283,0.22961022091913627,-0.7405217715765365,-0.1397415357018589
discharge,2010-09-14 20:48:06.968000,-1.0539982895601272,B0054,110,6919,06919.csv,0.9904370062777442,0.6491376561498237,0.6046146430127175,-0.26854099750699517,110.0,58,-0.19404166264374836,-0.5086908111982908,0.14617633655117152,0.7070270602788293,-0.030333213381682968,0.1639016005695123,-0.7242661182132086,-0.11641897191534978
discharge,2010-09-15 00:32:54.453000,-1.0539982895601272,B0054,112,6921,06921.csv,0.9499871340436294,0.6491376561498237,0.6046146430127175,-0.2461290904517621,110.0,57,-0.19419398441956012,-0.49895207852356416,0.14617633655117152,0.7070270602788293,-0.030333213381682968,0.10847744641297423,-0.744291119076157,-0.1485201856036227
discharge,2010-09-15 04:17:21.780999,-1.0539982895601272,B0054,114,6923,06923.csv,0.9526027840900876,0.6491376561498237,0.6046146430127175,-0.22371718339652896,110.0,56,-0.1944048311567776,-0.48922790035208713,0.14617633655117152,0.7070270602788293,-0.030333213381682968,0.12956255890921858,-0.755645452991408,-0.20364425280031104
discharge,2010-09-17 15:17:48.765000,-1.0539982895601272,B0054,116,6925,06925.csv,0.8850175175465715,0.6491376561498237,0.6046146430127175,-0.20130527634129586,110.0,55,1.8867576545681193,-0.33584351400547124,0.14617633655117152,0.7070270602788293,-0.030333213381682968,-0.4971719654652158,-0.8147806468282471,-0.03601437111540351
discharge,2010-09-17 20:11:19.795999,-1.0539982895601272,B0054,120,6929,06929.csv,0.9937402750241768,0.6186071048044655,0.5536824053512144,-0.17889336928606273,110.0,54,-0.1510607713163292,-0.32312734616353583,0.14617633655117152,0.6567419472214598,-0.6122706481930812,0.07877804391367285,-0.771251734858687,-0.01769732717429401
discharge,2010-09-17 23:56:44.390000,-1.0539982895601272,B0054,122,6931,06931.csv,0.995507330519279,0.6186071048044655,0.5536824053512144,-0.15648146223082962,110.0,53,-0.19380581597216823,-0.3133618186756497,0.14617633655117152,0.6567419472214598,-0.030333213381682968,0.053787698915402034,-0.7408842470815835,-0.008394611418735877
discharge,2010-09-18 03:41:26.687000,-1.0539982895601272,B0054,124,6933,06933.csv,0.975407870968116,0.6186071048044655,0.5536824053512144,-0.13406955517559652,110.0,52,-0.19424825205950735,-0.3036268320325305,0.14617633655117152,0.6567419472214598,-0.030333213381682968,0.14905247885025855,-0.7359745717284856,-0.0026529029733564982
discharge,2010-09-18 07:25:38.640000,-1.0539982895601272,B0054,126,6935,06935.csv,0.965960558373922,0.6186071048044655,0.5536824053512144,-0.11165764812036338,110.0,51,-0.1945656570839019,-0.2939137554863852,0.14617633655117152,0.6567419472214598,-0.030333213381682968,0.09258308438501413,-0.7399094858842501,-0.004226774987232119
discharge,2010-09-18 11:09:35.655999,-1.0539982895601272,B0054,128,6937,06937.csv,0.9573702621688754,0.6186071048044655,0.5536824053512144,-0.08924574106513028,110.0,50,-0.1947219014540174,-0.28421146430605854,0.14617633655117152,0.6567419472214598,-0.030333213381682968,0.36875158052887164,-0.7490869138936824,-0.24852449145045555
discharge,2010-09-18 16:05:06.280999,-1.0539982895601272,B0054,132,6941,06941.csv,0.9294756591964932,0.6030952954735636,0.559888733476177,-0.06683383400989716,110.0,49,-0.14980979132671537,-0.27140894278104283,0.14617633655117152,0.6554844610723335,-0.045081892882861595,-0.2707844810396476,-0.7764879886579219,-0.18464273985163157
discharge,2010-09-18 19:49:23.327999,-1.0539982895601272,B0054,134,6943,06943.csv,0.9323553879823946,0.6030952954735636,0.559888733476177,-0.04442192695466404,110.0,48,-0.19451237270497143,-0.26169218807664596,0.14617633655117152,0.6554844610723335,-0.030333213381682968,-0.26557581142499265,-0.7925582205998077,-0.2178621567851476
discharge,2010-09-18 23:33:26.125000,-1.0539982895601272,B0054,136,6945,06945.csv,0.954568378404969,0.6030952954735636,0.559888733476177,-0.022010019899430928,110.0,47,-0.19466143088056517,-0.25198572268347913,0.14617633655117152,0.6554844610723335,-0.030333213381682968,-0.06750188053957501,-0.7863238280652296,-0.25431352999232704
discharge,2010-09-19 03:17:11.311999,-1.0539982895601272,B0054,138,6947,06947.csv,0.9330242104372936,0.6030952954735636,0.559888733476177,0.00040188715580218915,110.0,46,-0.19484563543877756,-0.24229197271515826,0.14617633655117152,0.6554844610723335,-0.030333213381682968,-0.12412993437869481,-0.7986051543432837,-0.27734162773808135
discharge,2010-09-19 07:00:37.453000,-1.0539982895601272,B0054,140,6949,06949.csv,0.923294184000959,0.6030952954735636,0.559888733476177,0.022813794211035306,110.0,45,-0.1950448608362139,-0.2326119750426173,0.14617633655117152,0.6554844610723335,-0.030333213381682968,-0.1294652635123252,-0.8142164388812053,-0.29105638746400336
discharge,2010-09-19 11:55:48.484000,-1.0539982895601272,B0054,144,6953,06953.csv,0.9257799164262976,0.6826248520603144,0.503907973961578,0.04522570126626842,110.0,44,-0.15001474894759548,-0.21982360150205,0.14617633655117152,0.643639157081368,-0.16931007771750536,0.0127518016204895,-0.8227274186996586,-0.28678010094585665
discharge,2010-09-19 15:38:44.765000,-1.0539982895601272,B0054,146,6955,06955.csv,0.9162765793280084,0.6826248520603144,0.503907973961578,0.06763760832150154,110.0,43,-0.19535720312285457,-0.21016516445162686,0.14617633655117152,0.643639157081368,-0.030333213381682968,-0.04521606688197549,-0.8356521814077762,-0.2667421378329378
discharge,2010-09-19 19:22:11.656000,-1.0539982895601272,B0054,148,6957,06957.csv,0.9387011679112468,0.6826248520603144,0.503907973961578,0.09004951537673465,110.0,42,-0.19503701567898707,-0.20048462523707355,0.14617633655117152,0.643639157081368,-0.030333213381682968,-0.044225529121178164,-0.8271593660001323,-0.3178742249541132
discharge,2010-09-19 23:05:17.437000,-1.0539982895601272,B0054,150,6959,06959.csv,0.9158990586877171,0.6826248520603144,0.503907973961578,0.11246142243196777,110.0,41,-0.19525783099881858,-0.19081932864534898,0.14617633655117152,0.643639157081368,-0.030333213381682968,-0.050114230189649375,-0.8388948504624725,-0.312825342599937
discharge,2010-09-20 02:48:11.609000,-1.0539982895601272,B0054,152,6961,06961.csv,0.9202608990433788,0.6826248520603144,0.503907973961578,0.13487332948720088,110.0,40,-0.19537926373439055,-0.18116241441309475,0.14617633655117152,0.643639157081368,-0.030333213381682968,0.015852913068111558,-0.8433905465238639,-0.3115042920720182
discharge,2010-09-20 07:42:50.203000,-1.0539982895601272,B0054,156,6965,06965.csv,0.9111253917360888,0.5908191305178959,0.5742194067585398,0.157285236542434,110.0,39,-0.15035404721994863,-0.16839746223475854,0.14617633655117152,0.6616205114132974,0.18130783443272835,-0.03854867882818142,-0.8533578097155309,-0.3007339946592341
discharge,2010-09-20 11:25:31.155999,-1.0539982895601272,B0054,158,6967,06967.csv,0.8980507043695345,0.5908191305178959,0.5742194067585398,0.1796971435976671,110.0,38,-0.19551753744039096,-0.15875009287443304,0.14617633655117152,0.6616205114132974,-0.030333213381682968,-0.05526695882952889,-0.8699782667782331,-0.26572334884560983
discharge,2010-09-20 15:08:29.702999,-1.0539982895601272,B0054,160,6969,06969.csv,0.9278864624016372,0.5908191305178959,0.5742194067585398,0.20210905065290022,110.0,37,-0.19533350025621607,-0.1490900196428953,0.14617633655117152,0.6616205114132974,-0.030333213381682968,-0.02057363650700659,-0.8582947359107022,-0.297018415732542
discharge,2010-09-20 18:51:21.780999,-1.0539982895601272,B0054,162,6971,06971.csv,0.9118415396987224,0.5908191305178959,0.5742194067585398,0.22452095770813335,110.0,36,-0.1954011674425728,-0.13943461739795535,0.14617633655117152,0.6616205114132974,-0.030333213381682968,0.01105824717486194,-0.8627475354277443,-0.29673210441637554
discharge,2010-09-20 22:33:25.109000,-1.0539982895601272,B0054,164,6973,06973.csv,0.8936491649329469,0.5908191305178959,0.5742194067585398,0.24693286476336646,110.0,35,-0.1959111033317709,-0.1298144154300244,0.14617633655117152,0.6616205114132974,-0.030333213381682968,-0.09452301909336948,-0.8795963334372155,-0.27725962190351505
discharge,2010-09-21 16:21:05.187000,-1.0539982895601272,B0054,168,6977,06977.csv,0.9100864492604256,0.5896705882957637,0.5947364589343472,0.26934477181859956,110.0,34,0.33480664551908196,-0.08355938902857571,0.14617633655117152,0.6767132831019101,0.14645427989402562,0.02518887104667967,-0.8782876845778024,-0.2776230836960925
discharge,2010-09-21 21:16:13.531000,-1.0539982895601272,B0054,172,6981,06981.csv,0.911490473146094,0.6133293577960053,0.5714036305330629,0.29175667887383266,110.0,33,-0.15004285556836228,-0.07077295565511128,0.14617633655117152,0.6681323728152502,-0.1304403959033835,0.09296691872916316,-0.8763440216763484,-0.28858978605575747
discharge,2010-09-22 00:59:48.890000,-1.0539982895601272,B0054,174,6983,06983.csv,0.9337172811638196,0.6133293577960053,0.5714036305330629,0.3141685859290658,110.0,32,-0.19494843850568844,-0.061086302062058985,0.14617633655117152,0.6681323728152502,-0.030333213381682968,0.057347741862926814,-0.8580898234804132,-0.27042757840827053
discharge,2010-09-22 04:42:50.280999,-1.0539982895601272,B0054,176,6985,06985.csv,0.8981517756068776,0.6133293577960053,0.5714036305330629,0.33658049298429893,110.0,31,-0.19530375139080705,-0.051424175301194815,0.14617633655117152,0.6681323728152502,-0.030333213381682968,-0.0340324212207878,-0.8730558281394003,-0.25907155511847024
discharge,2010-09-22 08:25:42.578000,-1.0539982895601272,B0054,178,6987,06987.csv,0.9139367135371254,0.6133293577960053,0.5714036305330629,0.35899240003953203,110.0,30,-0.19539887664314795,-0.041768614925054286,0.14617633655117152,0.6681323728152502,-0.030333213381682968,0.12502288970546518,-0.8709897054772372,-0.282413392706583
discharge,2010-09-22 12:07:52.000000,-1.0539982895601272,B0054,180,6989,06989.csv,0.8764848617154279,0.6133293577960053,0.5714036305330629,0.38140430709476514,110.0,29,-0.1958473587397179,-0.032144012742614726,0.14617633655117152,0.6681323728152502,-0.030333213381682968,-0.12724406802711608,-0.8981869890903234,-0.2113651823990615
discharge,2010-09-22 17:02:11.859000,-1.0539982895601272,B0054,184,6993,06993.csv,0.8854917958581964,0.635220725434525,0.4618420673985968,0.40381621414999824,110.0,28,-0.1505500195087712,-0.01939258830178188,0.14617633655117152,0.5935875840941297,-0.9019862078754368,-0.09165316459969525,-0.9094464766860145,-0.19706229217597404
discharge,2010-09-22 20:44:38.686999,-1.0539982895601272,B0054,186,6995,06995.csv,0.8819074622846708,0.635220725434525,0.4618420673985968,0.4262281212052314,110.0,27,-0.1956652880984971,-0.009755417996286203,0.14617633655117152,0.5935875840941297,-0.030333213381682968,-0.21248082356986753,-0.9196875464152362,-0.2639625777888019
discharge,2010-09-23 00:27:12.936999,-1.0539982895601272,B0054,188,6997,06997.csv,0.9045809105944796,0.635220725434525,0.4618420673985968,0.4486400282604645,110.0,26,-0.19558765230860578,-0.00011288858316965057,0.14617633655117152,0.5935875840941297,-0.030333213381682968,0.06014859236331018,-0.909215729455133,-0.25551941797586464
discharge,2010-09-23 04:09:08.968000,-1.0539982895601272,B0054,190,6999,06999.csv,0.8734606349455996,0.635220725434525,0.4618420673985968,0.4710519353156976,110.0,25,-0.19598743158325413,0.009502044534984893,0.14617633655117152,0.5935875840941297,-0.030333213381682968,-0.15942508012326265,-0.9259784041655932,-0.28779948263257
discharge,2010-09-23 07:51:17.217999,-1.0539982895601272,B0054,192,7001,07001.csv,0.903131190986828,0.635220725434525,0.4618420673985968,0.4934638423709307,110.0,24,-0.19585961813221714,0.01912580046592302,0.14617633655117152,0.5935875840941297,-0.030333213381682968,0.1547897475257176,-0.9145157294879488,-0.2756540667990539
discharge,2010-09-23 12:44:52.045999,-1.0539982895601272,B0054,196,7005,07005.csv,0.8712217754060124,0.6499878983283236,0.5730637762139504,0.5158757494261639,110.0,23,-0.1510210538369253,0.0318447099589301,0.14617633655117152,0.6834658591089875,1.041969527020025,-0.0367487295008564,-0.9312199237308568,-0.2552441288188251
discharge,2010-09-23 16:27:06.734000,-1.0539982895601272,B0054,198,7007,07007.csv,0.8936499043476617,0.6499878983283236,0.5730637762139504,0.538287656481397,110.0,22,-0.195792275191871,0.04147311449414365,0.14617633655117152,0.6834658591089875,-0.030333213381682968,0.08502135721329657,-0.9252440281535408,-0.25564533637584314
discharge,2010-09-23 20:08:35.109000,-1.0539982895601272,B0054,200,7009,07009.csv,0.8835064014687892,0.6499878983283236,0.5730637762139504,0.5606995635366301,110.0,21,-0.19627671953711845,0.051068078403762145,0.14617633655117152,0.6834658591089875,-0.030333213381682968,-0.06860204501587099,-0.9289993022310025,-0.27685057775875627
discharge,2010-09-23 23:50:11.265000,-1.0539982895601272,B0054,202,7011,07011.csv,0.8779403705367915,0.6499878983283236,0.5730637762139504,0.5831114705918632,110.0,20,-0.19619532853742117,0.06066866063873505,0.14617633655117152,0.6834658591089875,-0.030333213381682968,0.05102302290202262,-0.9357495417213644,-0.28397721449851127
discharge,2010-09-24 03:31:49.968000,-1.0539982895601272,B0054,204,7013,07013.csv,0.8599389109365094,0.6499878983283236,0.5730637762139504,0.6055233776470963,110.0,19,-0.19616868634795598,0.07027108195283381,0.14617633655117152,0.6834658591089875,-0.030333213381682968,-0.17214021952912853,-0.9539843035334226,-0.28371778514069657
discharge,2010-09-24 08:25:18.515000,-1.0539982895601272,B0054,208,7017,07017.csv,0.8697358119609565,0.6507156827744387,0.5259025963327002,0.6279352847023294,110.0,18,-0.15108675450124848,0.0829854562059552,0.14617633655117152,0.6480388071675124,-0.44289207267345215,0.023096267081397826,-0.958666054311798,-0.28207381408072896
discharge,2010-09-24 12:07:03.170999,-1.0539982895601272,B0054,210,7019,07019.csv,0.8638271814812677,0.6507156827744387,0.5259025963327002,0.6503471917575625,110.0,17,-0.19610641664742817,0.09259217592452831,0.14617633655117152,0.6480388071675124,-0.030333213381682968,-0.10955436720289849,-0.966295338655801,-0.30890773176375363
discharge,2010-09-24 15:48:49.405999,-1.0539982895601272,B0054,212,7021,07021.csv,0.8865694537789144,0.6507156827744387,0.5259025963327002,0.6727590988127956,110.0,16,-0.1960898999439308,0.10220003577179354,0.14617633655117152,0.6480388071675124,-0.030333213381682968,0.04439121532589023,-0.9540298206918436,-0.30014310940590444
discharge,2010-09-24 19:30:22.280999,-1.0539982895601272,B0054,214,7023,07023.csv,0.8690078572313327,0.6507156827744387,0.5259025963327002,0.6951710058680288,110.0,15,-0.19622964853099614,0.11179824893781805,0.14617633655117152,0.6480388071675124,-0.030333213381682968,-0.011762678767867693,-0.959251807857474,-0.30517886605379924
discharge,2010-09-24 23:11:34.280999,-1.0539982895601272,B0054,216,7025,07025.csv,0.8474446088377652,0.6507156827744387,0.5259025963327002,0.7175829129232619,110.0,14,-0.19644800569828572,0.12138138916440402,0.14617633655117152,0.6480388071675124,-0.030333213381682968,-0.028436199391408897,-0.9791852784251063,-0.27237398128732154
discharge,2010-09-28 11:41:33.436999,-1.0539982895601272,B0054,220,7029,07029.csv,0.8799727721580702,0.6148583201777303,0.5469967782461127,0.739994819978495,110.0,13,2.8467150923508413,0.34103051278986035,0.14617633655117152,0.6502406467178852,-0.004448125482161009,0.07797386383401715,-0.96765619449908,-0.2626129336245383
discharge,2010-09-28 16:37:32.109000,-1.0539982895601272,B0054,224,7033,07033.csv,0.9110444582768508,0.6237040826557304,0.5189112592993111,0.7624067270337281,110.0,12,-0.1495164134254302,0.35385328584769077,0.14617633655117152,0.6323733287373977,-0.24025937774603376,0.25108689979843135,-0.9362633249619631,-0.1926841122713408
discharge,2010-09-28 20:21:33.968000,-1.0539982895601272,B0054,226,7035,07035.csv,0.912172429335506,0.6237040826557304,0.5189112592993111,0.7848186340889612,110.0,11,-0.19467124258074597,0.3635590739506891,0.14617633655117152,0.6323733287373977,-0.030333213381682968,0.14990557816837038,-0.9144741354048301,-0.15421917338014332
discharge,2010-09-29 00:05:26.905999,-1.0539982895601272,B0054,228,7037,07037.csv,0.8872043975884799,0.6237040826557304,0.5189112592993111,0.8072305411441943,110.0,10,-0.1947645582457878,0.3732584205826549,0.14617633655117152,0.6323733287373977,-0.030333213381682968,0.11523441791382055,-0.9189979077735062,-0.16513625284779954
discharge,2010-09-29 03:48:21.015000,-1.0539982895601272,B0054,230,7039,07039.csv,0.8961236767959215,0.6237040826557304,0.5189112592993111,0.8296424481994275,110.0,9,-0.19537992271801602,0.3829152893260415,0.14617633655117152,0.6323733287373977,-0.030333213381682968,0.25792986733834383,-0.9152085994311399,-0.2703211601118923
discharge,2010-09-29 07:31:12.015000,-1.0539982895601272,B0054,232,7041,07041.csv,0.8851334001128452,0.6237040826557304,0.5189112592993111,0.8520543552546606,110.0,8,-0.19541244356359497,0.39256991319355794,0.14617633655117152,0.6323733287373977,-0.030333213381682968,0.05421043055741637,-0.9210676626828801,-0.2827562768753871
discharge,2010-09-29 12:25:41.905999,-1.0539982895601272,B0054,236,7045,07045.csv,0.8793386645436118,0.6441430237244985,0.6427994491431832,0.8744662623098937,110.0,7,-0.15044508255624942,0.40532858130928306,0.14617633655117152,0.7340195174290216,1.1696808288133915,-0.118369438156325,-0.9293949234288469,-0.2828963484378262
discharge,2010-09-29 16:08:13.420999,-1.0539982895601272,B0054,238,7047,07047.csv,0.8461224238450626,0.6441430237244985,0.6427994491431832,0.8968781693651268,110.0,6,-0.19561626102010457,0.414969135896562,0.14617633655117152,0.7340195174290216,-0.030333213381682968,-0.2791422846857261,-0.9602894783847062,-0.22788241423481836
discharge,2010-09-29 19:50:59.780999,-1.0539982895601272,B0054,240,7049,07049.csv,0.8705933152969343,0.6441430237244985,0.6427994491431832,0.91929007642036,110.0,5,-0.1954609790010189,0.4246204094196954,0.14617633655117152,0.7340195174290216,-0.030333213381682968,-0.04770775742894905,-0.9622152535338184,-0.23119223317145596
discharge,2010-09-29 23:33:00.890000,-1.0539982895601272,B0054,242,7051,07051.csv,0.8440520909609104,0.6441430237244985,0.6427994491431832,0.9417019834755931,110.0,4,-0.19593431456790095,0.4342390091431899,0.14617633655117152,0.7340195174290216,-0.030333213381682968,-0.21370621255007885,-0.9837493036154381,-0.23020779289907953
discharge,2010-09-30 03:15:20.437000,-1.0539982895601272,B0054,244,7053,07053.csv,0.8536244678403578,0.6441430237244985,0.6427994491431832,0.9641138905308262,110.0,3,-0.19574144897594276,0.4438709221525428,0.14617633655117152,0.7340195174290216,-0.030333213381682968,-0.11744788614515297,-0.9908018854494893,-0.2594057776677945
discharge,2010-09-30 08:08:36.328000,-1.0539982895601272,B0054,248,7057,07057.csv,0.8524519337958137,0.7123258803719918,0.6539097487693926,0.9865257975860593,110.0,2,-0.15121913909091156,0.4565761580525366,0.14617633655117152,0.7686129372869157,0.3671710374191433,-0.09581033913693063,-0.9963982168298586,-0.3028866579541542
discharge,2010-09-30 11:50:17.687000,-1.0539982895601272,B0054,250,7059,07059.csv,0.8373919001793014,0.7123258803719918,0.6539097487693926,1.0089377046412924,110.0,1,-0.1961409039941202,0.46618049714997184,0.14617633655117152,0.7686129372869157,-0.030333213381682968,-0.010817120617539033,-1.0116194821255073,-0.2854293071054809
discharge,2010-09-30 15:32:33.078000,-1.0539982895601272,B0054,252,7061,07061.csv,0.0,0.7123258803719918,0.6539097487693926,1.0313496116965255,0.0,0,-0.1957849216651526,0.47580940929051974,0.14617633655117152,0.7686129372869157,-0.030333213381682968,-4.045387350614251,-1.6606732171232135,2.844590878891743
discharge,2010-09-03 12:10:27.155999,-1.0539982895601272,B0055,0,7314,07314.csv,0.7989997927037011,-2.9718673543855942,-2.5541708922443727,-1.2546649079372523,100.0,101,-0.3352760930883402,-1.2173607181576145,-6.841052550594827,-3.0749766758377546,-0.030333213381682968,0.030052390418546782,-1.129938273918243,-0.3921908713000117
discharge,2010-09-03 17:08:51.655999,-1.0539982895601272,B0055,4,7318,07318.csv,1.319892156462878,0.5194430690848787,1.1600167892818987,-1.2322530008820192,110.0,100,-0.1479910199512674,-1.2044326489753583,0.14617633655117152,1.0777296776386158,-0.030333213381682968,0.030052390418546782,-0.7325122018657414,2.755147471307452
discharge,2010-09-03 20:58:26.280999,-1.0539982895601272,B0055,6,7320,07320.csv,1.2769832801132015,0.5194430690848787,1.1600167892818987,-1.209841093826786,110.0,99,-0.1911904358200137,-1.1944865848596533,0.14617633655117152,1.0777296776386158,-0.030333213381682968,0.030052390418546782,-0.5002997405352108,2.0785666861140824
discharge,2010-09-04 00:47:52.686999,-1.0539982895601272,B0055,8,7322,07322.csv,1.2572591312230863,0.5194430690848787,1.1600167892818987,-1.187429186771553,110.0,98,-0.1912764083976402,-1.1845464553302598,0.14617633655117152,1.0777296776386158,-0.030333213381682968,0.030052390418546782,-0.3605403981101454,1.6949978017357041
discharge,2010-09-04 04:35:34.640000,-1.0539982895601272,B0055,10,7324,07324.csv,1.206763751299412,0.5194430690848787,1.1600167892818987,-1.1650172797163199,110.0,97,-0.19236901012106739,-1.1746817468177817,0.14617633655117152,1.0777296776386158,-0.030333213381682968,0.030052390418546782,-0.30589404318275926,1.4229882670871878
discharge,2010-09-04 08:24:28.609000,-1.0539982895601272,B0055,12,7326,07326.csv,1.2077322536103197,0.5194430690848787,1.1600167892818987,-1.1426053726610867,110.0,96,-0.1916157066699934,-1.164765038650619,0.14617633655117152,1.0777296776386158,-0.030333213381682968,1.9434193843528196,-0.2687242001552368,0.018772829132590183
discharge,2010-09-04 13:22:53.125000,-1.0539982895601272,B0055,16,7330,07330.csv,1.2009614290093835,0.5116571018306153,0.8344191005313627,-1.1201934656058536,110.0,95,-0.14799085258769007,-1.151836957915451,0.14617633655117152,0.8282244998218681,-2.6600389776041578,-0.5266886327176078,-0.2491102515766785,-0.09527674234463467
discharge,2010-09-04 17:07:33.061999,-1.0539982895601272,B0055,18,7332,07332.csv,1.189059086549973,0.5116571018306153,0.8344191005313627,-1.0977815585506205,110.0,94,-0.19427293819762287,-1.1421036753275247,0.14617633655117152,0.8282244998218681,-0.030333213381682968,-0.3815401940290209,-0.2451154349413575,-0.16848539289597253
discharge,2010-09-04 20:50:47.984000,-1.0539982895601272,B0055,20,7334,07334.csv,1.169708782604433,0.5116571018306153,0.8344191005313627,-1.0753696514953874,110.0,93,-0.1951622140845886,-1.1324317784122322,0.14617633655117152,0.8282244998218681,-0.030333213381682968,-0.37979014321041776,-0.257215955910102,-0.25635175549746736
discharge,2010-09-05 00:38:30.420999,-1.0539982895601272,B0055,22,7336,07336.csv,1.1483647194613424,0.5116571018306153,0.8344191005313627,-1.0529577444401543,110.0,92,-0.19236394739377377,-1.1225667204256202,0.14617633655117152,0.8282244998218681,-0.030333213381682968,-0.2433263858813068,-0.2815678835619882,-0.18520093132759963
discharge,2010-09-05 04:25:36.515000,-1.0539982895601272,B0055,24,7338,07338.csv,1.1527726060972296,0.5116571018306153,0.8344191005313627,-1.0305458373849212,110.0,91,-0.19274410327852065,-1.1127279041543559,0.14617633655117152,0.8282244998218681,-0.030333213381682968,-0.22722586762965186,-0.2944394097463667,-0.1981243467855269
discharge,2010-09-05 09:19:29.795999,-1.0539982895601272,B0055,28,7342,07342.csv,1.1318370471727228,0.5797287919260258,0.7531784900056531,-1.0081339303296881,110.0,90,-0.15082803134161335,-1.0999956705446354,0.14617633655117152,0.7928548202831228,-0.42694809632097713,-0.2935341199090323,-0.31899366376447613,-0.20567261143447027
discharge,2010-09-05 13:06:35.670999,-1.0539982895601272,B0055,30,7344,07344.csv,1.1326525803383347,0.5797287919260258,0.7531784900056531,-0.9857220232744549,110.0,89,-0.1927463940779455,-1.0901570124045714,0.14617633655117152,0.7928548202831228,-0.030333213381682968,-0.23399893300485713,-0.33474093781176045,-0.25799029971526133
discharge,2010-09-05 16:52:47.405999,-1.0539982895601272,B0055,32,7346,07346.csv,1.1160565716574584,0.5797287919260258,0.7531784900056531,-0.9633101162192218,110.0,88,-0.19331271058271474,-1.0803574464293557,0.14617633655117152,0.7928548202831228,-0.030333213381682968,-0.2211054680736216,-0.3579014035470633,-0.2669032027539925
discharge,2010-09-05 20:39:20.327999,-1.0539982895601272,B0055,34,7348,07348.csv,1.0984641825068853,0.5797287919260258,0.7531784900056531,-0.9408982091639887,110.0,87,-0.19309108982566733,-1.0705425822329238,0.14617633655117152,0.7928548202831228,-0.030333213381682968,-0.20354305286108373,-0.386764207059958,-0.21855985611921305
discharge,2010-09-06 00:25:33.420999,-1.0539982895601272,B0055,36,7350,07350.csv,1.092569410309668,0.5797287919260258,0.7531784900056531,-0.9184863021087556,110.0,86,-0.1932985055990894,-1.0607420357043305,0.14617633655117152,0.7928548202831228,-0.030333213381682968,-0.25177207611336544,-0.4105036197512405,-0.23402577931722768
discharge,2010-09-06 05:23:13.750000,-1.0539982895601272,B0055,40,7354,07354.csv,1.109167680712031,0.5680881586758948,0.5996383401187159,-0.8960743950535225,110.0,85,-0.14845305847668014,-1.047845860500176,0.14617633655117152,0.6721371127856317,-1.3963695499219533,-0.07606792472128264,-0.41366588621242184,-0.25795208144798143
discharge,2010-09-06 09:08:34.203000,-1.0539982895601272,B0055,42,7356,07356.csv,1.107503502890571,0.5680881586758948,0.5996383401187159,-0.8736624879982893,110.0,84,-0.19384913176848456,-1.0380833230509623,0.14617633655117152,0.6721371127856317,-0.030333213381682968,-0.08767599995620583,-0.4170437842422867,-0.31308476185583184
discharge,2010-09-06 12:53:22.312000,-1.0539982895601272,B0055,44,7358,07358.csv,1.106751675424531,0.5680881586758948,0.5996383401187159,-0.8512505809430562,110.0,83,-0.19418745724004452,-1.0283441398126805,0.14617633655117152,0.6721371127856317,-0.030333213381682968,-0.013505885561236934,-0.41986933925511827,-0.3315112726178534
discharge,2010-09-06 16:38:35.375000,-1.0539982895601272,B0055,46,7360,07360.csv,1.0726694124582823,0.5680881586758948,0.5996383401187159,-0.8288386738878231,110.0,82,-0.19392643282076097,-1.0185869383645425,0.14617633655117152,0.6721371127856317,-0.030333213381682968,-0.09069862974179521,-0.44775684077055566,-0.2596476178182038
discharge,2010-09-06 20:24:10.250000,-1.0539982895601272,B0055,48,7362,07362.csv,1.0776844021506693,0.5680881586758948,0.5996383401187159,-0.80642676683259,110.0,81,-0.19369827442397436,-1.0088139874095765,0.14617633655117152,0.6721371127856317,-0.030333213381682968,-0.03962762289064116,-0.4625222138164202,-0.23853887431426696
discharge,2010-09-09 16:02:55.593000,-1.0539982895601272,B0055,52,7366,07366.csv,1.1981714734535909,0.5702980283253726,0.4514102877539198,-0.7840148597773569,110.0,80,2.212053442753808,-0.8329748139092441,0.14617633655117152,0.5607597560680391,-1.3312779343980004,0.4466988172497511,-0.3804375841614665,0.03922837823296604
discharge,2010-09-09 21:02:00.109000,-1.0539982895601272,B0055,56,7370,07370.csv,1.162538155268093,0.6001431571086681,0.5842644969617943,-0.7616029527221237,110.0,79,-0.14757244364438069,-0.8200178508949122,0.14617633655117152,0.6728061620580622,1.3185189615354236,0.2876817628158969,-0.3529017069564235,0.07706541581857188
discharge,2010-09-10 00:49:20.092999,-1.0539982895601272,B0055,58,7372,07372.csv,1.1556827465844224,0.6001431571086681,0.5842644969617943,-0.7391910456668906,110.0,78,-0.19259881079387692,-0.8101690052536522,0.14617633655117152,0.6728061620580622,-0.030333213381682968,0.2591095500273478,-0.33977493751113247,0.08229181680681316
discharge,2010-09-10 04:36:05.546000,-1.0539982895601272,B0055,60,7374,07374.csv,1.137444098422356,0.6001431571086681,0.5842644969617943,-0.7167791386116575,110.0,77,-0.19296001275349187,-0.800345092960493,0.14617633655117152,0.6728061620580622,-0.030333213381682968,0.3332770129288487,-0.34493932816552997,-0.014157138325758016
discharge,2010-09-10 08:21:56.953000,-1.0539982895601272,B0055,62,7376,07376.csv,1.1126375352125493,0.6001431571086681,0.5842644969617943,-0.6943672315564244,110.0,76,-0.1935253460077046,-0.7905602049595484,0.14617633655117152,0.6728061620580622,-0.030333213381682968,0.19367573216842876,-0.36730895810289477,-0.12166078664483286
discharge,2010-09-10 12:07:58.578000,-1.0539982895601272,B0055,64,7378,07378.csv,1.098656067845981,0.6001431571086681,0.5842644969617943,-0.6719553245011913,110.0,75,-0.19341846344313618,-0.7807679389803914,0.14617633655117152,0.6728061620580622,-0.030333213381682968,-0.43580121967944013,-0.3928895070359959,-0.1581722916018333
discharge,2010-09-10 17:05:18.030999,-1.0539982895601272,B0055,68,7382,07382.csv,1.098530275888464,0.6619137781045086,0.5148502371311472,-0.6495434174459581,110.0,74,-0.14867142612511375,-0.7678868374391766,0.14617633655117152,0.6439708536180287,-0.36708429638791334,-0.26958264097840473,-0.4100391820138546,-0.176587765329334
discharge,2010-09-10 20:50:57.920999,-1.0539982895601272,B0055,70,7384,07384.csv,1.1029370400968537,0.6619137781045086,0.5148502371311472,-0.627131510390725,110.0,73,-0.19364581640270695,-0.7581102653684603,0.14617633655117152,0.6439708536180287,-0.030333213381682968,-0.21686192032937304,-0.41811006279583435,-0.25241784595564737
discharge,2010-09-11 00:36:11.406000,-1.0539982895601272,B0055,72,7386,07386.csv,1.0949644922735318,0.6619137781045086,0.5148502371311472,-0.6047196033354919,110.0,72,-0.19392201859594882,-0.748352759211555,0.14617633655117152,0.6439708536180287,-0.030333213381682968,-0.16880403546991984,-0.42957347742787694,-0.3339658824942209
discharge,2010-09-11 04:20:54.625000,-1.0539982895601272,B0055,74,7388,07388.csv,1.0890679714830998,0.6619137781045086,0.5148502371311472,-0.5823076962802588,110.0,71,-0.19423860773336413,-0.7386171068319012,0.14617633655117152,0.6439708536180287,-0.030333213381682968,-0.0802819471119932,-0.4417146316588599,-0.3479442301286509
discharge,2010-09-11 08:05:50.875000,-1.0539982895601272,B0055,76,7390,07390.csv,1.073323391636053,0.6619137781045086,0.5148502371311472,-0.5598957892250257,110.0,70,-0.19410230055985747,-0.7288720453277526,0.14617633655117152,0.6439708536180287,-0.030333213381682968,-0.08853546634376219,-0.4618214015103219,-0.29399927358592726
discharge,2010-09-11 13:02:19.545999,-1.0539982895601272,B0055,80,7394,07394.csv,1.095373856745309,0.509425077317672,0.40366459385090303,-0.5374838821697926,110.0,69,-0.1492026171990922,-0.7160276112840502,0.14617633655117152,0.5012360094630119,-1.7101765160027993,0.015276494728395353,-0.4584020364445938,-0.2972833296567477
discharge,2010-09-11 16:46:28.437000,-1.0539982895601272,B0055,82,7396,07396.csv,1.0639517466243125,0.509425077317672,0.40366459385090303,-0.5150719751145595,110.0,68,-0.194597686278052,-0.7063167456756527,0.14617633655117152,0.5012360094630119,-0.030333213381682968,-0.15244638546469189,-0.48009663687670584,-0.2721812960189748
discharge,2010-09-11 20:31:10.015000,-1.0539982895601272,B0055,84,7398,07398.csv,1.085798072407703,0.509425077317672,0.40366459385090303,-0.49266006805932633,110.0,67,-0.19425577296026336,-0.6965822781915015,0.14617633655117152,0.5012360094630119,-0.030333213381682968,-0.012857647078639454,-0.47789157803629495,-0.2838491016904408
discharge,2010-09-12 00:15:17.875000,-1.0539982895601272,B0055,86,7400,07400.csv,1.0588748965507555,0.509425077317672,0.40366459385090303,-0.4702481610040932,110.0,66,-0.194608470779026,-0.6868721570245716,0.14617633655117152,0.5012360094630119,-0.030333213381682968,-0.11128806708460791,-0.4969631569486296,-0.26291677463810503
discharge,2010-09-12 03:59:48.265000,-1.0539982895601272,B0055,88,7402,07402.csv,1.0813260035191288,0.509425077317672,0.40366459385090303,-0.4478362539488601,110.0,65,-0.194372801941707,-0.6771457679139027,0.14617633655117152,0.5012360094630119,-0.030333213381682968,0.0675143855054546,-0.49254798623614277,-0.2617244168095255
discharge,2010-09-12 08:55:06.671000,-1.0539982895601272,B0055,92,7406,07406.csv,1.061601862588323,0.5613811263280448,0.4308940160647719,-0.425424346893627,110.0,64,-0.14993760479867282,-0.6643520692031145,0.14617633655117152,0.5418025318184742,0.46614850019416215,-0.12804177904376393,-0.5046534981503799,-0.28681948352216763
discharge,2010-09-12 12:39:18.217999,-1.0539982895601272,B0055,94,7408,07408.csv,1.0593920670581127,0.5613811263280448,0.4308940160647719,-0.4030124398383939,110.0,63,-0.1945699039451367,-0.6546392858128246,0.14617633655117152,0.5418025318184742,-0.030333213381682968,0.008707522517594001,-0.5144098506233095,-0.2805429429167802
discharge,2010-09-12 16:23:34.703000,-1.0539982895601272,B0055,96,7410,07410.csv,1.0742513141424723,0.5613811263280448,0.4308940160647719,-0.38060053278316075,110.0,62,-0.19451825134016468,-0.6449229369037279,0.14617633655117152,0.5418025318184742,-0.030333213381682968,-0.024000537265798916,-0.5095769023150791,-0.30559383248197197
discharge,2010-09-12 20:07:24.765000,-1.0539982895601272,B0055,98,7412,07412.csv,1.04056147341315,0.5613811263280448,0.4308940160647719,-0.35818862572792765,110.0,61,-0.19479464183835152,-0.635225666906912,0.14617633655117152,0.5418025318184742,-0.030333213381682968,-0.055676791207308854,-0.5320593279339668,-0.25844204330242126
discharge,2010-09-12 23:51:17.062000,-1.0539982895601272,B0055,100,7414,07414.csv,1.0575656535324895,0.5613811263280448,0.4308940160647719,-0.33577671867269454,110.0,60,-0.1947712632386441,-0.6255267831127477,0.14617633655117152,0.5418025318184742,-0.030333213381682968,-0.08117505975245572,-0.5340739054336879,-0.2892042629164946
discharge,2010-09-14 12:06:05.296000,-1.0539982895601272,B0055,104,7418,07418.csv,1.0983528970914622,0.5034891079923414,0.41526177928419833,-0.31336481161746144,110.0,59,1.0296600094678592,-0.5313068430629025,0.14617633655117152,0.507737070878711,-0.44257412552376396,0.20209210621521198,-0.5042974492607611,-0.20710241180638359
discharge,2010-09-14 17:03:04.921000,-1.0539982895601272,B0055,108,7422,07422.csv,1.109758993739737,0.5957591954690367,0.3754352441341558,-0.29095290456222833,110.0,58,-0.148878831427852,-0.5184400584667471,0.14617633655117152,0.5130146528550137,0.03414035325611891,0.26583110709978597,-0.47574395084784105,-0.14907017196936043
discharge,2010-09-14 20:48:06.968000,-1.0539982895601272,B0055,110,7424,07424.csv,1.0793315779206871,0.5957591954690367,0.3754352441341558,-0.26854099750699517,110.0,57,-0.19404166264374836,-0.5086908111982908,0.14617633655117152,0.5130146528550137,-0.030333213381682968,0.053834228083592936,-0.479923538894326,-0.14899948126123652
discharge,2010-09-15 00:32:54.453000,-1.0539982895601272,B0055,112,7426,07426.csv,1.0716159094756148,0.5957591954690367,0.3754352441341558,-0.2461290904517621,110.0,56,-0.19419398441956012,-0.49895207852356416,0.14617633655117152,0.5130146528550137,-0.030333213381682968,0.17542506976328154,-0.4885967667031622,-0.21391061073526085
discharge,2010-09-15 04:17:21.780999,-1.0539982895601272,B0055,114,7428,07428.csv,1.0746464211019795,0.5957591954690367,0.3754352441341558,-0.22371718339652896,110.0,55,-0.1944048311567776,-0.48922790035208713,0.14617633655117152,0.5130146528550137,-0.030333213381682968,0.11001123886927378,-0.4920667243187649,-0.25083614511354263
discharge,2010-09-17 15:17:48.765000,-1.0539982895601272,B0055,116,7430,07430.csv,1.08643683065179,0.5957591954690367,0.3754352441341558,-0.20130527634129586,110.0,54,1.8867576545681193,-0.33584351400547124,0.14617633655117152,0.5130146528550137,-0.030333213381682968,-0.02572935046061901,-0.48538428194149413,-0.2617945077261144
discharge,2010-09-17 20:11:19.795999,-1.0539982895601272,B0055,120,7434,07434.csv,1.1340138347387958,0.5146756144446353,0.28266511767991453,-0.17889336928606273,110.0,53,-0.1510607713163292,-0.32312734616353583,0.14617633655117152,0.41164145133857066,-1.2669370670301143,0.1435946623188099,-0.4446294181698176,-0.1729034861948973
discharge,2010-09-17 23:56:44.390000,-1.0539982895601272,B0055,122,7436,07436.csv,1.1176964717951587,0.5146756144446353,0.28266511767991453,-0.15648146223082962,110.0,52,-0.19380581597216823,-0.3133618186756497,0.14617633655117152,0.41164145133857066,-0.030333213381682968,0.20964693865281572,-0.42990919324620014,-0.15608390988690554
discharge,2010-09-18 03:41:26.687000,-1.0539982895601272,B0055,124,7438,07438.csv,1.1046468529644289,0.5146756144446353,0.28266511767991453,-0.13406955517559652,110.0,51,-0.19424825205950735,-0.3036268320325305,0.14617633655117152,0.41164145133857066,-0.030333213381682968,0.18467753790455513,-0.43005219831821767,-0.18918586166378204
discharge,2010-09-18 07:25:38.640000,-1.0539982895601272,B0055,126,7440,07440.csv,1.089700148407426,0.5146756144446353,0.28266511767991453,-0.11165764812036338,110.0,50,-0.1945656570839019,-0.2939137554863852,0.14617633655117152,0.41164145133857066,-0.030333213381682968,0.10052221534519741,-0.4415514458895451,-0.22287043831867176
discharge,2010-09-18 11:09:35.655999,-1.0539982895601272,B0055,128,7442,07442.csv,1.075533547538172,0.5146756144446353,0.28266511767991453,-0.08924574106513028,110.0,49,-0.1947219014540174,-0.28421146430605854,0.14617633655117152,0.41164145133857066,-0.030333213381682968,-0.020988287850174876,-0.4600263248471478,-0.19625378003358826
discharge,2010-09-18 16:05:06.280999,-1.0539982895601272,B0055,132,7446,07446.csv,1.0609866776144368,0.5870591778182733,0.33691513137314677,-0.06683383400989716,110.0,48,-0.14980979132671537,-0.27140894278104283,0.14617633655117152,0.4805097023449596,0.8341836874347215,-0.31180387368307955,-0.48344175921191024,-0.19958033222312135
discharge,2010-09-18 19:49:23.327999,-1.0539982895601272,B0055,134,7448,07448.csv,1.0518218041615568,0.5870591778182733,0.33691513137314677,-0.04442192695466404,110.0,47,-0.19451237270497143,-0.26169218807664596,0.14617633655117152,0.4805097023449596,-0.030333213381682968,-0.27832148942194057,-0.5060445868071181,-0.2100661163462683
discharge,2010-09-18 23:33:26.125000,-1.0539982895601272,B0055,136,7450,07450.csv,1.0553857898132757,0.5870591778182733,0.33691513137314677,-0.022010019899430928,110.0,46,-0.19466143088056517,-0.25198572268347913,0.14617633655117152,0.4805097023449596,-0.030333213381682968,-0.20054953464133315,-0.5183939187579687,-0.25782471624708214
discharge,2010-09-19 03:17:11.311999,-1.0539982895601272,B0055,138,7452,07452.csv,1.0533102333691788,0.5870591778182733,0.33691513137314677,0.00040188715580218915,110.0,45,-0.19484563543877756,-0.24229197271515826,0.14617633655117152,0.4805097023449596,-0.030333213381682968,-0.1402968453426962,-0.5282103973137601,-0.30962719856524734
discharge,2010-09-19 07:00:37.453000,-1.0539982895601272,B0055,140,7454,07454.csv,1.0315365260084348,0.5870591778182733,0.33691513137314677,0.022813794211035306,110.0,44,-0.1950448608362139,-0.2326119750426173,0.14617633655117152,0.4805097023449596,-0.030333213381682968,-0.17590739227081373,-0.5513674363531269,-0.29636516714851013
discharge,2010-09-19 11:55:48.484000,-1.0539982895601272,B0055,144,7458,07458.csv,1.0533401053259417,0.4594712139721185,0.39079162394595945,0.04522570126626842,110.0,43,-0.15001474894759548,-0.21982360150205,0.14617633655117152,0.47230781826155505,-0.1312988123466768,-0.0057429046286982125,-0.5501699509230197,-0.3076974561488089
discharge,2010-09-19 15:38:44.765000,-1.0539982895601272,B0055,146,7460,07460.csv,1.0317876798810788,0.4594712139721185,0.39079162394595945,0.06763760832150154,110.0,42,-0.19535720312285457,-0.21016516445162686,0.14617633655117152,0.47230781826155505,-0.030333213381682968,-0.06373177359332882,-0.5658155154911734,-0.2873375914287564
discharge,2010-09-19 19:22:11.656000,-1.0539982895601272,B0055,148,7462,07462.csv,1.0354207912157296,0.4594712139721185,0.39079162394595945,0.09004951537673465,110.0,41,-0.19503701567898707,-0.20048462523707355,0.14617633655117152,0.47230781826155505,-0.030333213381682968,-0.06340818099228666,-0.5734739311588285,-0.29576699952247604
discharge,2010-09-19 23:05:17.437000,-1.0539982895601272,B0055,150,7464,07464.csv,1.0322251791310608,0.4594712139721185,0.39079162394595945,0.11246142243196777,110.0,40,-0.19525783099881858,-0.19081932864534898,0.14617633655117152,0.47230781826155505,-0.030333213381682968,-0.06865140901798995,-0.5810177028191359,-0.31234975413424054
discharge,2010-09-20 02:48:11.609000,-1.0539982895601272,B0055,152,7466,07466.csv,1.011543397303472,0.4594712139721185,0.39079162394595945,0.13487332948720088,110.0,39,-0.19537926373439055,-0.18116241441309475,0.14617633655117152,0.47230781826155505,-0.030333213381682968,-0.06353986424286007,-0.6018264957741578,-0.2653086903007524
discharge,2010-09-20 07:42:50.203000,-1.0539982895601272,B0055,156,7470,07470.csv,1.0413760568150228,0.4880569910165114,0.3263926606010628,0.157285236542434,110.0,38,-0.15035404721994863,-0.16839746223475854,0.14617633655117152,0.43452698141561724,-0.4964925325381132,-0.025953965141871278,-0.5929375529179748,-0.2960376123851848
discharge,2010-09-20 11:25:31.155999,-1.0539982895601272,B0055,158,7472,07472.csv,1.02174193386881,0.4880569910165114,0.3263926606010628,0.1796971435976671,110.0,37,-0.19551753744039096,-0.15875009287443304,0.14617633655117152,0.43452698141561724,-0.030333213381682968,-0.016973967132519308,-0.601991868905423,-0.2910170827593664
discharge,2010-09-20 15:08:29.702999,-1.0539982895601272,B0055,160,7474,07474.csv,1.0133135547969283,0.4880569910165114,0.3263926606010628,0.20210905065290022,110.0,36,-0.19533350025621607,-0.1490900196428953,0.14617633655117152,0.43452698141561724,-0.030333213381682968,-0.07343646974443417,-0.6144586932976871,-0.28376411327195505
discharge,2010-09-20 18:51:21.780999,-1.0539982895601272,B0055,162,7476,07476.csv,1.029994255962691,0.4880569910165114,0.3263926606010628,0.22452095770813335,110.0,35,-0.1954011674425728,-0.13943461739795535,0.14617633655117152,0.43452698141561724,-0.030333213381682968,0.01960894595393522,-0.6100430085627067,-0.28653867868990723
discharge,2010-09-20 22:33:25.109000,-1.0539982895601272,B0055,164,7478,07478.csv,1.0189349807814327,0.4880569910165114,0.3263926606010628,0.24693286476336646,110.0,34,-0.1959111033317709,-0.1298144154300244,0.14617633655117152,0.43452698141561724,-0.030333213381682968,0.06465402648207239,-0.6155371314461793,-0.2988721281418888
discharge,2010-09-21 16:21:05.187000,-1.0539982895601272,B0055,168,7482,07482.csv,1.0290879520854015,0.49794848087884963,0.3439325252821977,0.26934477181859956,110.0,33,0.33480664551908196,-0.08355938902857571,0.14617633655117152,0.45160495164690484,0.18265195954185434,-0.0274709439295822,-0.6114534514335248,-0.33219719407791104
discharge,2010-09-21 21:16:13.531000,-1.0539982895601272,B0055,172,7486,07486.csv,1.0567629241900045,0.4882600609271881,0.2582620273050956,0.29175667887383266,110.0,32,-0.15004285556836228,-0.07077295565511128,0.14617633655117152,0.38302212115609907,-0.8815110021629011,0.19399338699815075,-0.5876157807782989,-0.24938305341381067
discharge,2010-09-22 00:59:48.890000,-1.0539982895601272,B0055,174,7488,07488.csv,1.0291668536316647,0.4882600609271881,0.2582620273050956,0.3141685859290658,110.0,31,-0.19494843850568844,-0.061086302062058985,0.14617633655117152,0.38302212115609907,-0.030333213381682968,0.10426518640758718,-0.5927790180171778,-0.27124778531240684
discharge,2010-09-22 04:42:50.280999,-1.0539982895601272,B0055,176,7490,07490.csv,1.032129844490102,0.4882600609271881,0.2582620273050956,0.33658049298429893,110.0,30,-0.19530375139080705,-0.051424175301194815,0.14617633655117152,0.38302212115609907,-0.030333213381682968,0.04004955235647885,-0.5939604983467579,-0.27187501794710084
discharge,2010-09-22 08:25:42.578000,-1.0539982895601272,B0055,178,7492,07492.csv,1.0409230283951276,0.4882600609271881,0.2582620273050956,0.35899240003953203,110.0,29,-0.19539887664314795,-0.041768614925054286,0.14617633655117152,0.38302212115609907,-0.030333213381682968,0.13298330143985387,-0.5880392024443237,-0.29183253207243676
discharge,2010-09-22 12:07:52.000000,-1.0539982895601272,B0055,180,7494,07494.csv,1.011161098766987,0.4882600609271881,0.2582620273050956,0.38140430709476514,110.0,28,-0.1958473587397179,-0.032144012742614726,0.14617633655117152,0.38302212115609907,-0.030333213381682968,-0.05386717243797879,-0.6067991784443596,-0.24955470502797641
discharge,2010-09-22 17:02:11.859000,-1.0539982895601272,B0055,184,7498,07498.csv,1.0337876112911784,0.5505984857841569,0.3521769622527839,0.40381621414999824,110.0,27,-0.1505500195087712,-0.01939258830178188,0.14617633655117152,0.47806409849268205,1.1726219575007728,-0.07750012762324811,-0.6020424430021808,-0.29740433653907095
discharge,2010-09-22 20:44:38.686999,-1.0539982895601272,B0055,186,7500,07500.csv,1.003994224020383,0.5505984857841569,0.3521769622527839,0.4262281212052314,110.0,26,-0.1956652880984971,-0.009755417996286203,0.14617633655117152,0.47806409849268205,-0.030333213381682968,-0.0877862528395011,-0.6216027939298429,-0.2562377450426878
discharge,2010-09-23 00:27:12.936999,-1.0539982895601272,B0055,188,7502,07502.csv,1.0334195479955004,0.5505984857841569,0.3521769622527839,0.4486400282604645,110.0,25,-0.19558765230860578,-0.00011288858316965057,0.14617633655117152,0.47806409849268205,-0.030333213381682968,0.036089777597723034,-0.6121923418283473,-0.25481714597529237
discharge,2010-09-23 04:09:08.968000,-1.0539982895601272,B0055,190,7504,07504.csv,1.009893656411646,0.5505984857841569,0.3521769622527839,0.4710519353156976,110.0,24,-0.19598743158325413,0.009502044534984893,0.14617633655117152,0.47806409849268205,-0.030333213381682968,-0.11520295843241367,-0.6238682938689669,-0.27175241701146186
discharge,2010-09-23 07:51:17.217999,-1.0539982895601272,B0055,192,7506,07506.csv,1.0126262447940628,0.5505984857841569,0.3521769622527839,0.4934638423709307,110.0,23,-0.19585961813221714,0.01912580046592302,0.14617633655117152,0.47806409849268205,-0.030333213381682968,0.03691106282074012,-0.6295673746085412,-0.27325046100177636
discharge,2010-09-23 12:44:52.045999,-1.0539982895601272,B0055,196,7510,07510.csv,0.9948742055727694,0.5393142059340263,0.23460453960237276,0.5158757494261639,110.0,22,-0.1510210538369253,0.0318447099589301,0.14617633655117152,0.38471499303694073,-1.1802562837123796,-0.15210986299784496,-0.6469110632583486,-0.27017277060410827
discharge,2010-09-23 16:27:06.734000,-1.0539982895601272,B0055,198,7512,07512.csv,1.0240799556179332,0.5393142059340263,0.23460453960237276,0.538287656481397,110.0,21,-0.195792275191871,0.04147311449414365,0.14617633655117152,0.38471499303694073,-0.030333213381682968,0.1240781396886924,-0.6361903649741684,-0.2670078093800665
discharge,2010-09-23 20:08:35.109000,-1.0539982895601272,B0055,200,7514,07514.csv,1.0208889510043029,0.5393142059340263,0.23460453960237276,0.5606995635366301,110.0,20,-0.19627671953711845,0.051068078403762145,0.14617633655117152,0.38471499303694073,-0.030333213381682968,-0.028606103805446485,-0.6314778786304406,-0.2945813284262763
discharge,2010-09-23 23:50:11.265000,-1.0539982895601272,B0055,202,7516,07516.csv,1.016100815944114,0.5393142059340263,0.23460453960237276,0.5831114705918632,110.0,19,-0.19619532853742117,0.06066866063873505,0.14617633655117152,0.38471499303694073,-0.030333213381682968,0.059109476193346826,-0.6319894320609036,-0.29469292579283574
discharge,2010-09-24 03:31:49.968000,-1.0539982895601272,B0055,204,7518,07518.csv,0.9987875345106276,0.5393142059340263,0.23460453960237276,0.6055233776470963,110.0,18,-0.19616868634795598,0.07027108195283381,0.14617633655117152,0.38471499303694073,-0.030333213381682968,-0.03472967126603557,-0.6455400094467951,-0.2788237429385482
discharge,2010-09-24 08:25:18.515000,-1.0539982895601272,B0055,208,7522,07522.csv,1.0158868294923784,0.5040535410192538,0.3379142603611563,0.6279352847023294,110.0,17,-0.15108675450124848,0.0829854562059552,0.14617633655117152,0.4493927132911611,0.7878981566058795,0.12841712752446294,-0.6415274515205828,-0.3087015812892576
discharge,2010-09-24 12:07:03.170999,-1.0539982895601272,B0055,210,7524,07524.csv,0.9963437517762594,0.5040535410192538,0.3379142603611563,0.6503471917575625,110.0,16,-0.19610641664742817,0.09259217592452831,0.14617633655117152,0.4493927132911611,-0.030333213381682968,-0.09978691045316966,-0.6537632258712259,-0.29647743019461015
discharge,2010-09-24 15:48:49.405999,-1.0539982895601272,B0055,212,7526,07526.csv,1.0053777381419529,0.5040535410192538,0.3379142603611563,0.6727590988127956,110.0,15,-0.1960898999439308,0.10220003577179354,0.14617633655117152,0.4493927132911611,-0.030333213381682968,-0.042559025520570046,-0.6550277338812369,-0.3129274602038249
discharge,2010-09-24 19:30:22.280999,-1.0539982895601272,B0055,214,7528,07528.csv,1.009132291002791,0.5040535410192538,0.3379142603611563,0.6951710058680288,110.0,14,-0.19622964853099614,0.11179824893781805,0.14617633655117152,0.4493927132911611,-0.030333213381682968,-0.0025688151239748776,-0.6530061220764892,-0.32474363262981937
discharge,2010-09-24 23:11:34.280999,-1.0539982895601272,B0055,216,7530,07530.csv,0.9984581240784204,0.5040535410192538,0.3379142603611563,0.7175829129232619,110.0,13,-0.19644800569828572,0.12138138916440402,0.14617633655117152,0.4493927132911611,-0.030333213381682968,0.028510347373947587,-0.659802466923214,-0.32417104139394903
discharge,2010-09-28 11:41:33.436999,-1.0539982895601272,B0055,220,7534,07534.csv,1.0892389324114138,0.44982773925805886,0.2871393029797192,0.739994819978495,110.0,12,2.8467150923508413,0.34103051278986035,0.14617633655117152,0.39012790863746244,-0.7663271808523714,0.3734297976096463,-0.5950701863254134,-0.057156257106995116
discharge,2010-09-28 16:37:32.109000,-1.0539982895601272,B0055,224,7538,07538.csv,1.0793936031703524,0.5659102436307859,0.3471425349885159,0.7624067270337281,110.0,11,-0.1495164134254302,0.35385328584769077,0.14617633655117152,0.4801320322654245,1.1065212688328911,0.41882710176917776,-0.5594270390430341,-0.015197346626795952
discharge,2010-09-28 20:21:33.968000,-1.0539982895601272,B0055,226,7540,07540.csv,1.032614295314224,0.5659102436307859,0.3471425349885159,0.7848186340889612,110.0,10,-0.19467124258074597,0.3635590739506891,0.14617633655117152,0.4801320322654245,-0.030333213381682968,0.15755273479108184,-0.571356223484509,-0.042634816138788806
discharge,2010-09-29 00:05:26.905999,-1.0539982895601272,B0055,228,7542,07542.csv,1.0498572649026638,0.5659102436307859,0.3471425349885159,0.8072305411441943,110.0,9,-0.1947645582457878,0.3732584205826549,0.14617633655117152,0.4801320322654245,-0.030333213381682968,0.22069499491345654,-0.5661531172863902,-0.07932111122410619
discharge,2010-09-29 03:48:21.015000,-1.0539982895601272,B0055,230,7544,07544.csv,1.0453902697248565,0.5659102436307859,0.3471425349885159,0.8296424481994275,110.0,8,-0.19537992271801602,0.3829152893260415,0.14617633655117152,0.4801320322654245,-0.030333213381682968,0.24975213786513584,-0.5660925702090673,-0.1875185867200537
discharge,2010-09-29 07:31:12.015000,-1.0539982895601272,B0055,232,7546,07546.csv,1.0001607736713514,0.5659102436307859,0.3471425349885159,0.8520543552546606,110.0,7,-0.19541244356359497,0.39256991319355794,0.14617633655117152,0.4801320322654245,-0.030333213381682968,-0.3869421600891819,-0.6005610257540903,-0.14642872302963555
discharge,2010-09-29 12:25:41.905999,-1.0539982895601272,B0055,236,7550,07550.csv,1.0084094786878155,0.5773841185853268,0.2233674527941832,0.8744662623098937,110.0,6,-0.15044508255624942,0.40532858130928306,0.14617633655117152,0.39082572445934655,-1.12981507101873,-0.30223998630373594,-0.6172464685822019,-0.20315007364837742
discharge,2010-09-29 16:08:13.420999,-1.0539982895601272,B0055,238,7552,07552.csv,1.003655158082039,0.5773841185853268,0.2233674527941832,0.8968781693651268,110.0,5,-0.19561626102010457,0.414969135896562,0.14617633655117152,0.39082572445934655,-0.030333213381682968,-0.1055117319659861,-0.6319975086593673,-0.18639892720796253
discharge,2010-09-29 19:50:59.780999,-1.0539982895601272,B0055,240,7554,07554.csv,1.028526967659532,0.5773841185853268,0.2233674527941832,0.91929007642036,110.0,4,-0.1954609790010189,0.4246204094196954,0.14617633655117152,0.39082572445934655,-0.030333213381682968,-0.06979944573189732,-0.622855051418517,-0.22815537779857945
discharge,2010-09-29 23:33:00.890000,-1.0539982895601272,B0055,242,7556,07556.csv,0.9816844358987022,0.5773841185853268,0.2233674527941832,0.9417019834755931,110.0,3,-0.19593431456790095,0.4342390091431899,0.14617633655117152,0.39082572445934655,-0.030333213381682968,-0.2681686989797659,-0.6524996005970839,-0.24839966197801094
discharge,2010-09-30 03:15:20.437000,-1.0539982895601272,B0055,244,7558,07558.csv,1.0127121434171131,0.5773841185853268,0.2233674527941832,0.9641138905308262,110.0,2,-0.19574144897594276,0.4438709221525428,0.14617633655117152,0.39082572445934655,-0.030333213381682968,0.08880812649817385,-0.6485893742187638,-0.2472981402933847
discharge,2010-09-30 08:08:36.328000,-1.0539982895601272,B0055,248,7562,07562.csv,1.0201379996149256,0.5418715902337189,0.2972240744648279,0.9865257975860593,110.0,1,-0.15121913909091156,0.4565761580525366,0.14617633655117152,0.433107299401433,0.5036236530955401,0.08495618929917155,-0.6403168393648262,-0.23854439438465916
discharge,2010-09-30 11:50:17.687000,-1.0539982895601272,B0055,250,7564,07564.csv,0.9907591663373164,0.5418715902337189,0.2972240744648279,1.0089377046412924,110.0,0,-0.1961409039941202,0.46618049714997184,0.14617633655117152,0.433107299401433,-0.030333213381682968,-0.03031659741195083,-0.6572170311010028,-0.22273905686394418
discharge,2010-09-03 12:10:27.155999,-1.0539982895601272,B0056,0,7062,07062.csv,0.7852781208785192,-2.9718673543855942,-2.5541708922443727,-1.2546649079372523,100.0,101,-0.3352760930883402,-1.2173607181576145,-6.841052550594827,-3.0749766758377546,-0.030333213381682968,0.030052390418546782,-1.1613460109953608,-0.3921908713000117
discharge,2010-09-03 17:08:51.655999,-1.0539982895601272,B0056,4,7066,07066.csv,1.3443555553017368,0.8378718789057807,1.510655787020325,-1.2322530008820192,110.0,100,-0.1479910199512674,-1.2044326489753583,0.14617633655117152,1.4654782110558946,-0.030333213381682968,0.030052390418546782,-0.7347858150798473,2.985869488710022
discharge,2010-09-03 20:58:26.280999,-1.0539982895601272,B0056,6,7068,07068.csv,1.317502710734752,0.8378718789057807,1.510655787020325,-1.209841093826786,110.0,99,-0.1911904358200137,-1.1944865848596533,0.14617633655117152,1.4654782110558946,-0.030333213381682968,0.030052390418546782,-0.47090030849971487,2.3021891297318557
discharge,2010-09-04 00:47:52.686999,-1.0539982895601272,B0056,8,7070,07070.csv,1.2973654679476911,0.8378718789057807,1.510655787020325,-1.187429186771553,110.0,98,-0.1912764083976402,-1.1845464553302598,0.14617633655117152,1.4654782110558946,-0.030333213381682968,0.030052390418546782,-0.31034078147995214,1.8972104090108182
discharge,2010-09-04 04:35:34.640000,-1.0539982895601272,B0056,10,7072,07072.csv,1.263960414854898,0.8378718789057807,1.510655787020325,-1.1650172797163199,110.0,97,-0.19236901012106739,-1.1746817468177817,0.14617633655117152,1.4654782110558946,-0.030333213381682968,0.030052390418546782,-0.22878820308357264,1.6126755867356128
discharge,2010-09-04 08:24:28.609000,-1.0539982895601272,B0056,12,7074,07074.csv,1.2589496187032136,0.8378718789057807,1.510655787020325,-1.1426053726610867,110.0,96,-0.1916157066699934,-1.164765038650619,0.14617633655117152,1.4654782110558946,-0.030333213381682968,2.2474133700062198,-0.17824291256468563,-0.08407260877548911
discharge,2010-09-04 13:22:53.125000,-1.0539982895601272,B0056,16,7078,07078.csv,1.28061976902026,0.7507087360030195,1.032163172790911,-1.1201934656058536,110.0,95,-0.14799085258769007,-1.151836957915451,0.14617633655117152,1.0697335897561902,-3.8451569297957024,-0.26830891304368965,-0.12801234329828845,-0.1854676879994833
discharge,2010-09-04 17:07:33.061999,-1.0539982895601272,B0056,18,7080,07080.csv,1.2572786868607095,0.7507087360030195,1.032163172790911,-1.0977815585506205,110.0,94,-0.19427293819762287,-1.1421036753275247,0.14617633655117152,1.0697335897561902,-0.030333213381682968,-0.2518695769899301,-0.11233387955637664,-0.2461303375148303
discharge,2010-09-04 20:50:47.984000,-1.0539982895601272,B0056,20,7082,07082.csv,1.2226260041048898,0.7507087360030195,1.032163172790911,-1.0753696514953874,110.0,93,-0.1951622140845886,-1.1324317784122322,0.14617633655117152,1.0697335897561902,-0.030333213381682968,-0.3198195599128748,-0.12832058265924448,-0.21136326844153847
discharge,2010-09-05 00:38:30.420999,-1.0539982895601272,B0056,22,7084,07084.csv,1.2292772249257495,0.7507087360030195,1.032163172790911,-1.0529577444401543,110.0,92,-0.19236394739377377,-1.1225667204256202,0.14617633655117152,1.0697335897561902,-0.030333213381682968,-0.1323072878599728,-0.13390369224027815,-0.18956958847851935
discharge,2010-09-05 04:25:36.515000,-1.0539982895601272,B0056,24,7086,07086.csv,1.2275780135689456,0.7507087360030195,1.032163172790911,-1.0305458373849212,110.0,91,-0.19274410327852065,-1.1127279041543559,0.14617633655117152,1.0697335897561902,-0.030333213381682968,-0.11680502745695992,-0.1389222152753445,-0.18031498034282462
discharge,2010-09-05 09:19:29.795999,-1.0539982895601272,B0056,28,7090,07090.csv,1.2133872888296768,0.7287833893309621,1.0459786796144777,-1.0081339303296881,110.0,90,-0.15082803134161335,-1.0999956705446354,0.14617633655117152,1.0717743967085707,-0.008782256086101342,-0.2846777101261021,-0.1530950170360992,-0.25172625380554675
discharge,2010-09-05 13:06:35.670999,-1.0539982895601272,B0056,30,7092,07092.csv,1.230223614493081,0.7287833893309621,1.0459786796144777,-0.9857220232744549,110.0,89,-0.1927463940779455,-1.0901570124045714,0.14617633655117152,1.0717743967085707,-0.030333213381682968,-0.0965983834688509,-0.14969791347725034,-0.3329911550307542
discharge,2010-09-05 16:52:47.405999,-1.0539982895601272,B0056,32,7094,07094.csv,1.1927530108462678,0.7287833893309621,1.0459786796144777,-0.9633101162192218,110.0,88,-0.19331271058271474,-1.0803574464293557,0.14617633655117152,1.0717743967085707,-0.030333213381682968,-0.10978969402046446,-0.17602218360226407,-0.2554082539397681
discharge,2010-09-05 20:39:20.327999,-1.0539982895601272,B0056,34,7096,07096.csv,1.18671066359878,0.7287833893309621,1.0459786796144777,-0.9408982091639887,110.0,87,-0.19309108982566733,-1.0705425822329238,0.14617633655117152,1.0717743967085707,-0.030333213381682968,-0.16921109187900904,-0.19818183627154057,-0.2229432507673895
discharge,2010-09-06 00:25:33.420999,-1.0539982895601272,B0056,36,7098,07098.csv,1.1914875140242167,0.7287833893309621,1.0459786796144777,-0.9184863021087556,110.0,86,-0.1932985055990894,-1.0607420357043305,0.14617633655117152,1.0717743967085707,-0.030333213381682968,-0.13889521523604959,-0.20931033691376552,-0.23510149424746557
discharge,2010-09-06 05:23:13.750000,-1.0539982895601272,B0056,40,7102,07102.csv,1.214178606017816,0.714643541369129,0.9036213027080228,-0.8960743950535225,110.0,85,-0.14845305847668014,-1.047845860500176,0.14617633655117152,0.9585636760878912,-1.2252520493531298,0.0337567210855062,-0.1994166789329562,-0.2341123101269048
discharge,2010-09-06 09:08:34.203000,-1.0539982895601272,B0056,42,7104,07104.csv,1.2094387558721402,0.714643541369129,0.9036213027080228,-0.8736624879982893,110.0,84,-0.19384913176848456,-1.0380833230509623,0.14617633655117152,0.9585636760878912,-0.030333213381682968,-0.06724612698006044,-0.1964372779209716,-0.2887817016903634
discharge,2010-09-06 12:53:22.312000,-1.0539982895601272,B0056,44,7106,07106.csv,1.207072299940321,0.714643541369129,0.9036213027080228,-0.8512505809430562,110.0,83,-0.19418745724004452,-1.0283441398126805,0.14617633655117152,0.9585636760878912,-0.030333213381682968,0.097084147740664,-0.19625654921124053,-0.28988200242042694
discharge,2010-09-06 16:38:35.375000,-1.0539982895601272,B0056,46,7108,07108.csv,1.162961249391913,0.714643541369129,0.9036213027080228,-0.8288386738878231,110.0,82,-0.19392643282076097,-1.0185869383645425,0.14617633655117152,0.9585636760878912,-0.030333213381682968,-0.08112386695014534,-0.22979154152895928,-0.213956143070862
discharge,2010-09-06 20:24:10.250000,-1.0539982895601272,B0056,48,7110,07110.csv,1.17887968705904,0.714643541369129,0.9036213027080228,-0.80642676683259,110.0,81,-0.19369827442397436,-1.0088139874095765,0.14617633655117152,0.9585636760878912,-0.030333213381682968,-0.028967634384218285,-0.24000288746686094,-0.20077770125228647
discharge,2010-09-09 16:02:55.593000,-1.0539982895601272,B0056,52,7114,07114.csv,1.2945104146044433,0.7560783156416877,0.9998283010294641,-0.7840148597773569,110.0,80,2.212053442753808,-0.8329748139092441,0.14617633655117152,1.0473141918468842,0.9327045060206834,0.406103342603171,-0.1585874920307477,0.04205780732458485
discharge,2010-09-09 21:02:00.109000,-1.0539982895601272,B0056,56,7118,07118.csv,1.2602567563003473,0.7530846667050466,0.9071355003123631,-0.7616029527221237,110.0,79,-0.14757244364438069,-0.8200178508949122,0.14617633655117152,0.9759853931158116,-0.7876630999472302,0.26794268301090257,-0.13044512968602182,0.08128679663580379
discharge,2010-09-10 00:49:20.092999,-1.0539982895601272,B0056,58,7120,07120.csv,1.2408721291565108,0.7530846667050466,0.9071355003123631,-0.7391910456668906,110.0,78,-0.19259881079387692,-0.8101690052536522,0.14617633655117152,0.9759853931158116,-0.030333213381682968,0.1882768619455298,-0.12647347447348084,0.08109930959758016
discharge,2010-09-10 04:36:05.546000,-1.0539982895601272,B0056,60,7122,07122.csv,1.252197340273113,0.7530846667050466,0.9071355003123631,-0.7167791386116575,110.0,77,-0.19296001275349187,-0.800345092960493,0.14617633655117152,0.9759853931158116,-0.030333213381682968,0.4477862561875683,-0.11518489006306883,-0.031572027299288624
discharge,2010-09-10 08:21:56.953000,-1.0539982895601272,B0056,62,7124,07124.csv,1.2279025700477384,0.7530846667050466,0.9071355003123631,-0.6943672315564244,110.0,76,-0.1935253460077046,-0.7905602049595484,0.14617633655117152,0.9759853931158116,-0.030333213381682968,0.2595393414916779,-0.12619538645303677,-0.1772751838227196
discharge,2010-09-10 12:07:58.578000,-1.0539982895601272,B0056,64,7126,07126.csv,1.1917170308946994,0.7530846667050466,0.9071355003123631,-0.6719553245011913,110.0,75,-0.19341846344313618,-0.7807679389803914,0.14617633655117152,0.9759853931158116,-0.030333213381682968,-0.45114615972543093,-0.16114425551778958,-0.16246472088026953
discharge,2010-09-10 17:05:18.030999,-1.0539982895601272,B0056,68,7130,07130.csv,1.1858570240011006,0.7235932123533176,0.8789990135313115,-0.6495434174459581,110.0,74,-0.14867142612511375,-0.7678868374391766,0.14617633655117152,0.9433583270219827,-0.382849075759306,-0.31822920146472494,-0.1889145203048619,-0.13942689473256967
discharge,2010-09-10 20:50:57.920999,-1.0539982895601272,B0056,70,7132,07132.csv,1.1840938286611429,0.7235932123533176,0.8789990135313115,-0.627131510390725,110.0,73,-0.19364581640270695,-0.7581102653684603,0.14617633655117152,0.9433583270219827,-0.030333213381682968,-0.23573938422677299,-0.20877329810495399,-0.13315556631315742
discharge,2010-09-11 00:36:11.406000,-1.0539982895601272,B0056,72,7134,07134.csv,1.2059829135917657,0.7235932123533176,0.8789990135313115,-0.6047196033354919,110.0,72,-0.19392201859594882,-0.748352759211555,0.14617633655117152,0.9433583270219827,-0.030333213381682968,-0.1862875559110097,-0.2053117334955537,-0.2362579770693111
discharge,2010-09-11 04:20:54.625000,-1.0539982895601272,B0056,74,7136,07136.csv,1.165428493679393,0.7235932123533176,0.8789990135313115,-0.5823076962802588,110.0,71,-0.19423860773336413,-0.7386171068319012,0.14617633655117152,0.9433583270219827,-0.030333213381682968,-0.26240257005749673,-0.2339458937688409,-0.26711973669442457
discharge,2010-09-11 08:05:50.875000,-1.0539982895601272,B0056,76,7138,07138.csv,1.1790060613193858,0.7235932123533176,0.8789990135313115,-0.5598957892250257,110.0,70,-0.19410230055985747,-0.7288720453277526,0.14617633655117152,0.9433583270219827,-0.030333213381682968,-0.02945046774045867,-0.24267603565714502,-0.2671508793241043
discharge,2010-09-11 13:02:19.545999,-1.0539982895601272,B0056,80,7142,07142.csv,1.2013113747183153,0.7130540245033875,0.8758719802355986,-0.5374838821697926,110.0,69,-0.1492026171990922,-0.7160276112840502,0.14617633655117152,0.9369438410905049,-0.10020060573992506,0.10239762208772592,-0.23147780994597109,-0.2503141724755625
discharge,2010-09-11 16:46:28.437000,-1.0539982895601272,B0056,82,7144,07144.csv,1.165597803317432,0.7130540245033875,0.8758719802355986,-0.5150719751145595,110.0,68,-0.194597686278052,-0.7063167456756527,0.14617633655117152,0.9369438410905049,-0.030333213381682968,-0.05653159249567967,-0.2512607662930058,-0.22727166469006313
discharge,2010-09-11 20:31:10.015000,-1.0539982895601272,B0056,84,7146,07146.csv,1.180303335055002,0.7130540245033875,0.8758719802355986,-0.49266006805932633,110.0,67,-0.19425577296026336,-0.6965822781915015,0.14617633655117152,0.9369438410905049,-0.030333213381682968,-0.09015939281344863,-0.2532295010091913,-0.2668204075627581
discharge,2010-09-12 00:15:17.875000,-1.0539982895601272,B0056,86,7148,07148.csv,1.1658134189695046,0.7130540245033875,0.8758719802355986,-0.4702481610040932,110.0,66,-0.194608470779026,-0.6868721570245716,0.14617633655117152,0.9369438410905049,-0.030333213381682968,0.03185431078375688,-0.26559738505281344,-0.2675368661498733
discharge,2010-09-12 03:59:48.265000,-1.0539982895601272,B0056,88,7150,07150.csv,1.176396051577376,0.7130540245033875,0.8758719802355986,-0.4478362539488601,110.0,65,-0.194372801941707,-0.6771457679139027,0.14617633655117152,0.9369438410905049,-0.030333213381682968,0.017834357911093154,-0.26576839311448713,-0.2673671520700412
discharge,2010-09-12 08:55:06.671000,-1.0539982895601272,B0056,92,7154,07154.csv,1.1458325512940766,0.7131291304565909,0.7687916559486065,-0.425424346893627,110.0,64,-0.14993760479867282,-0.6643520692031145,0.14617633655117152,0.8559003839285213,-0.9144801705071066,-0.2296562448261051,-0.2892014807233283,-0.27782898486822105
discharge,2010-09-12 12:39:18.217999,-1.0539982895601272,B0056,94,7156,07156.csv,1.167557759980296,0.7131291304565909,0.7687916559486065,-0.4030124398383939,110.0,63,-0.1945699039451367,-0.6546392858128246,0.14617633655117152,0.8559003839285213,-0.030333213381682968,0.03922738077763761,-0.2882478222375903,-0.2779563346005017
discharge,2010-09-12 16:23:34.703000,-1.0539982895601272,B0056,96,7158,07158.csv,1.145636654711916,0.7131291304565909,0.7687916559486065,-0.38060053278316075,110.0,62,-0.19451825134016468,-0.6449229369037279,0.14617633655117152,0.8559003839285213,-0.030333213381682968,-0.1322300028384089,-0.30433723033105636,-0.2739068901438269
discharge,2010-09-12 20:07:24.765000,-1.0539982895601272,B0056,98,7160,07160.csv,1.1443667002824445,0.7131291304565909,0.7687916559486065,-0.35818862572792765,110.0,61,-0.19479464183835152,-0.635225666906912,0.14617633655117152,0.8559003839285213,-0.030333213381682968,-0.07034444024421162,-0.3160324415364721,-0.264324233900524
discharge,2010-09-12 23:51:17.062000,-1.0539982895601272,B0056,100,7162,07162.csv,1.1605177686388095,0.7131291304565909,0.7687916559486065,-0.33577671867269454,110.0,60,-0.1947712632386441,-0.6255267831127477,0.14617633655117152,0.8559003839285213,-0.030333213381682968,-0.044277361682898586,-0.31150644279396805,-0.30172580085783685
discharge,2010-09-14 12:06:05.296000,-1.0539982895601272,B0056,104,7166,07166.csv,1.227201304260248,0.71794647163485,0.8033118150741753,-0.31336481161746144,110.0,59,1.0296600094678592,-0.5313068430629025,0.14617633655117152,0.8838859887450716,0.2812715255863665,0.4109575084454547,-0.2576114674759008,-0.10197471770317994
discharge,2010-09-14 17:03:04.921000,-1.0539982895601272,B0056,108,7170,07170.csv,1.2454797202045476,0.7418648712147033,0.8570276322968206,-0.29095290456222833,110.0,58,-0.148878831427852,-0.5184400584667471,0.14617633655117152,0.9337395871947437,0.5208359263776958,0.3948223097565779,-0.2077355719581148,0.018457251767761782
discharge,2010-09-14 20:48:06.968000,-1.0539982895601272,B0056,110,7172,07172.csv,1.1722288849037228,0.7418648712147033,0.8570276322968206,-0.26854099750699517,110.0,57,-0.19404166264374836,-0.5086908111982908,0.14617633655117152,0.9337395871947437,-0.030333213381682968,0.1545364977763186,-0.2303732808105966,-0.016568315647606618
discharge,2010-09-15 00:32:54.453000,-1.0539982895601272,B0056,112,7174,07174.csv,1.1953514999944956,0.7418648712147033,0.8570276322968206,-0.2461290904517621,110.0,56,-0.19419398441956012,-0.49895207852356416,0.14617633655117152,0.9337395871947437,-0.030333213381682968,0.268723507327159,-0.22782318844215838,-0.08528836684521045
discharge,2010-09-15 04:17:21.780999,-1.0539982895601272,B0056,114,7176,07176.csv,1.1919514716203925,0.7418648712147033,0.8570276322968206,-0.22371718339652896,110.0,55,-0.1944048311567776,-0.48922790035208713,0.14617633655117152,0.9337395871947437,-0.030333213381682968,0.17720050204317042,-0.2287172518986197,-0.14093378663259326
discharge,2010-09-17 15:17:48.765000,-1.0539982895601272,B0056,116,7178,07178.csv,1.2296223665252586,0.7418648712147033,0.8570276322968206,-0.20130527634129586,110.0,54,1.8867576545681193,-0.33584351400547124,0.14617633655117152,0.9337395871947437,-0.030333213381682968,0.041385918022044756,-0.2005714718335264,-0.1371407628391983
discharge,2010-09-17 20:11:19.795999,-1.0539982895601272,B0056,120,7182,07182.csv,1.2774519419396988,0.6829521027839377,0.8152170799988105,-0.17889336928606273,110.0,53,-0.1510607713163292,-0.32312734616353583,0.14617633655117152,0.8794621283103154,-0.6229487142990104,0.1797214273604467,-0.14531501152411413,-0.03866679531181363
discharge,2010-09-17 23:56:44.390000,-1.0539982895601272,B0056,122,7184,07184.csv,1.2433879751668584,0.6829521027839377,0.8152170799988105,-0.15648146223082962,110.0,52,-0.19380581597216823,-0.3133618186756497,0.14617633655117152,0.8794621283103154,-0.030333213381682968,0.3631638206334809,-0.13446721001571615,-0.08859372212120688
discharge,2010-09-18 03:41:26.687000,-1.0539982895601272,B0056,124,7186,07186.csv,1.230802542912592,0.6829521027839377,0.8152170799988105,-0.13406955517559652,110.0,51,-0.19424825205950735,-0.3036268320325305,0.14617633655117152,0.8794621283103154,-0.030333213381682968,0.19600655826118815,-0.13683766953020263,-0.12980321199048406
discharge,2010-09-18 07:25:38.640000,-1.0539982895601272,B0056,126,7188,07188.csv,1.2162358534094664,0.6829521027839377,0.8152170799988105,-0.11165764812036338,110.0,50,-0.1945656570839019,-0.2939137554863852,0.14617633655117152,0.8794621283103154,-0.030333213381682968,0.143732949286437,-0.14953194604210937,-0.19316922212949378
discharge,2010-09-18 11:09:35.655999,-1.0539982895601272,B0056,128,7190,07190.csv,1.2088335726499548,0.6829521027839377,0.8152170799988105,-0.08924574106513028,110.0,49,-0.1947219014540174,-0.28421146430605854,0.14617633655117152,0.8794621283103154,-0.030333213381682968,-0.0672645487755652,-0.16364252692892614,-0.16106831735342894
discharge,2010-09-18 16:05:06.280999,-1.0539982895601272,B0056,132,7194,07194.csv,1.1946181162240357,0.6592175326359617,0.7341831224887636,-0.06683383400989716,110.0,48,-0.14980979132671537,-0.27140894278104283,0.14617633655117152,0.8089960997108031,-0.8102598529991065,-0.3577110569819857,-0.18389557016499486,-0.23010121792457083
discharge,2010-09-18 19:49:23.327999,-1.0539982895601272,B0056,134,7196,07196.csv,1.1734248134794991,0.6592175326359617,0.7341831224887636,-0.04442192695466404,110.0,47,-0.19451237270497143,-0.26169218807664596,0.14617633655117152,0.8089960997108031,-0.030333213381682968,-0.29746063379037146,-0.21356748676162216,-0.20540696333095554
discharge,2010-09-18 23:33:26.125000,-1.0539982895601272,B0056,136,7198,07198.csv,1.1404596305913128,0.6592175326359617,0.7341831224887636,-0.022010019899430928,110.0,46,-0.19466143088056517,-0.25198572268347913,0.14617633655117152,0.8089960997108031,-0.030333213381682968,-0.3928627511584414,-0.2585002623092528,-0.13092718122179206
discharge,2010-09-19 03:17:11.311999,-1.0539982895601272,B0056,138,7200,07200.csv,1.1821716406845988,0.6592175326359617,0.7341831224887636,0.00040188715580218915,110.0,45,-0.19484563543877756,-0.24229197271515826,0.14617633655117152,0.8089960997108031,-0.030333213381682968,-0.12940971875072793,-0.25663036758042784,-0.17198563346770357
discharge,2010-09-19 07:00:37.453000,-1.0539982895601272,B0056,140,7202,07202.csv,1.1480663382055174,0.6592175326359617,0.7341831224887636,0.022813794211035306,110.0,44,-0.1950448608362139,-0.2326119750426173,0.14617633655117152,0.8089960997108031,-0.030333213381682968,-0.25441246573883136,-0.28140514776170245,-0.1966672485402832
discharge,2010-09-19 11:55:48.484000,-1.0539982895601272,B0056,144,7206,07206.csv,1.1825381935034152,0.7217864989530298,0.7107038860520531,0.04522570126626842,110.0,43,-0.15001474894759548,-0.21982360150205,0.14617633655117152,0.8152455203356289,0.04009106364942258,-0.026496397929811556,-0.2716206218304743,-0.22334080884129348
discharge,2010-09-19 15:38:44.765000,-1.0539982895601272,B0056,146,7208,07208.csv,1.15520928628466,0.7217864989530298,0.7107038860520531,0.06763760832150154,110.0,42,-0.19535720312285457,-0.21016516445162686,0.14617633655117152,0.8152455203356289,-0.030333213381682968,-0.05521851866073042,-0.28594878418220293,-0.2249365102556362
discharge,2010-09-19 19:22:11.656000,-1.0539982895601272,B0056,148,7210,07210.csv,1.1216816712671696,0.7217864989530298,0.7107038860520531,0.09004951537673465,110.0,41,-0.19503701567898707,-0.20048462523707355,0.14617633655117152,0.8152455203356289,-0.030333213381682968,-0.05785138777553372,-0.32108150996601764,-0.17383994687759433
discharge,2010-09-19 23:05:17.437000,-1.0539982895601272,B0056,150,7212,07212.csv,1.162666262561457,0.7217864989530298,0.7107038860520531,0.11246142243196777,110.0,40,-0.19525783099881858,-0.19081932864534898,0.14617633655117152,0.8152455203356289,-0.030333213381682968,-0.0612565959591065,-0.3132332486015393,-0.20252566549094472
discharge,2010-09-20 02:48:11.609000,-1.0539982895601272,B0056,152,7214,07214.csv,1.124695615744926,0.7217864989530298,0.7107038860520531,0.13487332948720088,110.0,39,-0.19537926373439055,-0.18116241441309475,0.14617633655117152,0.8152455203356289,-0.030333213381682968,-0.07935112718146675,-0.3369715989189091,-0.17074241606122262
discharge,2010-09-20 07:42:50.203000,-1.0539982895601272,B0056,156,7218,07218.csv,1.1664177948797931,0.7007807486860238,0.6909002788866744,0.157285236542434,110.0,38,-0.15035404721994863,-0.16839746223475854,0.14617633655117152,0.7921858531416996,-0.2897735180231665,-0.045410758720832965,-0.32096432868014363,-0.2096888002065406
discharge,2010-09-20 11:25:31.155999,-1.0539982895601272,B0056,158,7220,07220.csv,1.1346745156379463,0.7007807486860238,0.6909002788866744,0.1796971435976671,110.0,37,-0.19551753744039096,-0.15875009287443304,0.14617633655117152,0.7921858531416996,-0.030333213381682968,-0.06607540989435451,-0.33451203524320994,-0.21146639734534545
discharge,2010-09-20 15:08:29.702999,-1.0539982895601272,B0056,160,7222,07222.csv,1.1012231317092755,0.7007807486860238,0.6909002788866744,0.20210905065290022,110.0,36,-0.19533350025621607,-0.1490900196428953,0.14617633655117152,0.7921858531416996,-0.030333213381682968,-0.06571855531780443,-0.3690662950133035,-0.15987700378503308
discharge,2010-09-20 18:51:21.780999,-1.0539982895601272,B0056,162,7224,07224.csv,1.1560733948472832,0.7007807486860238,0.6909002788866744,0.22452095770813335,110.0,35,-0.1954011674425728,-0.13943461739795535,0.14617633655117152,0.7921858531416996,-0.030333213381682968,-0.0008102806100628168,-0.3502532760250145,-0.1716190599793292
discharge,2010-09-20 22:33:25.109000,-1.0539982895601272,B0056,164,7226,07226.csv,1.1385609898764002,0.7007807486860238,0.6909002788866744,0.24693286476336646,110.0,34,-0.1959111033317709,-0.1298144154300244,0.14617633655117152,0.7921858531416996,-0.030333213381682968,0.09495927146946002,-0.3510727307325468,-0.17905984799119914
discharge,2010-09-21 16:21:05.187000,-1.0539982895601272,B0056,168,7230,07230.csv,1.1757265448773706,0.7089503644350738,0.650754474536216,0.26934477181859956,110.0,33,0.33480664551908196,-0.08355938902857571,0.14617633655117152,0.7649278576960582,-0.3388368640712837,0.07362870672247668,-0.3232627714886112,-0.1558107716075838
discharge,2010-09-21 21:16:13.531000,-1.0539982895601272,B0056,172,7234,07234.csv,1.1969385632452556,0.7531846015509307,0.7560351028724511,0.29175667887383266,110.0,32,-0.15004285556836228,-0.07077295565511128,0.14617633655117152,0.8616231393894669,1.0718243206092473,0.32152415984034444,-0.2885386313979408,-0.07987883003350019
discharge,2010-09-22 00:59:48.890000,-1.0539982895601272,B0056,174,7236,07236.csv,1.1267457988726266,0.7531846015509307,0.7560351028724511,0.3141685859290658,110.0,31,-0.19494843850568844,-0.061086302062058985,0.14617633655117152,0.8616231393894669,-0.030333213381682968,0.14952963682859627,-0.3189442893140301,-0.15104780100754672
discharge,2010-09-22 04:42:50.280999,-1.0539982895601272,B0056,176,7238,07238.csv,1.1601031368559531,0.7531846015509307,0.7560351028724511,0.33658049298429893,110.0,30,-0.19530375139080705,-0.051424175301194815,0.14617633655117152,0.8616231393894669,-0.030333213381682968,0.048916503477629075,-0.3137640269139609,-0.1513908439728101
discharge,2010-09-22 08:25:42.578000,-1.0539982895601272,B0056,178,7240,07240.csv,1.1361458729690277,0.7531846015509307,0.7560351028724511,0.35899240003953203,110.0,29,-0.19539887664314795,-0.041768614925054286,0.14617633655117152,0.8616231393894669,-0.030333213381682968,0.01874669434828798,-0.32858923023171627,-0.14739258937228372
discharge,2010-09-22 12:07:52.000000,-1.0539982895601272,B0056,180,7242,07242.csv,1.1397253894261876,0.7531846015509307,0.7560351028724511,0.38140430709476514,110.0,28,-0.1958473587397179,-0.032144012742614726,0.14617633655117152,0.8616231393894669,-0.030333213381682968,-0.13847697578593476,-0.33574162976769834,-0.15335534423894925
discharge,2010-09-22 17:02:11.859000,-1.0539982895601272,B0056,184,7246,07246.csv,1.1560010024767575,0.7247442559514365,0.7247264366651943,0.40381621414999824,110.0,27,-0.1505500195087712,-0.01939258830178188,0.14617633655117152,0.8269979800770186,-0.41530537932592965,-0.16158538019766616,-0.3280920658495797,-0.27281526211896107
discharge,2010-09-22 20:44:38.686999,-1.0539982895601272,B0056,186,7248,07248.csv,1.126818619026835,0.7247442559514365,0.7247264366651943,0.4262281212052314,110.0,26,-0.1956652880984971,-0.009755417996286203,0.14617633655117152,0.8269979800770186,-0.030333213381682968,0.030393277656243774,-0.34525768590669365,-0.2730043681028266
discharge,2010-09-23 00:27:12.936999,-1.0539982895601272,B0056,188,7250,07250.csv,1.116688355680394,0.7247442559514365,0.7247264366651943,0.4486400282604645,110.0,25,-0.19558765230860578,-0.00011288858316965057,0.14617633655117152,0.8269979800770186,-0.030333213381682968,-0.1731817964770525,-0.36443053568674044,-0.2663949110529303
discharge,2010-09-23 04:09:08.968000,-1.0539982895601272,B0056,190,7252,07252.csv,1.1330613197666846,0.7247442559514365,0.7247264366651943,0.4710519353156976,110.0,24,-0.19598743158325413,0.009502044534984893,0.14617633655117152,0.8269979800770186,-0.030333213381682968,0.015612915082268091,-0.36472032919070274,-0.26632161782397107
discharge,2010-09-23 07:51:17.217999,-1.0539982895601272,B0056,192,7254,07254.csv,1.0893839897995972,0.7247442559514365,0.7247264366651943,0.4934638423709307,110.0,23,-0.19585961813221714,0.01912580046592302,0.14617633655117152,0.8269979800770186,-0.030333213381682968,-0.20560682847569095,-0.39823808650512216,-0.1844109860712282
discharge,2010-09-23 12:44:52.045999,-1.0539982895601272,B0056,196,7258,07258.csv,1.112083645925937,0.7026254687855215,0.6211812090163688,0.5158757494261639,110.0,22,-0.1510210538369253,0.0318447099589301,0.14617633655117152,0.7401087405592415,-1.0049645479009073,-0.17553446289570787,-0.40326406544918336,-0.24846872033956788
discharge,2010-09-23 16:27:06.734000,-1.0539982895601272,B0056,198,7260,07260.csv,1.1279950254648337,0.7026254687855215,0.6211812090163688,0.538287656481397,110.0,21,-0.195792275191871,0.04147311449414365,0.14617633655117152,0.7401087405592415,-0.030333213381682968,0.035559408982537635,-0.39447478762259136,-0.2467337257839024
discharge,2010-09-23 20:08:35.109000,-1.0539982895601272,B0056,200,7262,07262.csv,1.1386774565024178,0.7026254687855215,0.6211812090163688,0.5606995635366301,110.0,20,-0.19627671953711845,0.051068078403762145,0.14617633655117152,0.7401087405592415,-0.030333213381682968,0.13298823174083846,-0.38046487773808796,-0.2221972248431021
discharge,2010-09-23 23:50:11.265000,-1.0539982895601272,B0056,202,7264,07264.csv,1.1271136962200643,0.7026254687855215,0.6211812090163688,0.5831114705918632,110.0,19,-0.19619532853742117,0.06066866063873505,0.14617633655117152,0.7401087405592415,-0.030333213381682968,0.0022102499601958426,-0.37994775831874233,-0.22900234144571538
discharge,2010-09-24 03:31:49.968000,-1.0539982895601272,B0056,204,7266,07266.csv,1.110150886965375,0.7026254687855215,0.6211812090163688,0.6055233776470963,110.0,18,-0.19616868634795598,0.07027108195283381,0.14617633655117152,0.7401087405592415,-0.030333213381682968,0.12726682627541486,-0.3925451534912347,-0.2900335061634607
discharge,2010-09-24 08:25:18.515000,-1.0539982895601272,B0056,208,7270,07270.csv,1.1344632260422465,0.7131443799787208,0.7030314813701303,0.6279352847023294,110.0,17,-0.15108675450124848,0.0829854562059552,0.14617633655117152,0.8061181160457827,0.7269532189881162,0.13481615162722035,-0.3823937930748583,-0.299108951127686
discharge,2010-09-24 12:07:03.170999,-1.0539982895601272,B0056,210,7272,07272.csv,1.108458756302863,0.7131443799787208,0.7030314813701303,0.6503471917575625,110.0,16,-0.19610641664742817,0.09259217592452831,0.14617633655117152,0.8061181160457827,-0.030333213381682968,-0.0614012037398844,-0.39546689094114734,-0.2738136059564936
discharge,2010-09-24 15:48:49.405999,-1.0539982895601272,B0056,212,7274,07274.csv,1.0768220870214844,0.7131443799787208,0.7030314813701303,0.6727590988127956,110.0,15,-0.1960898999439308,0.10220003577179354,0.14617633655117152,0.8061181160457827,-0.030333213381682968,-0.2595062663612647,-0.4283201692038036,-0.20185298538078808
discharge,2010-09-24 19:30:22.280999,-1.0539982895601272,B0056,214,7276,07276.csv,1.128398212919817,0.7131443799787208,0.7030314813701303,0.6951710058680288,110.0,14,-0.19622964853099614,0.11179824893781805,0.14617633655117152,0.8061181160457827,-0.030333213381682968,0.03606549701402593,-0.4108712362210203,-0.19986451950992398
discharge,2010-09-24 23:11:34.280999,-1.0539982895601272,B0056,216,7278,07278.csv,1.1066350346531368,0.7131443799787208,0.7030314813701303,0.7175829129232619,110.0,13,-0.19644800569828572,0.12138138916440402,0.14617633655117152,0.8061181160457827,-0.030333213381682968,0.013593908616386456,-0.4158433008350909,-0.1988945422071568
discharge,2010-09-28 11:41:33.436999,-1.0539982895601272,B0056,220,7282,07282.csv,1.271609072217319,0.7385896474053936,0.6369102666816114,0.739994819978495,110.0,12,2.8467150923508413,0.34103051278986035,0.14617633655117152,0.7658274055020916,-0.48470305139684233,0.6720624104803556,-0.2932875077610516,0.26335384926813965
discharge,2010-09-28 16:37:32.109000,-1.0539982895601272,B0056,224,7286,07286.csv,1.2415767175377967,0.7420931104759823,0.6494620006270723,0.7624067270337281,110.0,11,-0.1495164134254302,0.35385328584769077,0.14617633655117152,0.776675831853919,0.09329096222429151,0.6532069907695461,-0.23449747894325074,0.344747498299475
discharge,2010-09-28 20:21:33.968000,-1.0539982895601272,B0056,226,7288,07288.csv,1.174652904422814,0.7420931104759823,0.6494620006270723,0.7848186340889612,110.0,10,-0.19467124258074597,0.3635590739506891,0.14617633655117152,0.776675831853919,-0.030333213381682968,0.48802007076894705,-0.24636509412104762,0.21433699795168154
discharge,2010-09-29 00:05:26.905999,-1.0539982895601272,B0056,228,7290,07290.csv,1.1989389885187762,0.7420931104759823,0.6494620006270723,0.8072305411441943,110.0,9,-0.1947645582457878,0.3732584205826549,0.14617633655117152,0.776675831853919,-0.030333213381682968,0.3602693530209104,-0.23574724551258874,0.1517488960400327
discharge,2010-09-29 03:48:21.015000,-1.0539982895601272,B0056,230,7292,07292.csv,1.1461398965188565,0.7420931104759823,0.6494620006270723,0.8296424481994275,110.0,8,-0.19537992271801602,0.3829152893260415,0.14617633655117152,0.776675831853919,-0.030333213381682968,0.21498338079337256,-0.26895288664897,0.03897624476884502
discharge,2010-09-29 07:31:12.015000,-1.0539982895601272,B0056,232,7294,07294.csv,1.129224378671885,0.7420931104759823,0.6494620006270723,0.8520543552546606,110.0,7,-0.19541244356359497,0.39256991319355794,0.14617633655117152,0.776675831853919,-0.030333213381682968,-0.6364818321557686,-0.3039960401916743,-0.012787702961749765
discharge,2010-09-29 12:25:41.905999,-1.0539982895601272,B0056,236,7298,07298.csv,1.1103432888019913,0.7748393741992384,0.5217509628530341,0.8744662623098937,110.0,6,-0.15044508255624942,0.40532858130928306,0.14617633655117152,0.6925579597252758,-0.9862057797315078,-0.5842802967552351,-0.3417638776057407,-0.08993940046997702
discharge,2010-09-29 16:08:13.420999,-1.0539982895601272,B0056,238,7300,07300.csv,1.153909472897475,0.7748393741992384,0.5217509628530341,0.8968781693651268,110.0,5,-0.19561626102010457,0.414969135896562,0.14617633655117152,0.6925579597252758,-0.030333213381682968,-0.06705219758868522,-0.33370267537842496,-0.10868017674940614
discharge,2010-09-29 19:50:59.780999,-1.0539982895601272,B0056,240,7302,07302.csv,1.1302191455340138,0.7748393741992384,0.5217509628530341,0.91929007642036,110.0,4,-0.1954609790010189,0.4246204094196954,0.14617633655117152,0.6925579597252758,-0.030333213381682968,-0.29164038412580295,-0.34640358716245473,-0.24790356233512337
discharge,2010-09-29 23:33:00.890000,-1.0539982895601272,B0056,242,7304,07304.csv,1.1258719408034097,0.7748393741992384,0.5217509628530341,0.9417019834755931,110.0,3,-0.19593431456790095,0.4342390091431899,0.14617633655117152,0.6925579597252758,-0.030333213381682968,-0.06482639022549255,-0.3581876553659391,-0.25873455648261834
discharge,2010-09-30 03:15:20.437000,-1.0539982895601272,B0056,244,7306,07306.csv,1.1430108283920968,0.7748393741992384,0.5217509628530341,0.9641138905308262,110.0,2,-0.19574144897594276,0.4438709221525428,0.14617633655117152,0.6925579597252758,-0.030333213381682968,0.09458980885523481,-0.3529672166174131,-0.24992611885714355
discharge,2010-09-30 08:08:36.328000,-1.0539982895601272,B0056,248,7310,07310.csv,1.1372731775310292,0.7548643354868463,0.5824913202917751,0.9865257975860593,110.0,1,-0.15121913909091156,0.4565761580525366,0.14617633655117152,0.7308752541044855,0.4148065595934463,0.15611715202365894,-0.35386458868630427,-0.29796702003040004
discharge,2010-09-30 11:50:17.687000,-1.0539982895601272,B0056,250,7312,07312.csv,1.1290590137779504,0.7548643354868463,0.5824913202917751,1.0089377046412924,110.0,0,-0.1961409039941202,0.46618049714997184,0.14617633655117152,0.7308752541044855,-0.030333213381682968,-0.08627810155643374,-0.3607300102650183,-0.33291059187480976
